sku,nombre,pendiente,url
AROD001,ARO DE LUZ LED Cuadrado MJ-88,Recuperar imagen original y completar ficha,https://conectatech-ec.github.io/productos/arod001-aro-de-luz-led-cuadrado-mj-88/
AUDI044,Audifonos Galaxy Buds PRO AKG,Recuperar imagen original y completar ficha,https://conectatech-ec.github.io/productos/audi044-audifonos-galaxy-buds-pro-akg/
AUDI125,Audifonos Inalambricos LMN-K5,Recuperar imagen original y completar ficha,https://conectatech-ec.github.io/productos/audi125-audifonos-inalambricos-lmn-k5/
AUDI115,Audifonos Inalambricos LMN-X02,Recuperar imagen original y completar ficha,https://conectatech-ec.github.io/productos/audi115-audifonos-inalambricos-lmn-x02/
CORR001,Correa Smartwatch Variadas,Recuperar imagen original y completar ficha,https://conectatech-ec.github.io/productos/corr001-correa-smartwatch-variadas/
LECT001,Lector DE Memorias Multiple Tipo Flash Varios Colores,Recuperar imagen original y completar ficha,https://conectatech-ec.github.io/productos/lect001-lector-de-memorias-multiple-tipo-flash-varios-colores/
REL069,Reloj Smartwatch Series 11 Mini,Recuperar imagen original y completar ficha,https://conectatech-ec.github.io/productos/rel069-reloj-smartwatch-series-11-mini/
TELF001,Telefono ZTE A56 PRO 128GB,Revisar foto externa y completar ficha,https://conectatech-ec.github.io/productos/telf001-telefono-zte-a56-pro-128gb/
ADAP054,Adaptador 1/4 Macho A 3.5MM Hembra Stereo Dorado,Recuperar imagen original y completar ficha,https://conectatech-ec.github.io/productos/adap054-adaptador-1-4-macho-a-3-5mm-hembra-stereo-dorado/
ADAP052,Adaptador 1/4 Macho A 3.5MM Hembra Stereo Negro,Recuperar imagen original y completar ficha,https://conectatech-ec.github.io/productos/adap052-adaptador-1-4-macho-a-3-5mm-hembra-stereo-negro/
ADAP004,Adaptador Europa - Latino Color Blanco,Recuperar imagen original y completar ficha,https://conectatech-ec.github.io/productos/adap004-adaptador-europa-latino-color-blanco/
ADAP005,Adaptador Europa - Latino Color Negro,Recuperar imagen original y completar ficha,https://conectatech-ec.github.io/productos/adap005-adaptador-europa-latino-color-negro/
ADAP034,Adaptador OTG Usb-c A Usb-a Hembra Orvesion,Recuperar imagen original y completar ficha,https://conectatech-ec.github.io/productos/adap034-adaptador-otg-usb-c-a-usb-a-hembra-orvesion/
CABL139,Cable IPH Usb-c A Usb-c 2M 240W,Recuperar imagen original y completar ficha,https://conectatech-ec.github.io/productos/cabl139-cable-iph-usb-c-a-usb-c-2m-240w/
CABL102,Cable Usb-a A Usb-c Klipxtreme 1.8M 30W Powergo 050,Recuperar imagen original y completar ficha,https://conectatech-ec.github.io/productos/cabl102-cable-usb-a-a-usb-c-klipxtreme-1-8m-30w-powergo-050/
CABL140,Cable Usb-a A Usb-c Reshurk 6A,Recuperar imagen original y completar ficha,https://conectatech-ec.github.io/productos/cabl140-cable-usb-a-a-usb-c-reshurk-6a/
CABL031,Cable Usb-c A Lightning 1M,Recuperar imagen original y completar ficha,https://conectatech-ec.github.io/productos/cabl031-cable-usb-c-a-lightning-1m/
CABL113,Cable Usb-c A Usb-c 1M 1HORA,Recuperar imagen original y completar ficha,https://conectatech-ec.github.io/productos/cabl113-cable-usb-c-a-usb-c-1m-1hora/
CARG037,Cargador 25W SAM CON Cable Usb-c A Usb-c,Recuperar imagen original y completar ficha,https://conectatech-ec.github.io/productos/carg037-cargador-25w-sam-con-cable-usb-c-a-usb-c/
CARG029,Cargador IPH 14PM 25W Usb-c A Lightning,Recuperar imagen original y completar ficha,https://conectatech-ec.github.io/productos/carg029-cargador-iph-14pm-25w-usb-c-a-lightning/
CARG018,Cargador Para Vehiculo 4 Puertos Usb-a Match,Recuperar imagen original y completar ficha,https://conectatech-ec.github.io/productos/carg018-cargador-para-vehiculo-4-puertos-usb-a-match/
COBE005,Cobertor - Estuche Airpods PRO 2,Recuperar imagen original y completar ficha,https://conectatech-ec.github.io/productos/cobe005-cobertor-estuche-airpods-pro-2/
COBE004,Cobertor - Estuche Airpods PRO 4,Recuperar imagen original y completar ficha,https://conectatech-ec.github.io/productos/cobe004-cobertor-estuche-airpods-pro-4/
ESTU010,Estuche IPH DE Silicon CON Magsafe Para Iphone Varios Modelos,Recuperar imagen original y completar ficha,https://conectatech-ec.github.io/productos/estu010-estuche-iph-de-silicon-con-magsafe-para-iphone-varios-modelos/
ESTU011,Estuche IPH DE Silicon Para Iphone,Recuperar imagen original y completar ficha,https://conectatech-ec.github.io/productos/estu011-estuche-iph-de-silicon-para-iphone/
ESTU056,Estuche Magsafe Para Iphone Tipo Silicon CON Fondo,Recuperar imagen original y completar ficha,https://conectatech-ec.github.io/productos/estu056-estuche-magsafe-para-iphone-tipo-silicon-con-fondo/
ESTU077,Estuche Para Iphone Creative Case,Recuperar imagen original y completar ficha,https://conectatech-ec.github.io/productos/estu077-estuche-para-iphone-creative-case/
ESTU069,Estuche Para Iphone Spigen Varios Modelos - Disenos,Recuperar imagen original y completar ficha,https://conectatech-ec.github.io/productos/estu069-estuche-para-iphone-spigen-varios-modelos-disenos/
ESTU048,Estuche Silicon Para Android,Recuperar imagen original y completar ficha,https://conectatech-ec.github.io/productos/estu048-estuche-silicon-para-android/
ESTU047,Estuche Silicon Para Iphone XR / 11,Recuperar imagen original y completar ficha,https://conectatech-ec.github.io/productos/estu047-estuche-silicon-para-iphone-xr-11/
ESTU050,Estuche Transparente Para Android,Recuperar imagen original y completar ficha,https://conectatech-ec.github.io/productos/estu050-estuche-transparente-para-android/
FOCO003,Focos Recargable Ashun,Recuperar imagen original y completar ficha,https://conectatech-ec.github.io/productos/foco003-focos-recargable-ashun/
GADG002,Gadget Llaveros Animados,Recuperar imagen original y completar ficha,https://conectatech-ec.github.io/productos/gadg002-gadget-llaveros-animados/
GADG003,Gadget Sobres Mario Sobresa,Recuperar imagen original y completar ficha,https://conectatech-ec.github.io/productos/gadg003-gadget-sobres-mario-sobresa/
JUGU043,Juguete Camioneta Combi Coleccionable Pequea,Recuperar imagen original y completar ficha,https://conectatech-ec.github.io/productos/jugu043-juguete-camioneta-combi-coleccionable-pequea/
JUGU039,Juguete Carrito Avengers Varios Modelos,Recuperar imagen original y completar ficha,https://conectatech-ec.github.io/productos/jugu039-juguete-carrito-avengers-varios-modelos/
JUGU080,Juguete Carrito Coleccionable F1,Recuperar imagen original y completar ficha,https://conectatech-ec.github.io/productos/jugu080-juguete-carrito-coleccionable-f1/
JUGU003,Juguete Carrito Mario Kart,Recuperar imagen original y completar ficha,https://conectatech-ec.github.io/productos/jugu003-juguete-carrito-mario-kart/
JUGU092,Juguete Carro Coleccionable Jeep Pequeo,Recuperar imagen original y completar ficha,https://conectatech-ec.github.io/productos/jugu092-juguete-carro-coleccionable-jeep-pequeo/
JUGU034,Juguete Carro DE Coleccion Pichirilo CON Rayas Pequeo,Recuperar imagen original y completar ficha,https://conectatech-ec.github.io/productos/jugu034-juguete-carro-de-coleccion-pichirilo-con-rayas-pequeo/
JUGU054,Juguete Motos Pequeas HOT Wheel Coleccionables Metal,Recuperar imagen original y completar ficha,https://conectatech-ec.github.io/productos/jugu054-juguete-motos-pequeas-hot-wheel-coleccionables-metal/
JUGU029,Juguete Personajes Animados POP,Recuperar imagen original y completar ficha,https://conectatech-ec.github.io/productos/jugu029-juguete-personajes-animados-pop/
MICA016,Mica Antiespia Para Android,Recuperar imagen original y completar ficha,https://conectatech-ec.github.io/productos/mica016-mica-antiespia-para-android/
MICA013,Mica Antiespia Para Iphone Dino,Recuperar imagen original y completar ficha,https://conectatech-ec.github.io/productos/mica013-mica-antiespia-para-iphone-dino/
MICA001,Mica Antiespia Para Iphone Privacy,Recuperar imagen original y completar ficha,https://conectatech-ec.github.io/productos/mica001-mica-antiespia-para-iphone-privacy/
MICA003,Mica Antihuellas Para Android,Recuperar imagen original y completar ficha,https://conectatech-ec.github.io/productos/mica003-mica-antihuellas-para-android/
MICA002,Mica Antihuellas Para Iphone,Recuperar imagen original y completar ficha,https://conectatech-ec.github.io/productos/mica002-mica-antihuellas-para-iphone/
MICA004,Mica Curva Android,Recuperar imagen original y completar ficha,https://conectatech-ec.github.io/productos/mica004-mica-curva-android/
MICA006,Mica HD Para Android,Recuperar imagen original y completar ficha,https://conectatech-ec.github.io/productos/mica006-mica-hd-para-android/
MICA005,Mica HD Para Iphone,Recuperar imagen original y completar ficha,https://conectatech-ec.github.io/productos/mica005-mica-hd-para-iphone/
MICA012,"Mica Para Iphone Resistente Antiespia, Antihuella, Anti Estatica, Anti Reflejos.",Recuperar imagen original y completar ficha,https://conectatech-ec.github.io/productos/mica012-mica-para-iphone-resistente-antiespia-antihuella-anti-estatica-anti-reflejos/
MICA009,Mica Para Iphone Serie 16 Spigen,Recuperar imagen original y completar ficha,https://conectatech-ec.github.io/productos/mica009-mica-para-iphone-serie-16-spigen/
MOUS029,Mousepad Cuadrado Esencial,Recuperar imagen original y completar ficha,https://conectatech-ec.github.io/productos/mous029-mousepad-cuadrado-esencial/
PAD001,PAD Almohadilla DE GEL Para Teclados,Recuperar imagen original y completar ficha,https://conectatech-ec.github.io/productos/pad001-pad-almohadilla-de-gel-para-teclados/
PILA049,Pila 1616 Suncom,Recuperar imagen original y completar ficha,https://conectatech-ec.github.io/productos/pila049-pila-1616-suncom/
PILA075,Pila 1620 Suncom,Recuperar imagen original y completar ficha,https://conectatech-ec.github.io/productos/pila075-pila-1620-suncom/
PILA055,Pila 1625 Tianqui,Recuperar imagen original y completar ficha,https://conectatech-ec.github.io/productos/pila055-pila-1625-tianqui/
PILA048,Pila 1632 Suncom,Recuperar imagen original y completar ficha,https://conectatech-ec.github.io/productos/pila048-pila-1632-suncom/
PILA042,Pila 192 392 LR41 Maxday,Recuperar imagen original y completar ficha,https://conectatech-ec.github.io/productos/pila042-pila-192-392-lr41-maxday/
PILA040,Pila 192 392 LR41 Murata,Recuperar imagen original y completar ficha,https://conectatech-ec.github.io/productos/pila040-pila-192-392-lr41-murata/
PILA010,Pila 2016 Sony,Recuperar imagen original y completar ficha,https://conectatech-ec.github.io/productos/pila010-pila-2016-sony/
PILA011,Pila 2025 Sony,Recuperar imagen original y completar ficha,https://conectatech-ec.github.io/productos/pila011-pila-2025-sony/
PILA013,Pila 2032 RCA,Recuperar imagen original y completar ficha,https://conectatech-ec.github.io/productos/pila013-pila-2032-rca/
PILA072,Pila 23A Soeiniy,Recuperar imagen original y completar ficha,https://conectatech-ec.github.io/productos/pila072-pila-23a-soeiniy/
PILA054,Pila 2430 Murata,Recuperar imagen original y completar ficha,https://conectatech-ec.github.io/productos/pila054-pila-2430-murata/
PILA074,Pila 27A GP,Recuperar imagen original y completar ficha,https://conectatech-ec.github.io/productos/pila074-pila-27a-gp/
PILA071,Pila 27A Soeiniy,Recuperar imagen original y completar ficha,https://conectatech-ec.github.io/productos/pila071-pila-27a-soeiniy/
PILA033,Pila 357 LR44 AG13 Pikcell,Recuperar imagen original y completar ficha,https://conectatech-ec.github.io/productos/pila033-pila-357-lr44-ag13-pikcell/
PILA060,Pila 362 - AG11 Maxday,Recuperar imagen original y completar ficha,https://conectatech-ec.github.io/productos/pila060-pila-362-ag11-maxday/
PILA017,Pila 364 Suncom,Recuperar imagen original y completar ficha,https://conectatech-ec.github.io/productos/pila017-pila-364-suncom/
PILA019,Pila 371 Maxday,Recuperar imagen original y completar ficha,https://conectatech-ec.github.io/productos/pila019-pila-371-maxday/
PILA021,Pila 377 AG4 Maxday,Recuperar imagen original y completar ficha,https://conectatech-ec.github.io/productos/pila021-pila-377-ag4-maxday/
PILA022,Pila 377 Suncom,Recuperar imagen original y completar ficha,https://conectatech-ec.github.io/productos/pila022-pila-377-suncom/
PILA052,Pila 379 AG0 Maxday,Recuperar imagen original y completar ficha,https://conectatech-ec.github.io/productos/pila052-pila-379-ag0-maxday/
PILA062,Pila 386 - AG12 Maxday,Recuperar imagen original y completar ficha,https://conectatech-ec.github.io/productos/pila062-pila-386-ag12-maxday/
PILA038,Pila 389 - 189 - LR1130 - AG10 Maxday,Recuperar imagen original y completar ficha,https://conectatech-ec.github.io/productos/pila038-pila-389-189-lr1130-ag10-maxday/
PILA036,Pila 389 - 189 - LR1130 - AG10 T&E,Recuperar imagen original y completar ficha,https://conectatech-ec.github.io/productos/pila036-pila-389-189-lr1130-ag10-t-e/
PILA037,Pila 389 - 189 - LR1130 - AG10SUNCOM,Recuperar imagen original y completar ficha,https://conectatech-ec.github.io/productos/pila037-pila-389-189-lr1130-ag10suncom/
PILA059,Pila 391 - AG8 Maxday,Recuperar imagen original y completar ficha,https://conectatech-ec.github.io/productos/pila059-pila-391-ag8-maxday/
PILA057,Pila 393- 193 - AG5 Maxday,Recuperar imagen original y completar ficha,https://conectatech-ec.github.io/productos/pila057-pila-393-193-ag5-maxday/
PILA056,Pila 396 - 397 - AG2 Maxday,Recuperar imagen original y completar ficha,https://conectatech-ec.github.io/productos/pila056-pila-396-397-ag2-maxday/
PILA050,Pila AA RCA Pack 2,Recuperar imagen original y completar ficha,https://conectatech-ec.github.io/productos/pila050-pila-aa-rca-pack-2/
PILA069,Pila AA Sony Pack DE 4,Recuperar imagen original y completar ficha,https://conectatech-ec.github.io/productos/pila069-pila-aa-sony-pack-de-4/
PILA027,Pila AAA RCA Pack DE 2,Recuperar imagen original y completar ficha,https://conectatech-ec.github.io/productos/pila027-pila-aaa-rca-pack-de-2/
PILA026,Pila AAA RCA Pack DE 4,Recuperar imagen original y completar ficha,https://conectatech-ec.github.io/productos/pila026-pila-aaa-rca-pack-de-4/
PROT001,Protector DE Camara Para Iphone Y Android,Recuperar imagen original y completar ficha,https://conectatech-ec.github.io/productos/prot001-protector-de-camara-para-iphone-y-android/
PROT003,Protectores DE Silicon Animados Para Cables,Recuperar imagen original y completar ficha,https://conectatech-ec.github.io/productos/prot003-protectores-de-silicon-animados-para-cables/
REL043,Reloj Animados Para Ninos Digital Y Analogico,Recuperar imagen original y completar ficha,https://conectatech-ec.github.io/productos/rel043-reloj-animados-para-ninos-digital-y-analogico/
REL032,Reloj Para Animados Nios Tapa Giratoria,Recuperar imagen original y completar ficha,https://conectatech-ec.github.io/productos/rel032-reloj-para-animados-nios-tapa-giratoria/
REL046,Reloj Smarwatch Infinix H4,Recuperar imagen original y completar ficha,https://conectatech-ec.github.io/productos/rel046-reloj-smarwatch-infinix-h4/
SOPO023,Soporte DE Celular Modelo T8-04,Recuperar imagen original y completar ficha,https://conectatech-ec.github.io/productos/sopo023-soporte-de-celular-modelo-t8-04/
STYL005,Stylus PEN Universal,Recuperar imagen original y completar ficha,https://conectatech-ec.github.io/productos/styl005-stylus-pen-universal/
TRIP026,Tripode Selfie N08S,Recuperar imagen original y completar ficha,https://conectatech-ec.github.io/productos/trip026-tripode-selfie-n08s/
ADAP028,Adaptador Bluetooth Dongle HJX-001 Usb-a Tipo Flash,Recuperar imagen original y completar ficha,https://conectatech-ec.github.io/productos/adap028-adaptador-bluetooth-dongle-hjx-001-usb-a-tipo-flash/
ADAP031,Adaptador Divisor Microfono-audifonos Besser Sound,Recuperar imagen original y completar ficha,https://conectatech-ec.github.io/productos/adap031-adaptador-divisor-microfono-audifonos-besser-sound/
ADAP030,Adaptador Divisor Microfono-audifonos Blanco,Recuperar imagen original y completar ficha,https://conectatech-ec.github.io/productos/adap030-adaptador-divisor-microfono-audifonos-blanco/
ADAP049,Adaptador Tarjeta DE Sonido Usb-a A Microfono+audifonos,Recuperar imagen original y completar ficha,https://conectatech-ec.github.io/productos/adap049-adaptador-tarjeta-de-sonido-usb-a-a-microfono-audifonos/
ADAP051,Adaptador Tarjeta DE Sonido Usb-c A Microfono+audifonos,Recuperar imagen original y completar ficha,https://conectatech-ec.github.io/productos/adap051-adaptador-tarjeta-de-sonido-usb-c-a-microfono-audifonos/
AUDI123,Airpods PRO 3 CON AI,Recuperar imagen original y completar ficha,https://conectatech-ec.github.io/productos/audi123-airpods-pro-3-con-ai/
ANTE002,Antena Digital Hdtv 3.5DBI SG-3002,Recuperar imagen original y completar ficha,https://conectatech-ec.github.io/productos/ante002-antena-digital-hdtv-3-5dbi-sg-3002/
ANTE001,Antena Jupiter Para TV,Recuperar imagen original y completar ficha,https://conectatech-ec.github.io/productos/ante001-antena-jupiter-para-tv/
AUDI002,Audifonos AKG 3.5MM,Recuperar imagen original y completar ficha,https://conectatech-ec.github.io/productos/audi002-audifonos-akg-3-5mm/
AUDI003,Audifonos AKG Usb-c,Recuperar imagen original y completar ficha,https://conectatech-ec.github.io/productos/audi003-audifonos-akg-usb-c/
AUDI094,Audifonos Airpods 3 3ERA,Recuperar imagen original y completar ficha,https://conectatech-ec.github.io/productos/audi094-audifonos-airpods-3-3era/
AUDI001,Audifonos Airpods PRO 2 ANC,Recuperar imagen original y completar ficha,https://conectatech-ec.github.io/productos/audi001-audifonos-airpods-pro-2-anc/
AUDI004,Audifonos Alambricos Basicos Esencial,Recuperar imagen original y completar ficha,https://conectatech-ec.github.io/productos/audi004-audifonos-alambricos-basicos-esencial/
AUDI008,Audifonos Alambricos Earpods Lightning,Recuperar imagen original y completar ficha,https://conectatech-ec.github.io/productos/audi008-audifonos-alambricos-earpods-lightning/
AUDI009,Audifonos Alambricos Earpods Tipo Usb-c,Recuperar imagen original y completar ficha,https://conectatech-ec.github.io/productos/audi009-audifonos-alambricos-earpods-tipo-usb-c/
AUDI097,Audifonos Alambricos Tune 310C,Recuperar imagen original y completar ficha,https://conectatech-ec.github.io/productos/audi097-audifonos-alambricos-tune-310c/
AUDI045,Audifonos Cuello Modelo WX7,Recuperar imagen original y completar ficha,https://conectatech-ec.github.io/productos/audi045-audifonos-cuello-modelo-wx7/
AUDI120,Audifonos DE Diadema 3.5MM Xtech XTH356 Avid,Recuperar imagen original y completar ficha,https://conectatech-ec.github.io/productos/audi120-audifonos-de-diadema-3-5mm-xtech-xth356-avid/
AUDI039,Audifonos DE Diadema Animados Para Ninos,Recuperar imagen original y completar ficha,https://conectatech-ec.github.io/productos/audi039-audifonos-de-diadema-animados-para-ninos/
AUDI046,Audifonos DE Diadema Animados Para Nios BIG Mario,Recuperar imagen original y completar ficha,https://conectatech-ec.github.io/productos/audi046-audifonos-de-diadema-animados-para-nios-big-mario/
AUDI117,Audifonos DE Diadema CON Microfono Xtech XTH564 3.5MM,Recuperar imagen original y completar ficha,https://conectatech-ec.github.io/productos/audi117-audifonos-de-diadema-con-microfono-xtech-xth564-3-5mm/
AUDI038,Audifonos DE Diadema Cascos Quitcomfort Ultra Noise Cancelling,Recuperar imagen original y completar ficha,https://conectatech-ec.github.io/productos/audi038-audifonos-de-diadema-cascos-quitcomfort-ultra-noise-cancelling/
AUDI116,Audifonos DE Diadema Coon Microfono Usb-c Xtech XTH-245,Recuperar imagen original y completar ficha,https://conectatech-ec.github.io/productos/audi116-audifonos-de-diadema-coon-microfono-usb-c-xtech-xth-245/
AUDI012,Audifonos DE Diadema Gamer Komc G306,Recuperar imagen original y completar ficha,https://conectatech-ec.github.io/productos/audi012-audifonos-de-diadema-gamer-komc-g306/
AUDI076,Audifonos DE Diadema Gaming 5RCA553,Recuperar imagen original y completar ficha,https://conectatech-ec.github.io/productos/audi076-audifonos-de-diadema-gaming-5rca553/
AUDI108,Audifonos DE Diadema Klipxtreme Duovox KCH-915,Recuperar imagen original y completar ficha,https://conectatech-ec.github.io/productos/audi108-audifonos-de-diadema-klipxtreme-duovox-kch-915/
AUDI091,Audifonos DE Diadema Klipxtreme Escape,Recuperar imagen original y completar ficha,https://conectatech-ec.github.io/productos/audi091-audifonos-de-diadema-klipxtreme-escape/
AUDI107,Audifonos DE Diadema Klipxtreme Hi-fi KNH-750GR,Recuperar imagen original y completar ficha,https://conectatech-ec.github.io/productos/audi107-audifonos-de-diadema-klipxtreme-hi-fi-knh-750gr/
AUDI085,Audifonos DE Diadema Klipxtreme KSH-290 Sekual,Recuperar imagen original y completar ficha,https://conectatech-ec.github.io/productos/audi085-audifonos-de-diadema-klipxtreme-ksh-290-sekual/
AUDI090,Audifonos DE Diadema Klipxtreme Style,Recuperar imagen original y completar ficha,https://conectatech-ec.github.io/productos/audi090-audifonos-de-diadema-klipxtreme-style/
AUDI119,Audifonos DE Diadema Logitech H390 Usb-c,Recuperar imagen original y completar ficha,https://conectatech-ec.github.io/productos/audi119-audifonos-de-diadema-logitech-h390-usb-c/
AUDI104,Audifonos DE Diadema Mono Klipxtreme Voxcom KCH-750,Recuperar imagen original y completar ficha,https://conectatech-ec.github.io/productos/audi104-audifonos-de-diadema-mono-klipxtreme-voxcom-kch-750/
AUDI081,Audifonos DE Diadema Para PC Klipxtreme Klearcom,Recuperar imagen original y completar ficha,https://conectatech-ec.github.io/productos/audi081-audifonos-de-diadema-para-pc-klipxtreme-klearcom/
AUDI096,Audifonos DE Diadema Para Pc-laptops SY440MV,Recuperar imagen original y completar ficha,https://conectatech-ec.github.io/productos/audi096-audifonos-de-diadema-para-pc-laptops-sy440mv/
AUDI037,Audifonos DE Diadema Quietcomfort 45 II,Recuperar imagen original y completar ficha,https://conectatech-ec.github.io/productos/audi037-audifonos-de-diadema-quietcomfort-45-ii/
AUDI114,Audifonos DE Diadema Riversong Rhythm L9,Recuperar imagen original y completar ficha,https://conectatech-ec.github.io/productos/audi114-audifonos-de-diadema-riversong-rhythm-l9/
AUDI064,Audifonos DE Diadema Soundgear Sense Deportivos,Recuperar imagen original y completar ficha,https://conectatech-ec.github.io/productos/audi064-audifonos-de-diadema-soundgear-sense-deportivos/
AUDI047,Audifonos DE Diadema Tune 760,Recuperar imagen original y completar ficha,https://conectatech-ec.github.io/productos/audi047-audifonos-de-diadema-tune-760/
AUDI089,Audifonos DE Diadema Tune A16,Recuperar imagen original y completar ficha,https://conectatech-ec.github.io/productos/audi089-audifonos-de-diadema-tune-a16/
AUDI016,Audifonos DE Diadema Tune A6,Recuperar imagen original y completar ficha,https://conectatech-ec.github.io/productos/audi016-audifonos-de-diadema-tune-a6/
AUDI100,Audifonos DE Diadema ULT Powersound,Recuperar imagen original y completar ficha,https://conectatech-ec.github.io/productos/audi100-audifonos-de-diadema-ult-powersound/
AUDI080,Audifonos DE Diadema Xtech Spiderman,Recuperar imagen original y completar ficha,https://conectatech-ec.github.io/productos/audi080-audifonos-de-diadema-xtech-spiderman/
AUDI072,Audifonos DE Diadema Xtrike-me GH-512W,Recuperar imagen original y completar ficha,https://conectatech-ec.github.io/productos/audi072-audifonos-de-diadema-xtrike-me-gh-512w/
AUDI057,Audifonos Deportivos OWS-03,Recuperar imagen original y completar ficha,https://conectatech-ec.github.io/productos/audi057-audifonos-deportivos-ows-03/
AUDI095,Audifonos Deportivos Thinkplus X15PRO,Recuperar imagen original y completar ficha,https://conectatech-ec.github.io/productos/audi095-audifonos-deportivos-thinkplus-x15pro/
AUDI005,Audifonos Diadema Airpods MAX,Recuperar imagen original y completar ficha,https://conectatech-ec.github.io/productos/audi005-audifonos-diadema-airpods-max/
AUDI007,Audifonos Diadema PRO Studio,Recuperar imagen original y completar ficha,https://conectatech-ec.github.io/productos/audi007-audifonos-diadema-pro-studio/
AUDI101,Audifonos Galaxy Buds 5 PRO,Recuperar imagen original y completar ficha,https://conectatech-ec.github.io/productos/audi101-audifonos-galaxy-buds-5-pro/
AUDI053,Audifonos Galaxy Buds PRO 6,Recuperar imagen original y completar ficha,https://conectatech-ec.github.io/productos/audi053-audifonos-galaxy-buds-pro-6/
AUDI082,Audifonos Galaxy Buds PRO 9,Recuperar imagen original y completar ficha,https://conectatech-ec.github.io/productos/audi082-audifonos-galaxy-buds-pro-9/
AUDI049,Audifonos Gamer HP DHE8001U,Recuperar imagen original y completar ficha,https://conectatech-ec.github.io/productos/audi049-audifonos-gamer-hp-dhe8001u/
AUDI106,Audifonos Gaming JBL Quantum 650 Wireless,Recuperar imagen original y completar ficha,https://conectatech-ec.github.io/productos/audi106-audifonos-gaming-jbl-quantum-650-wireless/
AUDI088,Audifonos Inalambricos 1HORA,Recuperar imagen original y completar ficha,https://conectatech-ec.github.io/productos/audi088-audifonos-inalambricos-1hora/
AUDI042,Audifonos Inalambricos Airpods 4 4TA,Recuperar imagen original y completar ficha,https://conectatech-ec.github.io/productos/audi042-audifonos-inalambricos-airpods-4-4ta/
AUDI061,Audifonos Inalambricos Airpods 4 ANC 4TA,Recuperar imagen original y completar ficha,https://conectatech-ec.github.io/productos/audi061-audifonos-inalambricos-airpods-4-anc-4ta/
AUDI069,Audifonos Inalambricos Airpods Animados,Recuperar imagen original y completar ficha,https://conectatech-ec.github.io/productos/audi069-audifonos-inalambricos-airpods-animados/
AUDI063,Audifonos Inalambricos Airpods PRO 2 Anc-enc CON Pantalla,Recuperar imagen original y completar ficha,https://conectatech-ec.github.io/productos/audi063-audifonos-inalambricos-airpods-pro-2-anc-enc-con-pantalla/
AUDI062,Audifonos Inalambricos Airpods XFT-01,Recuperar imagen original y completar ficha,https://conectatech-ec.github.io/productos/audi062-audifonos-inalambricos-airpods-xft-01/
AUDI099,Audifonos Inalambricos Blackshark T13 ANC,Recuperar imagen original y completar ficha,https://conectatech-ec.github.io/productos/audi099-audifonos-inalambricos-blackshark-t13-anc/
AUDI083,Audifonos Inalambricos Deportivos Linkbuds FIT,Recuperar imagen original y completar ficha,https://conectatech-ec.github.io/productos/audi083-audifonos-inalambricos-deportivos-linkbuds-fit/
AUDI015,Audifonos Inalambricos Face Change G05D,Recuperar imagen original y completar ficha,https://conectatech-ec.github.io/productos/audi015-audifonos-inalambricos-face-change-g05d/
AUDI073,Audifonos Inalambricos Galaxy Buds 6 PRO,Recuperar imagen original y completar ficha,https://conectatech-ec.github.io/productos/audi073-audifonos-inalambricos-galaxy-buds-6-pro/
AUDI041,Audifonos Inalambricos Havit TW969 Lite,Recuperar imagen original y completar ficha,https://conectatech-ec.github.io/productos/audi041-audifonos-inalambricos-havit-tw969-lite/
AUDI086,Audifonos Inalambricos Klipxtreme KTE-015PR,Recuperar imagen original y completar ficha,https://conectatech-ec.github.io/productos/audi086-audifonos-inalambricos-klipxtreme-kte-015pr/
AUDI034,Audifonos Inalambricos Monster Airmars XKT01,Recuperar imagen original y completar ficha,https://conectatech-ec.github.io/productos/audi034-audifonos-inalambricos-monster-airmars-xkt01/
AUDI028,Audifonos Inalambricos Monster N-lite 203,Recuperar imagen original y completar ficha,https://conectatech-ec.github.io/productos/audi028-audifonos-inalambricos-monster-n-lite-203/
AUDI118,Audifonos Inalambricos Primus Arcus 300S,Recuperar imagen original y completar ficha,https://conectatech-ec.github.io/productos/audi118-audifonos-inalambricos-primus-arcus-300s/
AUDI067,Audifonos Inalambricos Riversong Airfly L1,Recuperar imagen original y completar ficha,https://conectatech-ec.github.io/productos/audi067-audifonos-inalambricos-riversong-airfly-l1/
AUDI066,Audifonos Inalambricos Saiva SY-MT1 Metal,Recuperar imagen original y completar ficha,https://conectatech-ec.github.io/productos/audi066-audifonos-inalambricos-saiva-sy-mt1-metal/
AUDI122,Audifonos Inalambricos Saiva YB4,Recuperar imagen original y completar ficha,https://conectatech-ec.github.io/productos/audi122-audifonos-inalambricos-saiva-yb4/
AUDI017,Audifonos Inalambricos Signature,Recuperar imagen original y completar ficha,https://conectatech-ec.github.io/productos/audi017-audifonos-inalambricos-signature/
AUDI074,Audifonos Inalambricos Starwars Primus,Recuperar imagen original y completar ficha,https://conectatech-ec.github.io/productos/audi074-audifonos-inalambricos-starwars-primus/
AUDI020,Audifonos Inalambricos TUNE230NC,Recuperar imagen original y completar ficha,https://conectatech-ec.github.io/productos/audi020-audifonos-inalambricos-tune230nc/
AUDI025,Audifonos Inalambricos Thinkplus X15II,Recuperar imagen original y completar ficha,https://conectatech-ec.github.io/productos/audi025-audifonos-inalambricos-thinkplus-x15ii/
AUDI065,Audifonos Inalambricos Tune 220,Recuperar imagen original y completar ficha,https://conectatech-ec.github.io/productos/audi065-audifonos-inalambricos-tune-220/
AUDI098,Audifonos Inalambricos Tune Beam 150,Recuperar imagen original y completar ficha,https://conectatech-ec.github.io/productos/audi098-audifonos-inalambricos-tune-beam-150/
AUDI018,Audifonos Inalambricos Tune Flex,Recuperar imagen original y completar ficha,https://conectatech-ec.github.io/productos/audi018-audifonos-inalambricos-tune-flex/
AUDI026,Audifonos Inalambricosthinkplus LP1S,Recuperar imagen original y completar ficha,https://conectatech-ec.github.io/productos/audi026-audifonos-inalambricosthinkplus-lp1s/
AUDI124,Audifonos Inalmabricos LMN-K21,Recuperar imagen original y completar ficha,https://conectatech-ec.github.io/productos/audi124-audifonos-inalmabricos-lmn-k21/
AUDI103,Audifonos JBL Endurance Pace,Recuperar imagen original y completar ficha,https://conectatech-ec.github.io/productos/audi103-audifonos-jbl-endurance-pace/
AUDI093,Audifonos Klipxtreme Open AIR Conduccion Osea,Recuperar imagen original y completar ficha,https://conectatech-ec.github.io/productos/audi093-audifonos-klipxtreme-open-air-conduccion-osea/
AUDI113,Audifonos Klipxtreme Openbuds KOE-250BK,Recuperar imagen original y completar ficha,https://conectatech-ec.github.io/productos/audi113-audifonos-klipxtreme-openbuds-koe-250bk/
AUDI055,Audifonos Redmi Buds 6 Play,Recuperar imagen original y completar ficha,https://conectatech-ec.github.io/productos/audi055-audifonos-redmi-buds-6-play/
AUDI110,Audifonos Tipo Arete HT-10,Recuperar imagen original y completar ficha,https://conectatech-ec.github.io/productos/audi110-audifonos-tipo-arete-ht-10/
AUDI036,Audifonos Ultra Open Earbuds,Recuperar imagen original y completar ficha,https://conectatech-ec.github.io/productos/audi036-audifonos-ultra-open-earbuds/
CABL132,Cable Adaptador Divisor Microfono-audifono 3.5MM Hembra A Doble 3.5MM Macho Rojo,Recuperar imagen original y completar ficha,https://conectatech-ec.github.io/productos/cabl132-cable-adaptador-divisor-microfono-audifono-3-5mm-hembra-a-doble-3-5mm-macho-ro/
CABL070,Cable DE Disco Duro Usb-a A USB 3.0 Micro-b,Recuperar imagen original y completar ficha,https://conectatech-ec.github.io/productos/cabl070-cable-de-disco-duro-usb-a-a-usb-3-0-micro-b/
CABL161,Cable Hdmi + Micro + Mini Adaptadores Hdtv 3 EN 1,Recuperar imagen original y completar ficha,https://conectatech-ec.github.io/productos/cabl161-cable-hdmi-micro-mini-adaptadores-hdtv-3-en-1/
CABL012,Cable Para Router DE 5V A 12V 2AMP,Recuperar imagen original y completar ficha,https://conectatech-ec.github.io/productos/cabl012-cable-para-router-de-5v-a-12v-2amp/
CAPT003,Capturadora DE Video Hdtv 4K 3.0 Hdmi Input + Output,Recuperar imagen original y completar ficha,https://conectatech-ec.github.io/productos/capt003-capturadora-de-video-hdtv-4k-3-0-hdmi-input-output/
CAPT004,Capturadora DE Video Hdtv Tipo Flashmemory,Recuperar imagen original y completar ficha,https://conectatech-ec.github.io/productos/capt004-capturadora-de-video-hdtv-tipo-flashmemory/
CARG066,Cargador Para Smartwatch DE Pines,Recuperar imagen original y completar ficha,https://conectatech-ec.github.io/productos/carg066-cargador-para-smartwatch-de-pines/
CARG061,Cargador Smartwatch Infinix H4,Recuperar imagen original y completar ficha,https://conectatech-ec.github.io/productos/carg061-cargador-smartwatch-infinix-h4/
CASE003,Case Disco Duro 2.5 Altek Plastico,Recuperar imagen original y completar ficha,https://conectatech-ec.github.io/productos/case003-case-disco-duro-2-5-altek-plastico/
CASE002,Case Para Disco NV2 Y NV3,Recuperar imagen original y completar ficha,https://conectatech-ec.github.io/productos/case002-case-para-disco-nv2-y-nv3/
CONT001,Control TV + Tvbox + PC CON Teclado Iluminado,Recuperar imagen original y completar ficha,https://conectatech-ec.github.io/productos/cont001-control-tv-tvbox-pc-con-teclado-iluminado/
CONT004,Control TV + Tvbox + PC Negro CON Teclado,Recuperar imagen original y completar ficha,https://conectatech-ec.github.io/productos/cont004-control-tv-tvbox-pc-negro-con-teclado/
CORR009,Correa Para Smartwatch Lisa,Recuperar imagen original y completar ficha,https://conectatech-ec.github.io/productos/corr009-correa-para-smartwatch-lisa/
CORR003,Correa Smartwatch Blanca CON Bordes Rosados,Recuperar imagen original y completar ficha,https://conectatech-ec.github.io/productos/corr003-correa-smartwatch-blanca-con-bordes-rosados/
CORR004,Correa Smartwatch CON Huecos,Recuperar imagen original y completar ficha,https://conectatech-ec.github.io/productos/corr004-correa-smartwatch-con-huecos/
CORR005,Correa Smartwatch Infinix H4,Recuperar imagen original y completar ficha,https://conectatech-ec.github.io/productos/corr005-correa-smartwatch-infinix-h4/
CORR006,Correa Smartwatch Mario-luigi,Recuperar imagen original y completar ficha,https://conectatech-ec.github.io/productos/corr006-correa-smartwatch-mario-luigi/
CORR008,Correa Smartwatch Verde,Recuperar imagen original y completar ficha,https://conectatech-ec.github.io/productos/corr008-correa-smartwatch-verde/
DISC005,Disco Duro Externo Adata 1TB Antishock,Recuperar imagen original y completar ficha,https://conectatech-ec.github.io/productos/disc005-disco-duro-externo-adata-1tb-antishock/
DISC003,Disco Duro Externo Adata 2TB Antishock,Recuperar imagen original y completar ficha,https://conectatech-ec.github.io/productos/disc003-disco-duro-externo-adata-2tb-antishock/
DISC009,Disco Duro Externo Western Digital 1TB WD Elements,Recuperar imagen original y completar ficha,https://conectatech-ec.github.io/productos/disc009-disco-duro-externo-western-digital-1tb-wd-elements/
DISC004,Disco Solido Externo SSD Adata 500GB,Recuperar imagen original y completar ficha,https://conectatech-ec.github.io/productos/disc004-disco-solido-externo-ssd-adata-500gb/
TVBO010,Fire TV Stick Amazon 4K 8GB Wifi 6,Recuperar imagen original y completar ficha,https://conectatech-ec.github.io/productos/tvbo010-fire-tv-stick-amazon-4k-8gb-wifi-6/
TVBO007,Fire TV Stick Amazon 4K MAX 16GB Wifi 6E,Recuperar imagen original y completar ficha,https://conectatech-ec.github.io/productos/tvbo007-fire-tv-stick-amazon-4k-max-16gb-wifi-6e/
FLAS005,Flash Memory 128GB 2.0 Kingston Tipo Llavero,Recuperar imagen original y completar ficha,https://conectatech-ec.github.io/productos/flas005-flash-memory-128gb-2-0-kingston-tipo-llavero/
FLAS035,Flash Memory 128GB Kingston Exodia 3.2,Recuperar imagen original y completar ficha,https://conectatech-ec.github.io/productos/flas035-flash-memory-128gb-kingston-exodia-3-2/
FLAS038,Flash Memory 128GB Sandisk 3.2 100MB,Recuperar imagen original y completar ficha,https://conectatech-ec.github.io/productos/flas038-flash-memory-128gb-sandisk-3-2-100mb/
FLAS031,Flash Memory 128GB Sandisk Corta,Recuperar imagen original y completar ficha,https://conectatech-ec.github.io/productos/flas031-flash-memory-128gb-sandisk-corta/
FLAS013,Flash Memory 128GB Steren Usb-c + Usb-a,Recuperar imagen original y completar ficha,https://conectatech-ec.github.io/productos/flas013-flash-memory-128gb-steren-usb-c-usb-a/
FLAS037,Flash Memory 16GB Sandisk 16GB 2.0,Recuperar imagen original y completar ficha,https://conectatech-ec.github.io/productos/flas037-flash-memory-16gb-sandisk-16gb-2-0/
FLAS014,Flash Memory 256GB Steren Usb-c + Usb-a,Recuperar imagen original y completar ficha,https://conectatech-ec.github.io/productos/flas014-flash-memory-256gb-steren-usb-c-usb-a/
FLAS004,Flash Memory 32GB 2.0 Kingston Tipo Llavero,Recuperar imagen original y completar ficha,https://conectatech-ec.github.io/productos/flas004-flash-memory-32gb-2-0-kingston-tipo-llavero/
FLAS016,Flash Memory 32GB Kingston 2.0 3.0 3.1,Recuperar imagen original y completar ficha,https://conectatech-ec.github.io/productos/flas016-flash-memory-32gb-kingston-2-0-3-0-3-1/
FLAS021,Flash Memory 32GB Monster,Recuperar imagen original y completar ficha,https://conectatech-ec.github.io/productos/flas021-flash-memory-32gb-monster/
FLAS034,Flash Memory 32GB Sandisk,Recuperar imagen original y completar ficha,https://conectatech-ec.github.io/productos/flas034-flash-memory-32gb-sandisk/
FLAS017,Flash Memory 32GB Steren 32GB Usb-c + Usb-a,Recuperar imagen original y completar ficha,https://conectatech-ec.github.io/productos/flas017-flash-memory-32gb-steren-32gb-usb-c-usb-a/
FLAS027,Flash Memory 512GB Kingston 220MB/S,Recuperar imagen original y completar ficha,https://conectatech-ec.github.io/productos/flas027-flash-memory-512gb-kingston-220mb-s/
FLAS003,Flash Memory 64GB 2.0 Kingston Tipo Llavero,Recuperar imagen original y completar ficha,https://conectatech-ec.github.io/productos/flas003-flash-memory-64gb-2-0-kingston-tipo-llavero/
FLAS023,Flash Memory 64GB ENV,Recuperar imagen original y completar ficha,https://conectatech-ec.github.io/productos/flas023-flash-memory-64gb-env/
FLAS009,Flash Memory 64GB HP V222W,Recuperar imagen original y completar ficha,https://conectatech-ec.github.io/productos/flas009-flash-memory-64gb-hp-v222w/
FLAS032,Flash Memory 64GB Kingston Morada,Recuperar imagen original y completar ficha,https://conectatech-ec.github.io/productos/flas032-flash-memory-64gb-kingston-morada/
FLAS008,Flash Memory 64GB Kingston Usb-c 3.2,Recuperar imagen original y completar ficha,https://conectatech-ec.github.io/productos/flas008-flash-memory-64gb-kingston-usb-c-3-2/
FLAS022,Flash Memory 64GB Monster,Recuperar imagen original y completar ficha,https://conectatech-ec.github.io/productos/flas022-flash-memory-64gb-monster/
FLAS036,Flash Memory 64GB Sandisk 3.2 GEN 1 100MB,Recuperar imagen original y completar ficha,https://conectatech-ec.github.io/productos/flas036-flash-memory-64gb-sandisk-3-2-gen-1-100mb/
FLAS033,Flash Memory 64GB Steren Usb-c + Usb-a,Recuperar imagen original y completar ficha,https://conectatech-ec.github.io/productos/flas033-flash-memory-64gb-steren-usb-c-usb-a/
FLAS024,Flash Memory 8GB Kingston 3.2 Exodia,Recuperar imagen original y completar ficha,https://conectatech-ec.github.io/productos/flas024-flash-memory-8gb-kingston-3-2-exodia/
FUND006,Funda Cobertora DE Tablet,Recuperar imagen original y completar ficha,https://conectatech-ec.github.io/productos/fund006-funda-cobertora-de-tablet/
JUGU166,Juguete Carro Coleccionable CON Parlante Varios Modelos,Recuperar imagen original y completar ficha,https://conectatech-ec.github.io/productos/jugu166-juguete-carro-coleccionable-con-parlante-varios-modelos/
JUGU129,Juguete Consola DE Videojuegos Game 2.4GHZ Hdmi Para TV,Recuperar imagen original y completar ficha,https://conectatech-ec.github.io/productos/jugu129-juguete-consola-de-videojuegos-game-2-4ghz-hdmi-para-tv/
JUGU141,Juguete Parlante Karaoke Para Nios K52,Recuperar imagen original y completar ficha,https://conectatech-ec.github.io/productos/jugu141-juguete-parlante-karaoke-para-nios-k52/
JUGU097,Juguete SET KIT Para Nios(as) Audifonos Inalambricos - Reloj - Consola,Recuperar imagen original y completar ficha,https://conectatech-ec.github.io/productos/jugu097-juguete-set-kit-para-nios-as-audifonos-inalambricos-reloj-consola/
LECT002,Lector DE Memoria Microsd OT12,Recuperar imagen original y completar ficha,https://conectatech-ec.github.io/productos/lect002-lector-de-memoria-microsd-ot12/
MICR01,Microfono Alambrico 3.5MM CON Audifono MC-R5,Recuperar imagen original y completar ficha,https://conectatech-ec.github.io/productos/micr01-microfono-alambrico-3-5mm-con-audifono-mc-r5/
MICR07,Microfono Alambrico Usb-c CON Audifono MC-R6,Recuperar imagen original y completar ficha,https://conectatech-ec.github.io/productos/micr07-microfono-alambrico-usb-c-con-audifono-mc-r6/
MICR19,Microfonos SET 2 Para Parlante Sing-e ZQS-2M502 Vocal Karaoke,Recuperar imagen original y completar ficha,https://conectatech-ec.github.io/productos/micr19-microfonos-set-2-para-parlante-sing-e-zqs-2m502-vocal-karaoke/
MONI002,Monitor DE Mesa-escritorio 19 Pulgadas Marca ONE,Recuperar imagen original y completar ficha,https://conectatech-ec.github.io/productos/moni002-monitor-de-mesa-escritorio-19-pulgadas-marca-one/
MONI004,Monitor Portatil Asus 360 15.6 Pulgadas,Recuperar imagen original y completar ficha,https://conectatech-ec.github.io/productos/moni004-monitor-portatil-asus-360-15-6-pulgadas/
MONI005,Monitor Portatil ONE 15.6 Pulgadas,Recuperar imagen original y completar ficha,https://conectatech-ec.github.io/productos/moni005-monitor-portatil-one-15-6-pulgadas/
PARL011,Parlante ABS 4109,Recuperar imagen original y completar ficha,https://conectatech-ec.github.io/productos/parl011-parlante-abs-4109/
PARL040,Parlante Bluetooth JBL Grip,Recuperar imagen original y completar ficha,https://conectatech-ec.github.io/productos/parl040-parlante-bluetooth-jbl-grip/
PARL032,Parlante Bluetooth Portatil Klipxtreme Groovesplash,Recuperar imagen original y completar ficha,https://conectatech-ec.github.io/productos/parl032-parlante-bluetooth-portatil-klipxtreme-groovesplash/
PARL041,Parlante Bluetooth Portatil Klipxtreme Nitro,Recuperar imagen original y completar ficha,https://conectatech-ec.github.io/productos/parl041-parlante-bluetooth-portatil-klipxtreme-nitro/
PARL038,Parlante Bluetooth Portatil Monster Vibe,Recuperar imagen original y completar ficha,https://conectatech-ec.github.io/productos/parl038-parlante-bluetooth-portatil-monster-vibe/
PARL016,Parlante Bluetooth RCA RGB 53HSRCR,Recuperar imagen original y completar ficha,https://conectatech-ec.github.io/productos/parl016-parlante-bluetooth-rca-rgb-53hsrcr/
PARL037,Parlante CON Doble Microfono Sing-e Mediano,Recuperar imagen original y completar ficha,https://conectatech-ec.github.io/productos/parl037-parlante-con-doble-microfono-sing-e-mediano/
PARL001,Parlante CON Luces L20,Recuperar imagen original y completar ficha,https://conectatech-ec.github.io/productos/parl001-parlante-con-luces-l20/
PARL031,Parlante CON Microfono ABS-4220,Recuperar imagen original y completar ficha,https://conectatech-ec.github.io/productos/parl031-parlante-con-microfono-abs-4220/
PARL029,Parlante CON Microfono Mini Sing-e ZQS-W3103,Recuperar imagen original y completar ficha,https://conectatech-ec.github.io/productos/parl029-parlante-con-microfono-mini-sing-e-zqs-w3103/
PARL020,Parlante CON Microfono Modelo ZQS1343W Karaoke,Recuperar imagen original y completar ficha,https://conectatech-ec.github.io/productos/parl020-parlante-con-microfono-modelo-zqs1343w-karaoke/
PARL042,Parlante JBL Flip 7,Recuperar imagen original y completar ficha,https://conectatech-ec.github.io/productos/parl042-parlante-jbl-flip-7/
PARL002,Parlante Luces MS2676BT,Recuperar imagen original y completar ficha,https://conectatech-ec.github.io/productos/parl002-parlante-luces-ms2676bt/
PARL003,Parlante Mini CON Microfono Para Nios Karaoke,Recuperar imagen original y completar ficha,https://conectatech-ec.github.io/productos/parl003-parlante-mini-con-microfono-para-nios-karaoke/
PARL043,Parlante Mini Xtech Halen,Recuperar imagen original y completar ficha,https://conectatech-ec.github.io/productos/parl043-parlante-mini-xtech-halen/
PARL028,Parlante Monster Project 1,Recuperar imagen original y completar ficha,https://conectatech-ec.github.io/productos/parl028-parlante-monster-project-1/
PARL035,Parlante Para Bicicleta-moto Blackview Aurabass,Recuperar imagen original y completar ficha,https://conectatech-ec.github.io/productos/parl035-parlante-para-bicicleta-moto-blackview-aurabass/
PARL022,Parlante Para Bicicleta-moto Pavareal BS16,Recuperar imagen original y completar ficha,https://conectatech-ec.github.io/productos/parl022-parlante-para-bicicleta-moto-pavareal-bs16/
PARL013,Parlante Para Pc-laptop HP DHS-2111,Recuperar imagen original y completar ficha,https://conectatech-ec.github.io/productos/parl013-parlante-para-pc-laptop-hp-dhs-2111/
PARL026,Parlante Sing-e 3 Pulgadas ZQS1328S,Recuperar imagen original y completar ficha,https://conectatech-ec.github.io/productos/parl026-parlante-sing-e-3-pulgadas-zqs1328s/
PARL025,Parlante Triangular Monster Superstar E1,Recuperar imagen original y completar ficha,https://conectatech-ec.github.io/productos/parl025-parlante-triangular-monster-superstar-e1/
PARL044,Parlante Ultrablaster Klipxtreme,Recuperar imagen original y completar ficha,https://conectatech-ec.github.io/productos/parl044-parlante-ultrablaster-klipxtreme/
PARL039,Parlante Xiaomi Sound Pocket,Recuperar imagen original y completar ficha,https://conectatech-ec.github.io/productos/parl039-parlante-xiaomi-sound-pocket/
PARL006,Parlante Zioli CON Luces,Recuperar imagen original y completar ficha,https://conectatech-ec.github.io/productos/parl006-parlante-zioli-con-luces/
PARL033,Parlantes Para Pc-laptop ENV Thunder 1306,Recuperar imagen original y completar ficha,https://conectatech-ec.github.io/productos/parl033-parlantes-para-pc-laptop-env-thunder-1306/
PARL009,Parlantes Para Pc-laptop Kisonli X7 RGB,Recuperar imagen original y completar ficha,https://conectatech-ec.github.io/productos/parl009-parlantes-para-pc-laptop-kisonli-x7-rgb/
PARL034,Parlantes Para Pc-laptop Optimum 3100 ENV,Recuperar imagen original y completar ficha,https://conectatech-ec.github.io/productos/parl034-parlantes-para-pc-laptop-optimum-3100-env/
PILA066,Pila Rayovac Para Audifonos Tamano 10,Recuperar imagen original y completar ficha,https://conectatech-ec.github.io/productos/pila066-pila-rayovac-para-audifonos-tamano-10/
PILA065,Pila Rayovac Para Audifonos Tamano 13,Recuperar imagen original y completar ficha,https://conectatech-ec.github.io/productos/pila065-pila-rayovac-para-audifonos-tamano-13/
PILA063,Pila Rayovac Para Audifonos Tamano 312,Recuperar imagen original y completar ficha,https://conectatech-ec.github.io/productos/pila063-pila-rayovac-para-audifonos-tamano-312/
PILA064,Pila Rayovac Para Audifonos Tamano 675,Recuperar imagen original y completar ficha,https://conectatech-ec.github.io/productos/pila064-pila-rayovac-para-audifonos-tamano-675/
PILA044,Pila Renata Para Audifonos Tamano 10,Recuperar imagen original y completar ficha,https://conectatech-ec.github.io/productos/pila044-pila-renata-para-audifonos-tamano-10/
PILA045,Pila Renata Para Audifonos Tamano 312,Recuperar imagen original y completar ficha,https://conectatech-ec.github.io/productos/pila045-pila-renata-para-audifonos-tamano-312/
POWE020,Powerbank Mini 2 EN 1 Klipxtreme Para Smartwatch Y Emergencias,Recuperar imagen original y completar ficha,https://conectatech-ec.github.io/productos/powe020-powerbank-mini-2-en-1-klipxtreme-para-smartwatch-y-emergencias/
RADI003,Radio Parlante Despertador Clock Bluetooth Speaker NEW,Recuperar imagen original y completar ficha,https://conectatech-ec.github.io/productos/radi003-radio-parlante-despertador-clock-bluetooth-speaker-new/
RADI002,Radio Parlante Lenovo TS13 CON Despertador,Recuperar imagen original y completar ficha,https://conectatech-ec.github.io/productos/radi002-radio-parlante-lenovo-ts13-con-despertador/
RADI001,Radio Parlante RCA 53HSRCL CON Despertador,Recuperar imagen original y completar ficha,https://conectatech-ec.github.io/productos/radi001-radio-parlante-rca-53hsrcl-con-despertador/
REL012,Reloj Smartwatch Aemai YX6,Recuperar imagen original y completar ficha,https://conectatech-ec.github.io/productos/rel012-reloj-smartwatch-aemai-yx6/
REL071,Reloj Smartwatch Aurafit Nexa 6,Recuperar imagen original y completar ficha,https://conectatech-ec.github.io/productos/rel071-reloj-smartwatch-aurafit-nexa-6/
REL006,Reloj Smartwatch BIG Ultra 7 EN 1,Recuperar imagen original y completar ficha,https://conectatech-ec.github.io/productos/rel006-reloj-smartwatch-big-ultra-7-en-1/
REL067,Reloj Smartwatch Blackview R50,Recuperar imagen original y completar ficha,https://conectatech-ec.github.io/productos/rel067-reloj-smartwatch-blackview-r50/
REL011,Reloj Smartwatch Caja Flashlight,Recuperar imagen original y completar ficha,https://conectatech-ec.github.io/productos/rel011-reloj-smartwatch-caja-flashlight/
REL068,Reloj Smartwatch ENG GO Watch Square Pink,Recuperar imagen original y completar ficha,https://conectatech-ec.github.io/productos/rel068-reloj-smartwatch-eng-go-watch-square-pink/
REL063,Reloj Smartwatch ENV Watch X Lite,Recuperar imagen original y completar ficha,https://conectatech-ec.github.io/productos/rel063-reloj-smartwatch-env-watch-x-lite/
REL034,Reloj Smartwatch Fitcluodpro Amoled,Recuperar imagen original y completar ficha,https://conectatech-ec.github.io/productos/rel034-reloj-smartwatch-fitcluodpro-amoled/
REL023,Reloj Smartwatch Galaxy Watch Ultra,Recuperar imagen original y completar ficha,https://conectatech-ec.github.io/productos/rel023-reloj-smartwatch-galaxy-watch-ultra/
REL036,Reloj Smartwatch H20,Recuperar imagen original y completar ficha,https://conectatech-ec.github.io/productos/rel036-reloj-smartwatch-h20/
REL070,Reloj Smartwatch Kalobee GW11 Mini,Recuperar imagen original y completar ficha,https://conectatech-ec.github.io/productos/rel070-reloj-smartwatch-kalobee-gw11-mini/
REL062,Reloj Smartwatch Kalobee Para Cabellero SK43,Recuperar imagen original y completar ficha,https://conectatech-ec.github.io/productos/rel062-reloj-smartwatch-kalobee-para-cabellero-sk43/
REL060,Reloj Smartwatch Kieslect Lora 3,Recuperar imagen original y completar ficha,https://conectatech-ec.github.io/productos/rel060-reloj-smartwatch-kieslect-lora-3/
REL013,Reloj Smartwatch Para Iphone Watch Series 10 46MM,Recuperar imagen original y completar ficha,https://conectatech-ec.github.io/productos/rel013-reloj-smartwatch-para-iphone-watch-series-10-46mm/
REL033,Reloj Smartwatch RCA Model Exact,Recuperar imagen original y completar ficha,https://conectatech-ec.github.io/productos/rel033-reloj-smartwatch-rca-model-exact/
REL014,Reloj Smartwatch RCA Ultra,Recuperar imagen original y completar ficha,https://conectatech-ec.github.io/productos/rel014-reloj-smartwatch-rca-ultra/
REL050,Reloj Smartwatch Riversong Motive 10GT,Recuperar imagen original y completar ficha,https://conectatech-ec.github.io/productos/rel050-reloj-smartwatch-riversong-motive-10gt/
REL040,Reloj Smartwatch Riversong Motive 7C,Recuperar imagen original y completar ficha,https://conectatech-ec.github.io/productos/rel040-reloj-smartwatch-riversong-motive-7c/
REL041,Reloj Smartwatch Riversong Motive 9 PRO,Recuperar imagen original y completar ficha,https://conectatech-ec.github.io/productos/rel041-reloj-smartwatch-riversong-motive-9-pro/
REL065,Reloj Smartwatch S11 PRO,Recuperar imagen original y completar ficha,https://conectatech-ec.github.io/productos/rel065-reloj-smartwatch-s11-pro/
REL038,Reloj Smartwatch Saiva SY10 Ultra,Recuperar imagen original y completar ficha,https://conectatech-ec.github.io/productos/rel038-reloj-smartwatch-saiva-sy10-ultra/
REL016,Reloj Smartwatch T900 Ultra BIG 2.09,Recuperar imagen original y completar ficha,https://conectatech-ec.github.io/productos/rel016-reloj-smartwatch-t900-ultra-big-2-09/
REL059,Reloj Smartwatch Ultra 2 YY-20,Recuperar imagen original y completar ficha,https://conectatech-ec.github.io/productos/rel059-reloj-smartwatch-ultra-2-yy-20/
REL031,Reloj Smartwatch Ultra 9,Recuperar imagen original y completar ficha,https://conectatech-ec.github.io/productos/rel031-reloj-smartwatch-ultra-9/
REL066,Reloj Smartwatch V19 PRO Redondo,Recuperar imagen original y completar ficha,https://conectatech-ec.github.io/productos/rel066-reloj-smartwatch-v19-pro-redondo/
REL057,Reloj Smartwatch V36 Redondo Wearfit,Recuperar imagen original y completar ficha,https://conectatech-ec.github.io/productos/rel057-reloj-smartwatch-v36-redondo-wearfit/
REL017,Reloj Smartwatch Watch 6 Classic,Recuperar imagen original y completar ficha,https://conectatech-ec.github.io/productos/rel017-reloj-smartwatch-watch-6-classic/
SOPO009,Soporte Base Para Celular Y Tablet DE Mesa Giratorio Marca Monster,Recuperar imagen original y completar ficha,https://conectatech-ec.github.io/productos/sopo009-soporte-base-para-celular-y-tablet-de-mesa-giratorio-marca-monster/
SOPO039,Soporte DE Celular Y Tablet Para Cabecera DE Vehiculo Klip Xtreme,Recuperar imagen original y completar ficha,https://conectatech-ec.github.io/productos/sopo039-soporte-de-celular-y-tablet-para-cabecera-de-vehiculo-klip-xtreme/
SOPO046,Soporte DE Escritorio Para DOS Monitores Klipxtreme,Recuperar imagen original y completar ficha,https://conectatech-ec.github.io/productos/sopo046-soporte-de-escritorio-para-dos-monitores-klipxtreme/
SOPO012,Soporte DE Mesa Para Tablet L3T L-363,Recuperar imagen original y completar ficha,https://conectatech-ec.github.io/productos/sopo012-soporte-de-mesa-para-tablet-l3t-l-363/
SOPO044,Soporte DE Mesa Tipo Prensa Para Celulares Y Tablet Metalico,Recuperar imagen original y completar ficha,https://conectatech-ec.github.io/productos/sopo044-soporte-de-mesa-tipo-prensa-para-celulares-y-tablet-metalico/
SOPO011,Soporte Para Audifonos DE Diadema RCA,Recuperar imagen original y completar ficha,https://conectatech-ec.github.io/productos/sopo011-soporte-para-audifonos-de-diadema-rca/
SOPO007,Soporte Para Celular Y Tablet DE Cabecera Asiento Vehiculo Meidou MD-E18,Recuperar imagen original y completar ficha,https://conectatech-ec.github.io/productos/sopo007-soporte-para-celular-y-tablet-de-cabecera-asiento-vehiculo-meidou-md-e18/
SOPO060,Soporte Para Celular Y Tablet T8-02,Recuperar imagen original y completar ficha,https://conectatech-ec.github.io/productos/sopo060-soporte-para-celular-y-tablet-t8-02/
SOPO048,Soporte Para Monitor ENV ARM PRO Lift,Recuperar imagen original y completar ficha,https://conectatech-ec.github.io/productos/sopo048-soporte-para-monitor-env-arm-pro-lift/
SOPO035,Soporte Para TV 13 A 42 Pulgadas CON Movimiento,Recuperar imagen original y completar ficha,https://conectatech-ec.github.io/productos/sopo035-soporte-para-tv-13-a-42-pulgadas-con-movimiento/
SOPO033,Soporte Para TV DE 23-43 Pulgadas Fijo,Recuperar imagen original y completar ficha,https://conectatech-ec.github.io/productos/sopo033-soporte-para-tv-de-23-43-pulgadas-fijo/
SOPO034,Soporte Para TV DE 32-55 Pulgadas Fijo CON Movimiento Solo Hacia Adelante-abajo,Recuperar imagen original y completar ficha,https://conectatech-ec.github.io/productos/sopo034-soporte-para-tv-de-32-55-pulgadas-fijo-con-movimiento-solo-hacia-adelante-abaj/
SOPO047,Soporte Para Tablet Flexible Ugreen,Recuperar imagen original y completar ficha,https://conectatech-ec.github.io/productos/sopo047-soporte-para-tablet-flexible-ugreen/
SOPO042,Soporte Para Tablet Ugreen,Recuperar imagen original y completar ficha,https://conectatech-ec.github.io/productos/sopo042-soporte-para-tablet-ugreen/
TVBO006,TV BOX Andowl MXQ PRO,Recuperar imagen original y completar ficha,https://conectatech-ec.github.io/productos/tvbo006-tv-box-andowl-mxq-pro/
TVBO005,TV BOX Consola DE Video Juegos,Recuperar imagen original y completar ficha,https://conectatech-ec.github.io/productos/tvbo005-tv-box-consola-de-video-juegos/
TVBO008,TV BOX ONN 4K,Recuperar imagen original y completar ficha,https://conectatech-ec.github.io/productos/tvbo008-tv-box-onn-4k/
TVBO001,TV Stick Android,Recuperar imagen original y completar ficha,https://conectatech-ec.github.io/productos/tvbo001-tv-stick-android/
TVBO002,TV Stick TV98 5G 8K,Recuperar imagen original y completar ficha,https://conectatech-ec.github.io/productos/tvbo002-tv-stick-tv98-5g-8k/
TVBO004,TV Stick TV98 5G ATV X8 Redondo,Recuperar imagen original y completar ficha,https://conectatech-ec.github.io/productos/tvbo004-tv-stick-tv98-5g-atv-x8-redondo/
TABL004,Tablet K2 Edicion Mario Bros,Recuperar imagen original y completar ficha,https://conectatech-ec.github.io/productos/tabl004-tablet-k2-edicion-mario-bros/
TABL001,Tablet Redmi PAD 2 11 Pulgadas 128GB 4GB+4GB,Recuperar imagen original y completar ficha,https://conectatech-ec.github.io/productos/tabl001-tablet-redmi-pad-2-11-pulgadas-128gb-4gb-4gb/
TABL002,Tablet Redmi PAD 2 11 Pulgadas 256GB 8GB+8GB,Recuperar imagen original y completar ficha,https://conectatech-ec.github.io/productos/tabl002-tablet-redmi-pad-2-11-pulgadas-256gb-8gb-8gb/
TARJ013,Tarjeta DE Memoria DE 128GB Adata V10,Recuperar imagen original y completar ficha,https://conectatech-ec.github.io/productos/tarj013-tarjeta-de-memoria-de-128gb-adata-v10/
TARJ019,Tarjeta DE Memoria Kingston 128GB 150MBS,Recuperar imagen original y completar ficha,https://conectatech-ec.github.io/productos/tarj019-tarjeta-de-memoria-kingston-128gb-150mbs/
TARJ017,Tarjeta DE Memoria Kingston 128GB 200MBS Canvas GO Plus,Recuperar imagen original y completar ficha,https://conectatech-ec.github.io/productos/tarj017-tarjeta-de-memoria-kingston-128gb-200mbs-canvas-go-plus/
TARJ018,Tarjeta DE Memoria Kingston 256GB 150MBS,Recuperar imagen original y completar ficha,https://conectatech-ec.github.io/productos/tarj018-tarjeta-de-memoria-kingston-256gb-150mbs/
TARJ016,Tarjeta DE Memoria Kingston 256GB 200MBS Canvas GO Plus,Recuperar imagen original y completar ficha,https://conectatech-ec.github.io/productos/tarj016-tarjeta-de-memoria-kingston-256gb-200mbs-canvas-go-plus/
TARJ015,Tarjeta DE Memoria Kingston 512GB 150MBS V30,Recuperar imagen original y completar ficha,https://conectatech-ec.github.io/productos/tarj015-tarjeta-de-memoria-kingston-512gb-150mbs-v30/
TARJ002,Tarjeta DE Memoria Microsd 256GB Kingston 80 Mb/s,Recuperar imagen original y completar ficha,https://conectatech-ec.github.io/productos/tarj002-tarjeta-de-memoria-microsd-256gb-kingston-80-mb-s/
TARJ006,Tarjeta DE Memoria Microsd 64GB ENV Gaming,Recuperar imagen original y completar ficha,https://conectatech-ec.github.io/productos/tarj006-tarjeta-de-memoria-microsd-64gb-env-gaming/
TARJ004,Tarjeta DE Memoria Microsd 64GB Kingston 80MB/S YAN Tech,Recuperar imagen original y completar ficha,https://conectatech-ec.github.io/productos/tarj004-tarjeta-de-memoria-microsd-64gb-kingston-80mb-s-yan-tech/
TARJ014,Tarjeta DE Memoria Microsd 64GB Kingston Canvas GO Plus,Recuperar imagen original y completar ficha,https://conectatech-ec.github.io/productos/tarj014-tarjeta-de-memoria-microsd-64gb-kingston-canvas-go-plus/
TARJ005,Tarjeta DE Memoria Microsd 64GB Monster,Recuperar imagen original y completar ficha,https://conectatech-ec.github.io/productos/tarj005-tarjeta-de-memoria-microsd-64gb-monster/
TARJ001,Tarjeta DE Memoria Microsd DE 128GB Kingston,Recuperar imagen original y completar ficha,https://conectatech-ec.github.io/productos/tarj001-tarjeta-de-memoria-microsd-de-128gb-kingston/
TARJ003,Tarjeta DE Memoria Microsd HP 64GB 100MB Model MX310,Recuperar imagen original y completar ficha,https://conectatech-ec.github.io/productos/tarj003-tarjeta-de-memoria-microsd-hp-64gb-100mb-model-mx310/
TARJ010,Tarjeta DE Memoria Microsd Kingston 32GB 80MB/S,Recuperar imagen original y completar ficha,https://conectatech-ec.github.io/productos/tarj010-tarjeta-de-memoria-microsd-kingston-32gb-80mb-s/
TARJ012,Tarjeta DE Memoria Microsd Kingston 8GB 80MB/S,Recuperar imagen original y completar ficha,https://conectatech-ec.github.io/productos/tarj012-tarjeta-de-memoria-microsd-kingston-8gb-80mb-s/
TARJ008,Tarjeta DE Memoria Microsd Monster DE 128GB,Recuperar imagen original y completar ficha,https://conectatech-ec.github.io/productos/tarj008-tarjeta-de-memoria-microsd-monster-de-128gb/
TARJ007,Tarjeta DE Memoria Microsd Sandisk 64GB 100MB,Recuperar imagen original y completar ficha,https://conectatech-ec.github.io/productos/tarj007-tarjeta-de-memoria-microsd-sandisk-64gb-100mb/
TECL012,Teclado KIT Mouse + Audifonos + Padmouse KIT Gaming RCA 5RCA55C,Recuperar imagen original y completar ficha,https://conectatech-ec.github.io/productos/tecl012-teclado-kit-mouse-audifonos-padmouse-kit-gaming-rca-5rca55c/
TELF023,Telefono Honor X5C 128GB 4GB+4GB,Recuperar imagen original y completar ficha,https://conectatech-ec.github.io/productos/telf023-telefono-honor-x5c-128gb-4gb-4gb/
TELF024,Telefono Honor X5C Plus 256GB 4GB+4GB,Recuperar imagen original y completar ficha,https://conectatech-ec.github.io/productos/telf024-telefono-honor-x5c-plus-256gb-4gb-4gb/
TELF034,Telefono Honor X5D 128GB 4GB+4GB,Recuperar imagen original y completar ficha,https://conectatech-ec.github.io/productos/telf034-telefono-honor-x5d-128gb-4gb-4gb/
TELF008,Telefono Infinix Smart 20 128GB 4GB+4GB,Recuperar imagen original y completar ficha,https://conectatech-ec.github.io/productos/telf008-telefono-infinix-smart-20-128gb-4gb-4gb/
TELF013,Telefono Poco C71 128GB 4GB+4GB,Recuperar imagen original y completar ficha,https://conectatech-ec.github.io/productos/telf013-telefono-poco-c71-128gb-4gb-4gb/
TELF020,Redmi 15 Negro Ocaso 256GB | 16GB RAM total (8+8),Recuperar imagen original y completar ficha,https://conectatech-ec.github.io/productos/telf020-telefono-redmi-15-256gb-8gb-8gb/
TELF017,Telefono Redmi 15C 128GB 4GB+4GB,Revisar foto externa y completar ficha,https://conectatech-ec.github.io/productos/telf017-telefono-redmi-15c-128gb-4gb-4gb/
TELF018,Telefono Redmi 15C 256GB 4GB+4GB,Revisar foto externa y completar ficha,https://conectatech-ec.github.io/productos/telf018-telefono-redmi-15c-256gb-4gb-4gb/
TELF019,Telefono Redmi 15C 256GB 8GB+8GB,Revisar foto externa y completar ficha,https://conectatech-ec.github.io/productos/telf019-telefono-redmi-15c-256gb-8gb-8gb/
TELF022,Redmi A7 Pro Verde Palmera 128GB | 8GB RAM total (4+4),Recuperar imagen original y completar ficha,https://conectatech-ec.github.io/productos/telf022-telefono-redmi-a7-pro-128gb-4gb-4gb/
TELF036,Redmi Note 15 Pro Azul Glaciar 512GB | 24GB RAM total (12+12),Recuperar imagen original y completar ficha,https://conectatech-ec.github.io/productos/telf036-telefono-redmi-note-15-pro-512gb-12gb-12gb/
TELF037,Redmi Note 17 Morado Celestial 256GB | 12GB RAM total (6+6),Recuperar imagen original y completar ficha,https://conectatech-ec.github.io/productos/telf037-telefono-redmi-note-17-256gb-6gb-6gb/
TELF010,Telefono Samsung A07 6GB+128GB,Recuperar imagen original y completar ficha,https://conectatech-ec.github.io/productos/telf010-telefono-samsung-a07-6gb-128gb/
TELF011,Telefono Samsung A17 4GB+128GB,Revisar foto externa y completar ficha,https://conectatech-ec.github.io/productos/telf011-telefono-samsung-a17-4gb-128gb/
TELF012,Telefono Samsung A17 8GB+256GB,Revisar foto externa y completar ficha,https://conectatech-ec.github.io/productos/telf012-telefono-samsung-a17-8gb-256gb/
TELF015,Telefono Tecno Spark GO 2 256GB 4GB+4GB,Recuperar imagen original y completar ficha,https://conectatech-ec.github.io/productos/telf015-telefono-tecno-spark-go-2-256gb-4gb-4gb/
TELF026,TECNO Spark Go 3 128GB | 8GB RAM total (4+4),Recuperar imagen original y completar ficha,https://conectatech-ec.github.io/productos/telf026-telefono-tecno-spark-go-3-128gb-4gb-4gb/
TELF025,TECNO Spark Go 3 KN3 Negro Tinta 64GB | 8GB RAM total (4+4),Recuperar imagen original y completar ficha,https://conectatech-ec.github.io/productos/telf025-telefono-tecno-spark-go-3-64gb-4gb-4gb/
TELF027,Telefono ZTE A35E 64GB 2GB+4GB,Recuperar imagen original y completar ficha,https://conectatech-ec.github.io/productos/telf027-telefono-zte-a35e-64gb-2gb-4gb/
TELF002,Telefono ZTE Nubia V80 PRO,Recuperar imagen original y completar ficha,https://conectatech-ec.github.io/productos/telf002-telefono-zte-nubia-v80-pro/
TELF003,Telefono ZTE V80 MAX 256GB 4GB+10GB,Recuperar imagen original y completar ficha,https://conectatech-ec.github.io/productos/telf003-telefono-zte-v80-max-256gb-4gb-10gb/
TELF004,Telefono ZTE V80 MAX 256GB 8GB+12GB,Recuperar imagen original y completar ficha,https://conectatech-ec.github.io/productos/telf004-telefono-zte-v80-max-256gb-8gb-12gb/
TELE001,Televisor ENV 32 Pulgadas,Recuperar imagen original y completar ficha,https://conectatech-ec.github.io/productos/tele001-televisor-env-32-pulgadas/
TELE003,Televisor House TV 43 Pulgadas Fullhd,Recuperar imagen original y completar ficha,https://conectatech-ec.github.io/productos/tele003-televisor-house-tv-43-pulgadas-fullhd/
TERM001,Termo Parlante Tomatodo,Recuperar imagen original y completar ficha,https://conectatech-ec.github.io/productos/term001-termo-parlante-tomatodo/
TRIP014,Tripode Para Celulares Y Tablet,Recuperar imagen original y completar ficha,https://conectatech-ec.github.io/productos/trip014-tripode-para-celulares-y-tablet/
AROD02,ARO DE LUZ 3D-26,Recuperar imagen original y completar ficha,https://conectatech-ec.github.io/productos/arod02-aro-de-luz-3d-26/
ADAP053,Adaptador 1/4 Hembra A 3.5 Macho Stereo Negro,Recuperar imagen original y completar ficha,https://conectatech-ec.github.io/productos/adap053-adaptador-1-4-hembra-a-3-5-macho-stereo-negro/
ADAP086,Adaptador Angulo Hdmi L,Recuperar imagen original y completar ficha,https://conectatech-ec.github.io/productos/adap086-adaptador-angulo-hdmi-l/
ADAP045,Adaptador Antena Wifi Doble Banda 600MBPS Antena Incorporada,Recuperar imagen original y completar ficha,https://conectatech-ec.github.io/productos/adap045-adaptador-antena-wifi-doble-banda-600mbps-antena-incorporada/
ADAP036,Adaptador Bluetooth Dongle 5.0 Usb-a Para Pc-laptops,Recuperar imagen original y completar ficha,https://conectatech-ec.github.io/productos/adap036-adaptador-bluetooth-dongle-5-0-usb-a-para-pc-laptops/
ADAP035,Adaptador Bluetooth Dongle Usb-a Earldom M73,Recuperar imagen original y completar ficha,https://conectatech-ec.github.io/productos/adap035-adaptador-bluetooth-dongle-usb-a-earldom-m73/
ADAP069,Adaptador Convertidor DE Audio Digital A Analogico,Recuperar imagen original y completar ficha,https://conectatech-ec.github.io/productos/adap069-adaptador-convertidor-de-audio-digital-a-analogico/
ADAP039,Adaptador Convertidor DE Displayport A Hdmi,Recuperar imagen original y completar ficha,https://conectatech-ec.github.io/productos/adap039-adaptador-convertidor-de-displayport-a-hdmi/
ADAP038,Adaptador Convertidor DE Minidisplayport A Hdmi,Recuperar imagen original y completar ficha,https://conectatech-ec.github.io/productos/adap038-adaptador-convertidor-de-minidisplayport-a-hdmi/
ADAP057,Adaptador Convertidor DE VGA A Hdmi Treqa HDV-552,Recuperar imagen original y completar ficha,https://conectatech-ec.github.io/productos/adap057-adaptador-convertidor-de-vga-a-hdmi-treqa-hdv-552/
ADAP059,Adaptador Convertidor Displayport A VGA,Recuperar imagen original y completar ficha,https://conectatech-ec.github.io/productos/adap059-adaptador-convertidor-displayport-a-vga/
ADAP029,Adaptador Convertidor Hdmi A RCA,Recuperar imagen original y completar ficha,https://conectatech-ec.github.io/productos/adap029-adaptador-convertidor-hdmi-a-rca/
ADAP037,Adaptador Convertidor Hdmi A VGA,Recuperar imagen original y completar ficha,https://conectatech-ec.github.io/productos/adap037-adaptador-convertidor-hdmi-a-vga/
ADAP040,Adaptador Convertidor Hdmi A VGA SGL,Recuperar imagen original y completar ficha,https://conectatech-ec.github.io/productos/adap040-adaptador-convertidor-hdmi-a-vga-sgl/
ADAP050,Adaptador Convertidor RCA A Hdmi ADA618 Aiwa,Recuperar imagen original y completar ficha,https://conectatech-ec.github.io/productos/adap050-adaptador-convertidor-rca-a-hdmi-ada618-aiwa/
ADAP002,Adaptador DE 2 Macho A 3 Hembra Latinoamerica,Recuperar imagen original y completar ficha,https://conectatech-ec.github.io/productos/adap002-adaptador-de-2-macho-a-3-hembra-latinoamerica/
ADAP032,Adaptador DE 3.5MM Macho A Doble 3.5MM Hembra,Recuperar imagen original y completar ficha,https://conectatech-ec.github.io/productos/adap032-adaptador-de-3-5mm-macho-a-doble-3-5mm-hembra/
ADAP033,Adaptador DE 3.5MM Macho A Doble RCA Hembra,Recuperar imagen original y completar ficha,https://conectatech-ec.github.io/productos/adap033-adaptador-de-3-5mm-macho-a-doble-rca-hembra/
ADAP084,Adaptador DE Corriente 12V 2A Orvesion,Recuperar imagen original y completar ficha,https://conectatech-ec.github.io/productos/adap084-adaptador-de-corriente-12v-2a-orvesion/
ADAP085,Adaptador DE Corriente 12V 5A Orvesion,Recuperar imagen original y completar ficha,https://conectatech-ec.github.io/productos/adap085-adaptador-de-corriente-12v-5a-orvesion/
ADAP082,Adaptador DE Corriente 5V 2A Orvesion,Recuperar imagen original y completar ficha,https://conectatech-ec.github.io/productos/adap082-adaptador-de-corriente-5v-2a-orvesion/
ADAP083,Adaptador DE Corriente 9V 2A Orvesion,Recuperar imagen original y completar ficha,https://conectatech-ec.github.io/productos/adap083-adaptador-de-corriente-9v-2a-orvesion/
ADAP075,Adaptador DE RED RJ45 DE 1 A 2 Salidas,Recuperar imagen original y completar ficha,https://conectatech-ec.github.io/productos/adap075-adaptador-de-red-rj45-de-1-a-2-salidas/
ADAP097,Adaptador DE Usb-c A Ethernet,Recuperar imagen original y completar ficha,https://conectatech-ec.github.io/productos/adap097-adaptador-de-usb-c-a-ethernet/
ADAP056,Adaptador Divisor DE 3.5MM Macho A Doble 3.5MM Hembra,Recuperar imagen original y completar ficha,https://conectatech-ec.github.io/productos/adap056-adaptador-divisor-de-3-5mm-macho-a-doble-3-5mm-hembra/
ADAP073,Adaptador Enchufe 110 A 12V Socket CAR,Recuperar imagen original y completar ficha,https://conectatech-ec.github.io/productos/adap073-adaptador-enchufe-110-a-12v-socket-car/
ADAP007,Adaptador Lightning A 3.5MM,Recuperar imagen original y completar ficha,https://conectatech-ec.github.io/productos/adap007-adaptador-lightning-a-3-5mm/
ADAP065,Adaptador Lightning A Doble Lightning,Recuperar imagen original y completar ficha,https://conectatech-ec.github.io/productos/adap065-adaptador-lightning-a-doble-lightning/
ADAP027,Adaptador Mini-hdmi Macho A Hdmi Hembra,Recuperar imagen original y completar ficha,https://conectatech-ec.github.io/productos/adap027-adaptador-mini-hdmi-macho-a-hdmi-hembra/
ADAP068,Adaptador Multiadaptadores Baten Modelo CB-201,Recuperar imagen original y completar ficha,https://conectatech-ec.github.io/productos/adap068-adaptador-multiadaptadores-baten-modelo-cb-201/
ADAP046,Adaptador OTG 3 EN 1,Recuperar imagen original y completar ficha,https://conectatech-ec.github.io/productos/adap046-adaptador-otg-3-en-1/
ADAP009,Adaptador OTG Lightning,Recuperar imagen original y completar ficha,https://conectatech-ec.github.io/productos/adap009-adaptador-otg-lightning/
ADAP011,Adaptador OTG Micro-usb,Recuperar imagen original y completar ficha,https://conectatech-ec.github.io/productos/adap011-adaptador-otg-micro-usb/
ADAP058,Adaptador OTG Micro-usb Xtech,Recuperar imagen original y completar ficha,https://conectatech-ec.github.io/productos/adap058-adaptador-otg-micro-usb-xtech/
ADAP080,Adaptador OTG Mini-usb V3,Recuperar imagen original y completar ficha,https://conectatech-ec.github.io/productos/adap080-adaptador-otg-mini-usb-v3/
ADAP089,Adaptador Receptor Antena Wifi Tp-link 150 Mbps,Recuperar imagen original y completar ficha,https://conectatech-ec.github.io/productos/adap089-adaptador-receptor-antena-wifi-tp-link-150-mbps/
ADAP017,Adaptador Receptor Wifi USB Antena Dual Band 1300MBPS,Recuperar imagen original y completar ficha,https://conectatech-ec.github.io/productos/adap017-adaptador-receptor-wifi-usb-antena-dual-band-1300mbps/
ADAP016,Adaptador Receptor Wifi USB Antena Dual Band 600MBPS,Recuperar imagen original y completar ficha,https://conectatech-ec.github.io/productos/adap016-adaptador-receptor-wifi-usb-antena-dual-band-600mbps/
ADAP071,Adaptador Splitter Hdmi 1080 Orvesion DOS Salidas,Recuperar imagen original y completar ficha,https://conectatech-ec.github.io/productos/adap071-adaptador-splitter-hdmi-1080-orvesion-dos-salidas/
ADAP063,Adaptador Splitter Hdmi 4 Salidas Tipo Cajetin,Recuperar imagen original y completar ficha,https://conectatech-ec.github.io/productos/adap063-adaptador-splitter-hdmi-4-salidas-tipo-cajetin/
ADAP060,Adaptador Splitter Hdmi A Doble Hdmi Hembra Orvesion,Recuperar imagen original y completar ficha,https://conectatech-ec.github.io/productos/adap060-adaptador-splitter-hdmi-a-doble-hdmi-hembra-orvesion/
ADAP081,Adaptador Splitter Switch Hdmi Bidireccional ENV,Recuperar imagen original y completar ficha,https://conectatech-ec.github.io/productos/adap081-adaptador-splitter-switch-hdmi-bidireccional-env/
ADAP066,Adaptador Switch Hdmi 3 Entradas 1 Salida,Recuperar imagen original y completar ficha,https://conectatech-ec.github.io/productos/adap066-adaptador-switch-hdmi-3-entradas-1-salida/
ADAP061,Adaptador Switch Hdmi 4K HP,Recuperar imagen original y completar ficha,https://conectatech-ec.github.io/productos/adap061-adaptador-switch-hdmi-4k-hp/
ADAP025,Adaptador Union 3.5MM DE Metal Coupler,Recuperar imagen original y completar ficha,https://conectatech-ec.github.io/productos/adap025-adaptador-union-3-5mm-de-metal-coupler/
ADAP024,Adaptador Union 3.5MM Plastico Negro Coupler,Recuperar imagen original y completar ficha,https://conectatech-ec.github.io/productos/adap024-adaptador-union-3-5mm-plastico-negro-coupler/
ADAP076,Adaptador Union Coupler DE RED RJ45 Beige,Recuperar imagen original y completar ficha,https://conectatech-ec.github.io/productos/adap076-adaptador-union-coupler-de-red-rj45-beige/
ADAP077,Adaptador Union Coupler DE RED RJ45 Blindado Negro,Recuperar imagen original y completar ficha,https://conectatech-ec.github.io/productos/adap077-adaptador-union-coupler-de-red-rj45-blindado-negro/
ADAP018,Adaptador Union Coupler Hdmi,Recuperar imagen original y completar ficha,https://conectatech-ec.github.io/productos/adap018-adaptador-union-coupler-hdmi/
ADAP070,Adaptador Union Coupler Hdmi 4K Gris,Recuperar imagen original y completar ficha,https://conectatech-ec.github.io/productos/adap070-adaptador-union-coupler-hdmi-4k-gris/
ADAP026,Adaptador Union RCA A RCA Hembra,Recuperar imagen original y completar ficha,https://conectatech-ec.github.io/productos/adap026-adaptador-union-rca-a-rca-hembra/
ADAP022,Adaptador Union RCA DE Audio (doble),Recuperar imagen original y completar ficha,https://conectatech-ec.github.io/productos/adap022-adaptador-union-rca-de-audio-doble/
ADAP023,Adaptador Union RCA DE Audio Y Video (triple),Recuperar imagen original y completar ficha,https://conectatech-ec.github.io/productos/adap023-adaptador-union-rca-de-audio-y-video-triple/
ADAP072,Adaptador Usb-a A Hdmi,Recuperar imagen original y completar ficha,https://conectatech-ec.github.io/productos/adap072-adaptador-usb-a-a-hdmi/
ADAP047,Adaptador Usb-a A Usb-c Hembra Earldom 0T91A,Recuperar imagen original y completar ficha,https://conectatech-ec.github.io/productos/adap047-adaptador-usb-a-a-usb-c-hembra-earldom-0t91a/
ADAP067,Adaptador Usb-a A Usb-c Hembra Ldnio Star,Recuperar imagen original y completar ficha,https://conectatech-ec.github.io/productos/adap067-adaptador-usb-a-a-usb-c-hembra-ldnio-star/
ADAP087,Adaptador Usb-a A Usb-c Ldnio,Recuperar imagen original y completar ficha,https://conectatech-ec.github.io/productos/adap087-adaptador-usb-a-a-usb-c-ldnio/
ADAP062,Adaptador Usb-a Antena Wifi Alfa UW06,Recuperar imagen original y completar ficha,https://conectatech-ec.github.io/productos/adap062-adaptador-usb-a-antena-wifi-alfa-uw06/
ADAP019,Adaptador Usb-c A 3.5MM,Recuperar imagen original y completar ficha,https://conectatech-ec.github.io/productos/adap019-adaptador-usb-c-a-3-5mm/
ADAP012,Adaptador Usb-c A 3.5MM + Usb-c JH-031,Recuperar imagen original y completar ficha,https://conectatech-ec.github.io/productos/adap012-adaptador-usb-c-a-3-5mm-usb-c-jh-031/
ADAP020,Adaptador Usb-c A 3.5MM Negro,Recuperar imagen original y completar ficha,https://conectatech-ec.github.io/productos/adap020-adaptador-usb-c-a-3-5mm-negro/
ADAP014,Adaptador Usb-c A Hdmi HP 3.1 DHC-CT202,Recuperar imagen original y completar ficha,https://conectatech-ec.github.io/productos/adap014-adaptador-usb-c-a-hdmi-hp-3-1-dhc-ct202/
ADAP064,Adaptador Usb-c A Hdmi Marca Monster,Recuperar imagen original y completar ficha,https://conectatech-ec.github.io/productos/adap064-adaptador-usb-c-a-hdmi-marca-monster/
ADAP042,Adaptador Viajero Travel World Internacional,Recuperar imagen original y completar ficha,https://conectatech-ec.github.io/productos/adap042-adaptador-viajero-travel-world-internacional/
ADAP099,Adaptador Viajero Travel World Internacional 30W Klip Xtreme,Recuperar imagen original y completar ficha,https://conectatech-ec.github.io/productos/adap099-adaptador-viajero-travel-world-internacional-30w-klip-xtreme/
ADAP043,Adaptador Viajero Travel World Internacional Earldom 3.5A,Recuperar imagen original y completar ficha,https://conectatech-ec.github.io/productos/adap043-adaptador-viajero-travel-world-internacional-earldom-3-5a/
ADAP044,Adaptador Viajero Travel World Internacional RCA,Recuperar imagen original y completar ficha,https://conectatech-ec.github.io/productos/adap044-adaptador-viajero-travel-world-internacional-rca/
AIRT002,Airtag DE Billetera Loshall,Recuperar imagen original y completar ficha,https://conectatech-ec.github.io/productos/airt002-airtag-de-billetera-loshall/
AIRT004,Airtag Portatil Tipo Llavero Cuadrado,Recuperar imagen original y completar ficha,https://conectatech-ec.github.io/productos/airt004-airtag-portatil-tipo-llavero-cuadrado/
AIRT001,Airtag Sling Find MY IP,Recuperar imagen original y completar ficha,https://conectatech-ec.github.io/productos/airt001-airtag-sling-find-my-ip/
AIRT003,Airtag Ugreen Find MY IP,Recuperar imagen original y completar ficha,https://conectatech-ec.github.io/productos/airt003-airtag-ugreen-find-my-ip/
ALEX004,Alexa Amazon Echo Show 8 8.7 Pulgadas,Recuperar imagen original y completar ficha,https://conectatech-ec.github.io/productos/alex004-alexa-amazon-echo-show-8-8-7-pulgadas/
ALEX001,Alexa Echo DOT,Recuperar imagen original y completar ficha,https://conectatech-ec.github.io/productos/alex001-alexa-echo-dot/
ALEX002,Alexa Echo POP,Recuperar imagen original y completar ficha,https://conectatech-ec.github.io/productos/alex002-alexa-echo-pop/
BAL001,Balon DE Futbol Grande,Recuperar imagen original y completar ficha,https://conectatech-ec.github.io/productos/bal001-balon-de-futbol-grande/
BAL002,Balon DE Futbol Indoor,Recuperar imagen original y completar ficha,https://conectatech-ec.github.io/productos/bal002-balon-de-futbol-indoor/
BARR002,Barra DE Sonido Klipxtreme Thunder Zound,Recuperar imagen original y completar ficha,https://conectatech-ec.github.io/productos/barr002-barra-de-sonido-klipxtreme-thunder-zound/
BASE005,Base DE Carga Inalambrica 2 EN 1 Ugreen,Recuperar imagen original y completar ficha,https://conectatech-ec.github.io/productos/base005-base-de-carga-inalambrica-2-en-1-ugreen/
BASE003,Base Inalambrica DE Carga 3 EN 1,Recuperar imagen original y completar ficha,https://conectatech-ec.github.io/productos/base003-base-inalambrica-de-carga-3-en-1/
BASE004,Base Inalambrica DE Carga 3 EN 1 Cuadrada Monster WX632,Recuperar imagen original y completar ficha,https://conectatech-ec.github.io/productos/base004-base-inalambrica-de-carga-3-en-1-cuadrada-monster-wx632/
BASE006,Base Inalambrica DE Carga 3 EN 1 Metal-flexible,Recuperar imagen original y completar ficha,https://conectatech-ec.github.io/productos/base006-base-inalambrica-de-carga-3-en-1-metal-flexible/
BASE002,Base Inalambrica DE Carga Multifuncional 3 EN 1 Monster,Recuperar imagen original y completar ficha,https://conectatech-ec.github.io/productos/base002-base-inalambrica-de-carga-multifuncional-3-en-1-monster/
BILL004,Billetera Animada,Recuperar imagen original y completar ficha,https://conectatech-ec.github.io/productos/bill004-billetera-animada/
BILL008,Billetera Animada Toad,Recuperar imagen original y completar ficha,https://conectatech-ec.github.io/productos/bill008-billetera-animada-toad/
BILL006,Billetera CON Magsafe HDD Marron CON Soporte Wallet,Recuperar imagen original y completar ficha,https://conectatech-ec.github.io/productos/bill006-billetera-con-magsafe-hdd-marron-con-soporte-wallet/
BILL002,Billetera Magsafe IPH Silicon Wallet,Recuperar imagen original y completar ficha,https://conectatech-ec.github.io/productos/bill002-billetera-magsafe-iph-silicon-wallet/
BINO001,Binoculares 8X40,Recuperar imagen original y completar ficha,https://conectatech-ec.github.io/productos/bino001-binoculares-8x40/
BRAZ001,Brazalete Deportivo Para Celular Brazo,Recuperar imagen original y completar ficha,https://conectatech-ec.github.io/productos/braz001-brazalete-deportivo-para-celular-brazo/
CARP001,CAR Play XO-CZ026 Mini,Recuperar imagen original y completar ficha,https://conectatech-ec.github.io/productos/carp001-car-play-xo-cz026-mini/
CABL087,Cable 1/4 A 1/4 Para Guitarra 3M,Recuperar imagen original y completar ficha,https://conectatech-ec.github.io/productos/cabl087-cable-1-4-a-1-4-para-guitarra-3m/
CABL086,Cable 1/4 Mono A XLR Canon Para Microfono,Recuperar imagen original y completar ficha,https://conectatech-ec.github.io/productos/cabl086-cable-1-4-mono-a-xlr-canon-para-microfono/
CABL049,Cable 3.5MM A AV 1.50M,Recuperar imagen original y completar ficha,https://conectatech-ec.github.io/productos/cabl049-cable-3-5mm-a-av-1-50m/
CABL090,Cable AV PS2 Play Station 2,Recuperar imagen original y completar ficha,https://conectatech-ec.github.io/productos/cabl090-cable-av-ps2-play-station-2/
CABL001,Cable Adaptador DE Lightning A 3.5MM,Recuperar imagen original y completar ficha,https://conectatech-ec.github.io/productos/cabl001-cable-adaptador-de-lightning-a-3-5mm/
CABL002,Cable Adaptador DE Usb-c A 3.5MM,Recuperar imagen original y completar ficha,https://conectatech-ec.github.io/productos/cabl002-cable-adaptador-de-usb-c-a-3-5mm/
CABL053,Cable Audio 3.5MM A RCA 0.90M,Recuperar imagen original y completar ficha,https://conectatech-ec.github.io/productos/cabl053-cable-audio-3-5mm-a-rca-0-90m/
CABL054,Cable Audio 3.5MM A RCA 1.50M,Recuperar imagen original y completar ficha,https://conectatech-ec.github.io/productos/cabl054-cable-audio-3-5mm-a-rca-1-50m/
CABL055,Cable Audio 3.5MM A RCA 3M,Recuperar imagen original y completar ficha,https://conectatech-ec.github.io/productos/cabl055-cable-audio-3-5mm-a-rca-3m/
CABL056,Cable Audio 3.5MM A RCA 5M,Recuperar imagen original y completar ficha,https://conectatech-ec.github.io/productos/cabl056-cable-audio-3-5mm-a-rca-5m/
CABL050,Cable Audio Y Video AV 1.5M,Recuperar imagen original y completar ficha,https://conectatech-ec.github.io/productos/cabl050-cable-audio-y-video-av-1-5m/
CABL051,Cable Audio Y Video AV 3M,Recuperar imagen original y completar ficha,https://conectatech-ec.github.io/productos/cabl051-cable-audio-y-video-av-3m/
CABL006,Cable Auxiliar 3.5MM 2M HP DHC AU02,Recuperar imagen original y completar ficha,https://conectatech-ec.github.io/productos/cabl006-cable-auxiliar-3-5mm-2m-hp-dhc-au02/
CABL079,Cable Auxiliar Earldom 1M AUX08,Recuperar imagen original y completar ficha,https://conectatech-ec.github.io/productos/cabl079-cable-auxiliar-earldom-1m-aux08/
CABL098,Cable Auxiliar Earldom 1M Modelo Elbow AUX 21 Punta L,Recuperar imagen original y completar ficha,https://conectatech-ec.github.io/productos/cabl098-cable-auxiliar-earldom-1m-modelo-elbow-aux-21-punta-l/
CABL067,Cable Auxiliar Earldom 2M AUX10,Recuperar imagen original y completar ficha,https://conectatech-ec.github.io/productos/cabl067-cable-auxiliar-earldom-2m-aux10/
CABL080,Cable Auxiliar KIN 1.2M KY-213,Recuperar imagen original y completar ficha,https://conectatech-ec.github.io/productos/cabl080-cable-auxiliar-kin-1-2m-ky-213/
CABL078,Cable Auxiliar Treqa CA-1019,Recuperar imagen original y completar ficha,https://conectatech-ec.github.io/productos/cabl078-cable-auxiliar-treqa-ca-1019/
CABL072,Cable Convertidor Hdmi A RCA Thunder Sound 1.5M,Recuperar imagen original y completar ficha,https://conectatech-ec.github.io/productos/cabl072-cable-convertidor-hdmi-a-rca-thunder-sound-1-5m/
CABL100,Cable DE Audio Coaxial Digital 1.8M,Recuperar imagen original y completar ficha,https://conectatech-ec.github.io/productos/cabl100-cable-de-audio-coaxial-digital-1-8m/
CABL060,Cable DE Audio RCA 1.8M,Recuperar imagen original y completar ficha,https://conectatech-ec.github.io/productos/cabl060-cable-de-audio-rca-1-8m/
CABL059,Cable DE Audio RCA 3M,Recuperar imagen original y completar ficha,https://conectatech-ec.github.io/productos/cabl059-cable-de-audio-rca-3m/
CABL013,Cable DE Extension Usb-a 1.5M Mindpure,Recuperar imagen original y completar ficha,https://conectatech-ec.github.io/productos/cabl013-cable-de-extension-usb-a-1-5m-mindpure/
CABL014,Cable DE Extension Usb-a 3M Mindpure,Recuperar imagen original y completar ficha,https://conectatech-ec.github.io/productos/cabl014-cable-de-extension-usb-a-3m-mindpure/
CABL116,Cable DE Impresora Usb-a A Usb-b 10M Mindpure,Recuperar imagen original y completar ficha,https://conectatech-ec.github.io/productos/cabl116-cable-de-impresora-usb-a-a-usb-b-10m-mindpure/
CABL118,Cable DE Impresora Usb-a A Usb-b 3M Mindpure,Recuperar imagen original y completar ficha,https://conectatech-ec.github.io/productos/cabl118-cable-de-impresora-usb-a-a-usb-b-3m-mindpure/
CABL117,Cable DE Impresora Usb-a A Usb-b 5M Mindpure,Recuperar imagen original y completar ficha,https://conectatech-ec.github.io/productos/cabl117-cable-de-impresora-usb-a-a-usb-b-5m-mindpure/
CABL057,Cable DE Impresora Usb-b Azul,Recuperar imagen original y completar ficha,https://conectatech-ec.github.io/productos/cabl057-cable-de-impresora-usb-b-azul/
CABL121,Cable DE Impresora Usb-c A Usb-a 3M,Recuperar imagen original y completar ficha,https://conectatech-ec.github.io/productos/cabl121-cable-de-impresora-usb-c-a-usb-a-3m/
CABL120,Cable DE Impresora Usb-c A Usb-b 1.5M,Recuperar imagen original y completar ficha,https://conectatech-ec.github.io/productos/cabl120-cable-de-impresora-usb-c-a-usb-b-1-5m/
CABL018,Cable DE Poder Blanco,Recuperar imagen original y completar ficha,https://conectatech-ec.github.io/productos/cabl018-cable-de-poder-blanco/
CABL163,Cable DE Poder Negro,Recuperar imagen original y completar ficha,https://conectatech-ec.github.io/productos/cabl163-cable-de-poder-negro/
CABL017,Cable DE Poder Tipo 8 DE 1.5M,Recuperar imagen original y completar ficha,https://conectatech-ec.github.io/productos/cabl017-cable-de-poder-tipo-8-de-1-5m/
CABL016,Cable DE Poder Tipo 8 DE 1M,Recuperar imagen original y completar ficha,https://conectatech-ec.github.io/productos/cabl016-cable-de-poder-tipo-8-de-1m/
CABL015,Cable DE Poder Trebol,Recuperar imagen original y completar ficha,https://conectatech-ec.github.io/productos/cabl015-cable-de-poder-trebol/
CABL164,Cable DE Poder Trebol Plano,Recuperar imagen original y completar ficha,https://conectatech-ec.github.io/productos/cabl164-cable-de-poder-trebol-plano/
CABL169,Cable DE RED 10M Monster CAT 6,Recuperar imagen original y completar ficha,https://conectatech-ec.github.io/productos/cabl169-cable-de-red-10m-monster-cat-6/
CABL130,Cable DE RED 15M PLH Color Azul CAT6E,Recuperar imagen original y completar ficha,https://conectatech-ec.github.io/productos/cabl130-cable-de-red-15m-plh-color-azul-cat6e/
CABL133,Cable DE RED 20M CAT 6E Cabo Series,Recuperar imagen original y completar ficha,https://conectatech-ec.github.io/productos/cabl133-cable-de-red-20m-cat-6e-cabo-series/
CABL146,Cable DE RED 25M Andowl,Recuperar imagen original y completar ficha,https://conectatech-ec.github.io/productos/cabl146-cable-de-red-25m-andowl/
CABL147,Cable DE RED 30M Andowl,Recuperar imagen original y completar ficha,https://conectatech-ec.github.io/productos/cabl147-cable-de-red-30m-andowl/
CABL167,Cable DE RED 3M Monster CAT6,Recuperar imagen original y completar ficha,https://conectatech-ec.github.io/productos/cabl167-cable-de-red-3m-monster-cat6/
CABL019,Cable DE RED 5M Azul CAT 5,Recuperar imagen original y completar ficha,https://conectatech-ec.github.io/productos/cabl019-cable-de-red-5m-azul-cat-5/
CABL126,Cable DE RED 5M CAT6 PLH,Recuperar imagen original y completar ficha,https://conectatech-ec.github.io/productos/cabl126-cable-de-red-5m-cat6-plh/
CABL168,Cable DE RED 5M Monster CAT 6,Recuperar imagen original y completar ficha,https://conectatech-ec.github.io/productos/cabl168-cable-de-red-5m-monster-cat-6/
CABL134,Cable DE RED DE 10M CAT 5 Cabo Series,Recuperar imagen original y completar ficha,https://conectatech-ec.github.io/productos/cabl134-cable-de-red-de-10m-cat-5-cabo-series/
CABL135,Cable DE RED DE 10M CAT 6 It-blue Cabo Series,Recuperar imagen original y completar ficha,https://conectatech-ec.github.io/productos/cabl135-cable-de-red-de-10m-cat-6-it-blue-cabo-series/
CABL082,Cable DE RED Gris CAT6 15M,Recuperar imagen original y completar ficha,https://conectatech-ec.github.io/productos/cabl082-cable-de-red-gris-cat6-15m/
CABL042,Cable DE RED HP CAT 5 C5E Color Gris C5E246060361,Recuperar imagen original y completar ficha,https://conectatech-ec.github.io/productos/cabl042-cable-de-red-hp-cat-5-c5e-color-gris-c5e246060361/
CABL039,Cable DE RED HP CAT 6 3M,Recuperar imagen original y completar ficha,https://conectatech-ec.github.io/productos/cabl039-cable-de-red-hp-cat-6-3m/
CABL041,Cable DE RED HP CAT 6 Morado CAT624508H353,Recuperar imagen original y completar ficha,https://conectatech-ec.github.io/productos/cabl041-cable-de-red-hp-cat-6-morado-cat624508h353/
CABL127,Cable Extension 3.5MM DE 3 Lineas,Recuperar imagen original y completar ficha,https://conectatech-ec.github.io/productos/cabl127-cable-extension-3-5mm-de-3-lineas/
CABL123,Cable Extension Auxiliar 1.5M,Recuperar imagen original y completar ficha,https://conectatech-ec.github.io/productos/cabl123-cable-extension-auxiliar-1-5m/
CABL124,Cable Extension Auxiliar 3M American Xtreme,Recuperar imagen original y completar ficha,https://conectatech-ec.github.io/productos/cabl124-cable-extension-auxiliar-3m-american-xtreme/
CABL115,Cable Extension Usb-a Macho A Usb-a Hembra Amplificada 8M,Recuperar imagen original y completar ficha,https://conectatech-ec.github.io/productos/cabl115-cable-extension-usb-a-macho-a-usb-a-hembra-amplificada-8m/
CABL076,Cable Hdmi 1.5M Orvesion AWX-1008A,Recuperar imagen original y completar ficha,https://conectatech-ec.github.io/productos/cabl076-cable-hdmi-1-5m-orvesion-awx-1008a/
CABL114,Cable Hdmi 20M,Recuperar imagen original y completar ficha,https://conectatech-ec.github.io/productos/cabl114-cable-hdmi-20m/
CABL144,Cable Hdmi 2M Orvesion Plano,Recuperar imagen original y completar ficha,https://conectatech-ec.github.io/productos/cabl144-cable-hdmi-2m-orvesion-plano/
CABL110,Cable Hdmi 3M Andowl 4K,Recuperar imagen original y completar ficha,https://conectatech-ec.github.io/productos/cabl110-cable-hdmi-3m-andowl-4k/
CABL111,Cable Hdmi 3M Orvesion 2K Y 4K,Recuperar imagen original y completar ficha,https://conectatech-ec.github.io/productos/cabl111-cable-hdmi-3m-orvesion-2k-y-4k/
CABL143,Cable Hdmi 3M Orvesion 8K,Recuperar imagen original y completar ficha,https://conectatech-ec.github.io/productos/cabl143-cable-hdmi-3m-orvesion-8k/
CABL142,Cable Hdmi 5M Orvesion 8K,Recuperar imagen original y completar ficha,https://conectatech-ec.github.io/productos/cabl142-cable-hdmi-5m-orvesion-8k/
CABL073,Cable Hdmi A DVI HP,Recuperar imagen original y completar ficha,https://conectatech-ec.github.io/productos/cabl073-cable-hdmi-a-dvi-hp/
CABL094,Cable Hdmi A Displayport 3M,Recuperar imagen original y completar ficha,https://conectatech-ec.github.io/productos/cabl094-cable-hdmi-a-displayport-3m/
CABL131,Cable Hdmi A Displayport 4K X 2K,Recuperar imagen original y completar ficha,https://conectatech-ec.github.io/productos/cabl131-cable-hdmi-a-displayport-4k-x-2k/
CABL125,Cable Hdmi A Displayport ENV 1.8M,Recuperar imagen original y completar ficha,https://conectatech-ec.github.io/productos/cabl125-cable-hdmi-a-displayport-env-1-8m/
CABL069,Cable Hdmi A VGA SGL,Recuperar imagen original y completar ficha,https://conectatech-ec.github.io/productos/cabl069-cable-hdmi-a-vga-sgl/
CABL138,Cable Hdmi Belkin 4K 18GBPS 2M,Recuperar imagen original y completar ficha,https://conectatech-ec.github.io/productos/cabl138-cable-hdmi-belkin-4k-18gbps-2m/
CABL092,Cable Hdmi Orvesion 3M Plano,Recuperar imagen original y completar ficha,https://conectatech-ec.github.io/productos/cabl092-cable-hdmi-orvesion-3m-plano/
CABL093,Cable Hdmi Orvesion 5M Plano,Recuperar imagen original y completar ficha,https://conectatech-ec.github.io/productos/cabl093-cable-hdmi-orvesion-5m-plano/
CABL024,Cable IIN ZII Micro-usb 2M 8821,Recuperar imagen original y completar ficha,https://conectatech-ec.github.io/productos/cabl024-cable-iin-zii-micro-usb-2m-8821/
CABL032,Cable IIN ZII Micro-usb C8901,Recuperar imagen original y completar ficha,https://conectatech-ec.github.io/productos/cabl032-cable-iin-zii-micro-usb-c8901/
CABL083,Cable IIN ZII Usb-a A Usb-c 8831 3M,Recuperar imagen original y completar ficha,https://conectatech-ec.github.io/productos/cabl083-cable-iin-zii-usb-a-a-usb-c-8831-3m/
CABL025,Cable IIN ZII Usb-c 1.20M 8822,Recuperar imagen original y completar ficha,https://conectatech-ec.github.io/productos/cabl025-cable-iin-zii-usb-c-1-20m-8822/
CABL026,Cable IIN ZII Usb-c 1M 8826,Recuperar imagen original y completar ficha,https://conectatech-ec.github.io/productos/cabl026-cable-iin-zii-usb-c-1m-8826/
CABL027,Cable IIN ZII Usb-c 1M 8827,Recuperar imagen original y completar ficha,https://conectatech-ec.github.io/productos/cabl027-cable-iin-zii-usb-c-1m-8827/
CABL074,Cable IPH Usb-a A Lightning 1M,Recuperar imagen original y completar ficha,https://conectatech-ec.github.io/productos/cabl074-cable-iph-usb-a-a-lightning-1m/
CABL068,Cable IPH Usb-c A Usb-c 1M 60W,Recuperar imagen original y completar ficha,https://conectatech-ec.github.io/productos/cabl068-cable-iph-usb-c-a-usb-c-1m-60w/
CABL004,Cable IPH Usb-c A Usb-c 2M,Recuperar imagen original y completar ficha,https://conectatech-ec.github.io/productos/cabl004-cable-iph-usb-c-a-usb-c-2m/
CABL005,Cable Lightning A Usb-a 2M,Recuperar imagen original y completar ficha,https://conectatech-ec.github.io/productos/cabl005-cable-lightning-a-usb-a-2m/
CABL063,Cable Mini Hdmi A Hdmi,Recuperar imagen original y completar ficha,https://conectatech-ec.github.io/productos/cabl063-cable-mini-hdmi-a-hdmi/
CABL096,Cable Mini Hdmi A Hdmi Century 3M,Recuperar imagen original y completar ficha,https://conectatech-ec.github.io/productos/cabl096-cable-mini-hdmi-a-hdmi-century-3m/
CABL044,Cable Multiple + Cargador Inalambrico Vidvie CB4026,Recuperar imagen original y completar ficha,https://conectatech-ec.github.io/productos/cabl044-cable-multiple-cargador-inalambrico-vidvie-cb4026/
CABL046,Cable Multiple 3 EN 1 120W 6A S219,Recuperar imagen original y completar ficha,https://conectatech-ec.github.io/productos/cabl046-cable-multiple-3-en-1-120w-6a-s219/
CABL045,Cable Multiple 3 EN 1 Super Charging,Recuperar imagen original y completar ficha,https://conectatech-ec.github.io/productos/cabl045-cable-multiple-3-en-1-super-charging/
CABL159,Cable Multiple 4 EN 1 65W/27W,Recuperar imagen original y completar ficha,https://conectatech-ec.github.io/productos/cabl159-cable-multiple-4-en-1-65w-27w/
CABL158,Cable Para Rasuradora 5V 1.5M EDN,Recuperar imagen original y completar ficha,https://conectatech-ec.github.io/productos/cabl158-cable-para-rasuradora-5v-1-5m-edn/
CABL165,Cable Para Rasuradora Corriente Directa,Recuperar imagen original y completar ficha,https://conectatech-ec.github.io/productos/cabl165-cable-para-rasuradora-corriente-directa/
CABL037,Cable Samsung Usb-c A Usb-c 5A 1.8M,Recuperar imagen original y completar ficha,https://conectatech-ec.github.io/productos/cabl037-cable-samsung-usb-c-a-usb-c-5a-1-8m/
CABL033,Cable Stark Usb-c A Usb-c LC121C,Recuperar imagen original y completar ficha,https://conectatech-ec.github.io/productos/cabl033-cable-stark-usb-c-a-usb-c-lc121c/
CABL122,Cable Usb-a A Hdmi,Recuperar imagen original y completar ficha,https://conectatech-ec.github.io/productos/cabl122-cable-usb-a-a-hdmi/
CABL089,Cable Usb-a A Lightning Baten CB-102,Recuperar imagen original y completar ficha,https://conectatech-ec.github.io/productos/cabl089-cable-usb-a-a-lightning-baten-cb-102/
CABL099,Cable Usb-a A Lightning Earldom 1M Negro,Recuperar imagen original y completar ficha,https://conectatech-ec.github.io/productos/cabl099-cable-usb-a-a-lightning-earldom-1m-negro/
CABL075,Cable Usb-a A Mini-usb V3 1M Negro,Recuperar imagen original y completar ficha,https://conectatech-ec.github.io/productos/cabl075-cable-usb-a-a-mini-usb-v3-1m-negro/
CABL071,Cable Usb-a A Mini-usb V3 2M Azul,Recuperar imagen original y completar ficha,https://conectatech-ec.github.io/productos/cabl071-cable-usb-a-a-mini-usb-v3-2m-azul/
CABL048,Cable Usb-a A Usb-a Macho A Macho,Recuperar imagen original y completar ficha,https://conectatech-ec.github.io/productos/cabl048-cable-usb-a-a-usb-a-macho-a-macho/
CABL085,Cable Usb-a A Usb-c 2M 8A Braided CB85,Recuperar imagen original y completar ficha,https://conectatech-ec.github.io/productos/cabl085-cable-usb-a-a-usb-c-2m-8a-braided-cb85/
CABL137,Cable Usb-a A Usb-c 3M Klipxtreme Powergo 050 KAC-050-10FT,Recuperar imagen original y completar ficha,https://conectatech-ec.github.io/productos/cabl137-cable-usb-a-a-usb-c-3m-klipxtreme-powergo-050-kac-050-10ft/
CABL145,Cable Usb-a A Usb-c 3M Treqa,Recuperar imagen original y completar ficha,https://conectatech-ec.github.io/productos/cabl145-cable-usb-a-a-usb-c-3m-treqa/
CABL136,Cable Usb-a A Usb-c Klipxtreme 1M 30W Powergo 050,Recuperar imagen original y completar ficha,https://conectatech-ec.github.io/productos/cabl136-cable-usb-a-a-usb-c-klipxtreme-1m-30w-powergo-050/
CABL162,Cable Usb-c A 3.5MM Earldom AC01,Recuperar imagen original y completar ficha,https://conectatech-ec.github.io/productos/cabl162-cable-usb-c-a-3-5mm-earldom-ac01/
CABL129,Cable Usb-c A Displayport,Recuperar imagen original y completar ficha,https://conectatech-ec.github.io/productos/cabl129-cable-usb-c-a-displayport/
CABL128,Cable Usb-c A Hdmi 2M Andowl,Recuperar imagen original y completar ficha,https://conectatech-ec.github.io/productos/cabl128-cable-usb-c-a-hdmi-2m-andowl/
CABL030,Cable Usb-c A Lightning 2M,Recuperar imagen original y completar ficha,https://conectatech-ec.github.io/productos/cabl030-cable-usb-c-a-lightning-2m/
CABL166,Cable Usb-c A Lightning VER.2,Recuperar imagen original y completar ficha,https://conectatech-ec.github.io/productos/cabl166-cable-usb-c-a-lightning-ver-2/
CABL097,Cable Usb-c A Usb-c + Adaptador Usb-c Hembra A Lightning,Recuperar imagen original y completar ficha,https://conectatech-ec.github.io/productos/cabl097-cable-usb-c-a-usb-c-adaptador-usb-c-hembra-a-lightning/
CABL035,Cable Usb-c A Usb-c 2M Monster Power Flex,Recuperar imagen original y completar ficha,https://conectatech-ec.github.io/productos/cabl035-cable-usb-c-a-usb-c-2m-monster-power-flex/
CABL141,Cable Usb-c A Usb-c 60W Color Naranja,Recuperar imagen original y completar ficha,https://conectatech-ec.github.io/productos/cabl141-cable-usb-c-a-usb-c-60w-color-naranja/
CABL009,Cable Usb-c A Usb-c Gerlax GD-46T,Recuperar imagen original y completar ficha,https://conectatech-ec.github.io/productos/cabl009-cable-usb-c-a-usb-c-gerlax-gd-46t/
CABL108,Cable Usb-c A Usb-c Klipxtreme 1.8M 100W,Recuperar imagen original y completar ficha,https://conectatech-ec.github.io/productos/cabl108-cable-usb-c-a-usb-c-klipxtreme-1-8m-100w/
CABL107,Cable Usb-c A Usb-c Klipxtreme 1.8M 240W,Recuperar imagen original y completar ficha,https://conectatech-ec.github.io/productos/cabl107-cable-usb-c-a-usb-c-klipxtreme-1-8m-240w/
CABL103,Cable Usb-c A Usb-c Klipxtreme 1.8M 60W,Recuperar imagen original y completar ficha,https://conectatech-ec.github.io/productos/cabl103-cable-usb-c-a-usb-c-klipxtreme-1-8m-60w/
CABL105,Cable Usb-c A Usb-c Klipxtreme 3M 100W,Recuperar imagen original y completar ficha,https://conectatech-ec.github.io/productos/cabl105-cable-usb-c-a-usb-c-klipxtreme-3m-100w/
CABL106,Cable Usb-c A Usb-c Klipxtreme 3M 240W,Recuperar imagen original y completar ficha,https://conectatech-ec.github.io/productos/cabl106-cable-usb-c-a-usb-c-klipxtreme-3m-240w/
CABL104,Cable Usb-c A Usb-c Klipxtreme 3M 60W,Recuperar imagen original y completar ficha,https://conectatech-ec.github.io/productos/cabl104-cable-usb-c-a-usb-c-klipxtreme-3m-60w/
CABL084,Cable Usb-c A Usb-c Samsung 1.8M 5A,Recuperar imagen original y completar ficha,https://conectatech-ec.github.io/productos/cabl084-cable-usb-c-a-usb-c-samsung-1-8m-5a/
CABL052,Cable VGA 1.5M,Recuperar imagen original y completar ficha,https://conectatech-ec.github.io/productos/cabl052-cable-vga-1-5m/
CABL101,Cable Ven-dens 60W RGB CON LUZ Modelo VD-DCF05,Recuperar imagen original y completar ficha,https://conectatech-ec.github.io/productos/cabl101-cable-ven-dens-60w-rgb-con-luz-modelo-vd-dcf05/
CABL088,Cable XLR Macho A XLR Hembra Canon,Recuperar imagen original y completar ficha,https://conectatech-ec.github.io/productos/cabl088-cable-xlr-macho-a-xlr-hembra-canon/
CALC003,Calculadora CON PAD DE Escritura,Recuperar imagen original y completar ficha,https://conectatech-ec.github.io/productos/calc003-calculadora-con-pad-de-escritura/
CALC002,Calculadora Casio HL-815L,Recuperar imagen original y completar ficha,https://conectatech-ec.github.io/productos/calc002-calculadora-casio-hl-815l/
CALC001,Calculadora Casio MX-8B,Recuperar imagen original y completar ficha,https://conectatech-ec.github.io/productos/calc001-calculadora-casio-mx-8b/
CAMA003,Camara DE Seguridad BW300 Xiaomi,Recuperar imagen original y completar ficha,https://conectatech-ec.github.io/productos/cama003-camara-de-seguridad-bw300-xiaomi/
CAMA002,Camara DE Seguridad HD Tipo Foco,Recuperar imagen original y completar ficha,https://conectatech-ec.github.io/productos/cama002-camara-de-seguridad-hd-tipo-foco/
CAMA001,Camara DE Seguridad Mini Webcam HD,Recuperar imagen original y completar ficha,https://conectatech-ec.github.io/productos/cama001-camara-de-seguridad-mini-webcam-hd/
CAMA007,Camara DE Seguridad Nexxt Indoor 2K,Recuperar imagen original y completar ficha,https://conectatech-ec.github.io/productos/cama007-camara-de-seguridad-nexxt-indoor-2k/
CAMA008,Camara DE Seguridad TP Link Tapo Full HD 1080,Recuperar imagen original y completar ficha,https://conectatech-ec.github.io/productos/cama008-camara-de-seguridad-tp-link-tapo-full-hd-1080/
CAMA009,Camara DE Seguridad Vigi BY TP Link Outdoor Fullcolor Easycam C320,Recuperar imagen original y completar ficha,https://conectatech-ec.github.io/productos/cama009-camara-de-seguridad-vigi-by-tp-link-outdoor-fullcolor-easycam-c320/
CAMA005,Camara DE Seguridad Xiaomi C301 Para Interiores,Recuperar imagen original y completar ficha,https://conectatech-ec.github.io/productos/cama005-camara-de-seguridad-xiaomi-c301-para-interiores/
CAMA010,Camara Para Vehiculo Dashcam Andowl,Recuperar imagen original y completar ficha,https://conectatech-ec.github.io/productos/cama010-camara-para-vehiculo-dashcam-andowl/
CAND001,Candado Para Laptop Blot C Klip Xtreme,Recuperar imagen original y completar ficha,https://conectatech-ec.github.io/productos/cand001-candado-para-laptop-blot-c-klip-xtreme/
CAPT002,Capturadora DE Video Usb-a A Audio Y Video AV,Recuperar imagen original y completar ficha,https://conectatech-ec.github.io/productos/capt002-capturadora-de-video-usb-a-a-audio-y-video-av/
CARG036,Cargador 120W XIA GAN Charger SET,Recuperar imagen original y completar ficha,https://conectatech-ec.github.io/productos/carg036-cargador-120w-xia-gan-charger-set/
CARG040,Cargador 120W XIA Usb-c + Usb-c + Usb-a,Recuperar imagen original y completar ficha,https://conectatech-ec.github.io/productos/carg040-cargador-120w-xia-usb-c-usb-c-usb-a/
CARG053,Cargador 30W Usb-c CON Cable 1HORA,Recuperar imagen original y completar ficha,https://conectatech-ec.github.io/productos/carg053-cargador-30w-usb-c-con-cable-1hora/
CARG010,Cargador 45W SAM CON Cable Usb-c A Usb-c,Recuperar imagen original y completar ficha,https://conectatech-ec.github.io/productos/carg010-cargador-45w-sam-con-cable-usb-c-a-usb-c/
CARG015,Cargador 65W Power Trio SAM,Recuperar imagen original y completar ficha,https://conectatech-ec.github.io/productos/carg015-cargador-65w-power-trio-sam/
CARG054,Cargador 65W Usb-c + Usb-c + Usb-a 1HORA,Recuperar imagen original y completar ficha,https://conectatech-ec.github.io/productos/carg054-cargador-65w-usb-c-usb-c-usb-a-1hora/
CARG055,Cargador 65W Usb-c + Usb-c Doble 1HORA Plano,Recuperar imagen original y completar ficha,https://conectatech-ec.github.io/productos/carg055-cargador-65w-usb-c-usb-c-doble-1hora-plano/
CARG033,Cargador IIN ZII C536 CON Cable Usb-c,Recuperar imagen original y completar ficha,https://conectatech-ec.github.io/productos/carg033-cargador-iin-zii-c536-con-cable-usb-c/
CARG028,Cargador IPH 14PM 20W Usb-c A Lightning,Recuperar imagen original y completar ficha,https://conectatech-ec.github.io/productos/carg028-cargador-iph-14pm-20w-usb-c-a-lightning/
CARG048,Cargador IPH 16PH 35W Usb-c A Usb-c,Recuperar imagen original y completar ficha,https://conectatech-ec.github.io/productos/carg048-cargador-iph-16ph-35w-usb-c-a-usb-c/
CARG049,Cargador IPH 17PM 40W,Recuperar imagen original y completar ficha,https://conectatech-ec.github.io/productos/carg049-cargador-iph-17pm-40w/
CARG034,Cargador IPH 25W 15PM Usb-c A Usb-c,Recuperar imagen original y completar ficha,https://conectatech-ec.github.io/productos/carg034-cargador-iph-25w-15pm-usb-c-a-usb-c/
CARG001,Cargador IPH 35W Doble Conector Usb-c + Usb-c Y Cable Usb-c A Lightning,Recuperar imagen original y completar ficha,https://conectatech-ec.github.io/productos/carg001-cargador-iph-35w-doble-conector-usb-c-usb-c-y-cable-usb-c-a-lightning/
CARG046,Cargador IPH 50W Usb-c + Usb-c,Recuperar imagen original y completar ficha,https://conectatech-ec.github.io/productos/carg046-cargador-iph-50w-usb-c-usb-c/
CARG004,Cargador Inalambrico DE Mesa RCA Stand,Recuperar imagen original y completar ficha,https://conectatech-ec.github.io/productos/carg004-cargador-inalambrico-de-mesa-rca-stand/
CARG056,Cargador Micro-usb Realme CON Cable Incorporado V8,Recuperar imagen original y completar ficha,https://conectatech-ec.github.io/productos/carg056-cargador-micro-usb-realme-con-cable-incorporado-v8/
CARG057,Cargador Micro-usb V8 XIA,Recuperar imagen original y completar ficha,https://conectatech-ec.github.io/productos/carg057-cargador-micro-usb-v8-xia/
CARG006,Cargador Multiple Marca EVL Para AA + AAA + 9V AD-517,Recuperar imagen original y completar ficha,https://conectatech-ec.github.io/productos/carg006-cargador-multiple-marca-evl-para-aa-aaa-9v-ad-517/
CARG063,Cargador PRO 40 4G + 67W,Recuperar imagen original y completar ficha,https://conectatech-ec.github.io/productos/carg063-cargador-pro-40-4g-67w/
CARG007,Cargador Para AA + AAA Incluye AAA JB-212 Jiabao,Recuperar imagen original y completar ficha,https://conectatech-ec.github.io/productos/carg007-cargador-para-aa-aaa-incluye-aaa-jb-212-jiabao/
CARG058,Cargador Para MAC Magsafe 2 85W,Recuperar imagen original y completar ficha,https://conectatech-ec.github.io/productos/carg058-cargador-para-mac-magsafe-2-85w/
CARG059,Cargador Para MAC Usb-c 96W,Recuperar imagen original y completar ficha,https://conectatech-ec.github.io/productos/carg059-cargador-para-mac-usb-c-96w/
CARG045,Cargador Para Vehiculo Baten 38W BT-C42 Usb-c + Usb-a,Recuperar imagen original y completar ficha,https://conectatech-ec.github.io/productos/carg045-cargador-para-vehiculo-baten-38w-bt-c42-usb-c-usb-a/
CARG064,Cargador Para Vehiculo Belkin 42W,Recuperar imagen original y completar ficha,https://conectatech-ec.github.io/productos/carg064-cargador-para-vehiculo-belkin-42w/
CARG025,Cargador Para Vehiculo Earldom ES-123 Usb-a Doble,Recuperar imagen original y completar ficha,https://conectatech-ec.github.io/productos/carg025-cargador-para-vehiculo-earldom-es-123-usb-a-doble/
CARG035,Cargador Para Vehiculo IIN ZII IZ-C221 Usb-a Doble,Recuperar imagen original y completar ficha,https://conectatech-ec.github.io/productos/carg035-cargador-para-vehiculo-iin-zii-iz-c221-usb-a-doble/
CARG041,Cargador Para Vehiculo Ldnio 30W C105 Usb-a + Cable Usb-c,Recuperar imagen original y completar ficha,https://conectatech-ec.github.io/productos/carg041-cargador-para-vehiculo-ldnio-30w-c105-usb-a-cable-usb-c/
CARG042,Cargador Para Vehiculo Ldnio 60W C104 Usb-c Doble + Cable Usb-c A Usb-c,Recuperar imagen original y completar ficha,https://conectatech-ec.github.io/productos/carg042-cargador-para-vehiculo-ldnio-60w-c104-usb-c-doble-cable-usb-c-a-usb-c/
CARG014,Cargador Para Vehiculo Marca Monster 38W Usb-c + Usb-a,Recuperar imagen original y completar ficha,https://conectatech-ec.github.io/productos/carg014-cargador-para-vehiculo-marca-monster-38w-usb-c-usb-a/
CARG039,Cargador Para Vehiculo Multiple 4 EN 1,Recuperar imagen original y completar ficha,https://conectatech-ec.github.io/productos/carg039-cargador-para-vehiculo-multiple-4-en-1/
CARG051,Cargador Para Vehiculo Multiple CON Extension Powercar 100W Klipxtreme,Recuperar imagen original y completar ficha,https://conectatech-ec.github.io/productos/carg051-cargador-para-vehiculo-multiple-con-extension-powercar-100w-klipxtreme/
CARG019,Cargador Para Vehiculo ONE Must OM-CA03,Recuperar imagen original y completar ficha,https://conectatech-ec.github.io/productos/carg019-cargador-para-vehiculo-one-must-om-ca03/
CARG070,Cargador Para Vehiculo Powercar 140 Klipxtreme,Recuperar imagen original y completar ficha,https://conectatech-ec.github.io/productos/carg070-cargador-para-vehiculo-powercar-140-klipxtreme/
CARG047,Cargador Para Vehiculo SGS Modelo CC10,Recuperar imagen original y completar ficha,https://conectatech-ec.github.io/productos/carg047-cargador-para-vehiculo-sgs-modelo-cc10/
CARG065,Cargador Para Vehiculo Ugreen 52.5W,Recuperar imagen original y completar ficha,https://conectatech-ec.github.io/productos/carg065-cargador-para-vehiculo-ugreen-52-5w/
CARG068,Cargador Samsung Cubo 45W + Cable Usb-c A Usb-c,Recuperar imagen original y completar ficha,https://conectatech-ec.github.io/productos/carg068-cargador-samsung-cubo-45w-cable-usb-c-a-usb-c/
CARG038,Cargador Turbopower Moto,Recuperar imagen original y completar ficha,https://conectatech-ec.github.io/productos/carg038-cargador-turbopower-moto/
CARG062,Cargador Universal Para Laptop 65W,Recuperar imagen original y completar ficha,https://conectatech-ec.github.io/productos/carg062-cargador-universal-para-laptop-65w/
CARG044,Cargador Voltrax 30W Usb-c + Cable,Recuperar imagen original y completar ficha,https://conectatech-ec.github.io/productos/carg044-cargador-voltrax-30w-usb-c-cable/
CHIP004,Chip Simcard CNT,Recuperar imagen original y completar ficha,https://conectatech-ec.github.io/productos/chip004-chip-simcard-cnt/
CHIP001,Chip Simcard Claro,Recuperar imagen original y completar ficha,https://conectatech-ec.github.io/productos/chip001-chip-simcard-claro/
CHIP002,Chip Simcard Movistar,Recuperar imagen original y completar ficha,https://conectatech-ec.github.io/productos/chip002-chip-simcard-movistar/
CHIP003,Chip Simcard Tuenti,Recuperar imagen original y completar ficha,https://conectatech-ec.github.io/productos/chip003-chip-simcard-tuenti/
COBE006,Cobertor - Estuche Airpods PRO 2 Floreados,Recuperar imagen original y completar ficha,https://conectatech-ec.github.io/productos/cobe006-cobertor-estuche-airpods-pro-2-floreados/
COBE002,Cobertor - Estuche Airpods PRO 2 Mickey,Recuperar imagen original y completar ficha,https://conectatech-ec.github.io/productos/cobe002-cobertor-estuche-airpods-pro-2-mickey/
COBE009,Cobertor - Estuche Airpods PRO 2 Spigen,Recuperar imagen original y completar ficha,https://conectatech-ec.github.io/productos/cobe009-cobertor-estuche-airpods-pro-2-spigen/
COBE007,Cobertor - Estuche Para Airpods Blister Varios Colores,Recuperar imagen original y completar ficha,https://conectatech-ec.github.io/productos/cobe007-cobertor-estuche-para-airpods-blister-varios-colores/
COBE001,Cobertor - Estuche Para Cargadores Varios Modelos,Recuperar imagen original y completar ficha,https://conectatech-ec.github.io/productos/cobe001-cobertor-estuche-para-cargadores-varios-modelos/
CORR007,Correa Para Reloj Smarwatch Varios Modelos - Colores,Recuperar imagen original y completar ficha,https://conectatech-ec.github.io/productos/corr007-correa-para-reloj-smarwatch-varios-modelos-colores/
CORT01,Cortapicos Ldnio Multienchufes 6 Puertos Usb-a CS3604,Recuperar imagen original y completar ficha,https://conectatech-ec.github.io/productos/cort01-cortapicos-ldnio-multienchufes-6-puertos-usb-a-cs3604/
CORT03,Cortapicos Modelo K37 Power Socket,Recuperar imagen original y completar ficha,https://conectatech-ec.github.io/productos/cort03-cortapicos-modelo-k37-power-socket/
CORT04,Cortapicos Power Socket Usb-c X2 + Usb-a X2,Recuperar imagen original y completar ficha,https://conectatech-ec.github.io/productos/cort04-cortapicos-power-socket-usb-c-x2-usb-a-x2/
CORT06,Cortapicos Regleta Negra Megastar,Recuperar imagen original y completar ficha,https://conectatech-ec.github.io/productos/cort06-cortapicos-regleta-negra-megastar/
CUBO021,Cubo 40W Usb-c,Recuperar imagen original y completar ficha,https://conectatech-ec.github.io/productos/cubo021-cubo-40w-usb-c/
CUBO018,Cubo Cargador 20W Monster Usbc + Usb-a,Recuperar imagen original y completar ficha,https://conectatech-ec.github.io/productos/cubo018-cubo-cargador-20w-monster-usbc-usb-a/
CUBO013,Cubo Cargador 25W Monster RC252 1A1C,Recuperar imagen original y completar ficha,https://conectatech-ec.github.io/productos/cubo013-cubo-cargador-25w-monster-rc252-1a1c/
CUBO009,Cubo Cargador 33W XIA,Recuperar imagen original y completar ficha,https://conectatech-ec.github.io/productos/cubo009-cubo-cargador-33w-xia/
CUBO008,Cubo Cargador 35W Usb-c + Usb-c Doble,Recuperar imagen original y completar ficha,https://conectatech-ec.github.io/productos/cubo008-cubo-cargador-35w-usb-c-usb-c-doble/
CUBO010,Cubo Cargador 67W XIA,Recuperar imagen original y completar ficha,https://conectatech-ec.github.io/productos/cubo010-cubo-cargador-67w-xia/
CUBO003,Cubo Cargador IIN ZII 45W IZ-C523,Recuperar imagen original y completar ficha,https://conectatech-ec.github.io/productos/cubo003-cubo-cargador-iin-zii-45w-iz-c523/
CUBO016,Cubo Cargador IIN ZII C536,Recuperar imagen original y completar ficha,https://conectatech-ec.github.io/productos/cubo016-cubo-cargador-iin-zii-c536/
CUBO005,Cubo Cargador IPH 15PM 35W 5G,Recuperar imagen original y completar ficha,https://conectatech-ec.github.io/productos/cubo005-cubo-cargador-iph-15pm-35w-5g/
CUBO002,Cubo Cargador Marca Ventev,Recuperar imagen original y completar ficha,https://conectatech-ec.github.io/productos/cubo002-cubo-cargador-marca-ventev/
CUBO015,Cubo Cargador Onemust 30W OM-A02,Recuperar imagen original y completar ficha,https://conectatech-ec.github.io/productos/cubo015-cubo-cargador-onemust-30w-om-a02/
CUBO019,Cubo Cargador Samsung 25W,Recuperar imagen original y completar ficha,https://conectatech-ec.github.io/productos/cubo019-cubo-cargador-samsung-25w/
CUBO023,Cubo DE Carga 20W Klipxtreme,Recuperar imagen original y completar ficha,https://conectatech-ec.github.io/productos/cubo023-cubo-de-carga-20w-klipxtreme/
CUBO024,Cubo DE Carga IPH 17PM 35W Usb-c,Recuperar imagen original y completar ficha,https://conectatech-ec.github.io/productos/cubo024-cubo-de-carga-iph-17pm-35w-usb-c/
CUBO025,Cubo Samsung 45W 23132,Recuperar imagen original y completar ficha,https://conectatech-ec.github.io/productos/cubo025-cubo-samsung-45w-23132/
CUBO011,Cubo USB Power Adapter 5W Usb-a 18245,Recuperar imagen original y completar ficha,https://conectatech-ec.github.io/productos/cubo011-cubo-usb-power-adapter-5w-usb-a-18245/
DEST001,Destornilladores Universales DE Precision,Recuperar imagen original y completar ficha,https://conectatech-ec.github.io/productos/dest001-destornilladores-universales-de-precision/
JUGU167,Dinosaurio Coelccionable Varios Modelos,Recuperar imagen original y completar ficha,https://conectatech-ec.github.io/productos/jugu167-dinosaurio-coelccionable-varios-modelos/
ESTAB007,Estabilizador C08,Recuperar imagen original y completar ficha,https://conectatech-ec.github.io/productos/estab007-estabilizador-c08/
ESTAB005,Estabilizador CM8,Recuperar imagen original y completar ficha,https://conectatech-ec.github.io/productos/estab005-estabilizador-cm8/
ESTAB002,Estabilizador M1,Recuperar imagen original y completar ficha,https://conectatech-ec.github.io/productos/estab002-estabilizador-m1/
ESTAB006,Estabilizador Q18,Recuperar imagen original y completar ficha,https://conectatech-ec.github.io/productos/estab006-estabilizador-q18/
ESTA002,Estacion DE Carga GAN PRO 6 Puertos Usb-c X3 + Usb-a X3,Recuperar imagen original y completar ficha,https://conectatech-ec.github.io/productos/esta002-estacion-de-carga-gan-pro-6-puertos-usb-c-x3-usb-a-x3/
ESTU091,Estruche Para Iphone CON Magsafe Semitransparente Gear,Recuperar imagen original y completar ficha,https://conectatech-ec.github.io/productos/estu091-estruche-para-iphone-con-magsafe-semitransparente-gear/
ESTU102,Estuche Agenda 360 7-9 Pulgadas,Recuperar imagen original y completar ficha,https://conectatech-ec.github.io/productos/estu102-estuche-agenda-360-7-9-pulgadas/
ESTU009,Estuche IPH DE Cuero Leather CON Magsafe Para Iphone Varios Modelos,Recuperar imagen original y completar ficha,https://conectatech-ec.github.io/productos/estu009-estuche-iph-de-cuero-leather-con-magsafe-para-iphone-varios-modelos/
ESTU057,Estuche Magsafe Para Iphone Ag-glass Premium CON Protector DE Camara,Recuperar imagen original y completar ficha,https://conectatech-ec.github.io/productos/estu057-estuche-magsafe-para-iphone-ag-glass-premium-con-protector-de-camara/
ESTU060,Estuche Magsafe Para Iphone Borde Plateado Varios Diseos,Recuperar imagen original y completar ficha,https://conectatech-ec.github.io/productos/estu060-estuche-magsafe-para-iphone-borde-plateado-varios-diseos/
ESTU065,Estuche Magsafe Para Iphone CON Soporte I-like,Recuperar imagen original y completar ficha,https://conectatech-ec.github.io/productos/estu065-estuche-magsafe-para-iphone-con-soporte-i-like/
ESTU064,Estuche Magsafe Para Iphone GEAR4 Varios Colores,Recuperar imagen original y completar ficha,https://conectatech-ec.github.io/productos/estu064-estuche-magsafe-para-iphone-gear4-varios-colores/
ESTU053,Estuche Magsafe Para Iphone Transparente CON Bordes DE Colores,Recuperar imagen original y completar ficha,https://conectatech-ec.github.io/productos/estu053-estuche-magsafe-para-iphone-transparente-con-bordes-de-colores/
ESTU059,Estuche Magsafe Para Iphone Transparente Resistente CON Brillos Anew Dress,Recuperar imagen original y completar ficha,https://conectatech-ec.github.io/productos/estu059-estuche-magsafe-para-iphone-transparente-resistente-con-brillos-anew-dress/
ESTU062,Estuche Magsafe Para Iphone Transparente Rigido CON Bordes DE Colores,Recuperar imagen original y completar ficha,https://conectatech-ec.github.io/productos/estu062-estuche-magsafe-para-iphone-transparente-rigido-con-bordes-de-colores/
ESTU054,Estuche Magsafe Para Iphone Transparete Semi-rigido,Recuperar imagen original y completar ficha,https://conectatech-ec.github.io/productos/estu054-estuche-magsafe-para-iphone-transparete-semi-rigido/
ESTU055,Estuche Magsafe Transaparente Para Iphone Tipo Silicon,Recuperar imagen original y completar ficha,https://conectatech-ec.github.io/productos/estu055-estuche-magsafe-transaparente-para-iphone-tipo-silicon/
ESTU073,Estuche Para Iphone 360 Completo Ultra-resistente,Recuperar imagen original y completar ficha,https://conectatech-ec.github.io/productos/estu073-estuche-para-iphone-360-completo-ultra-resistente/
ESTU092,Estuche Para Iphone Acuerado HDD,Recuperar imagen original y completar ficha,https://conectatech-ec.github.io/productos/estu092-estuche-para-iphone-acuerado-hdd/
ESTU022,Estuche Para Iphone Acuerdado CON Soporte Ring 360,Recuperar imagen original y completar ficha,https://conectatech-ec.github.io/productos/estu022-estuche-para-iphone-acuerdado-con-soporte-ring-360/
ESTU076,Estuche Para Iphone Acuerdado CON Wallet,Recuperar imagen original y completar ficha,https://conectatech-ec.github.io/productos/estu076-estuche-para-iphone-acuerdado-con-wallet/
ESTU087,Estuche Para Iphone Acuerdado CON Wallet,Recuperar imagen original y completar ficha,https://conectatech-ec.github.io/productos/estu087-estuche-para-iphone-acuerdado-con-wallet/
ESTU078,Estuche Para Iphone CON Brillos Presidio,Recuperar imagen original y completar ficha,https://conectatech-ec.github.io/productos/estu078-estuche-para-iphone-con-brillos-presidio/
ESTU100,Estuche Para Iphone CON Magsafe Case Completo Rigido Elegant,Recuperar imagen original y completar ficha,https://conectatech-ec.github.io/productos/estu100-estuche-para-iphone-con-magsafe-case-completo-rigido-elegant/
ESTU084,Estuche Para Iphone CON Magsafe Mate Varios Colores,Recuperar imagen original y completar ficha,https://conectatech-ec.github.io/productos/estu084-estuche-para-iphone-con-magsafe-mate-varios-colores/
ESTU086,Estuche Para Iphone CON Magsafe Moderno Naranja,Recuperar imagen original y completar ficha,https://conectatech-ec.github.io/productos/estu086-estuche-para-iphone-con-magsafe-moderno-naranja/
ESTU085,Estuche Para Iphone CON Magsafe Resistente Premium Tornasol,Recuperar imagen original y completar ficha,https://conectatech-ec.github.io/productos/estu085-estuche-para-iphone-con-magsafe-resistente-premium-tornasol/
ESTU096,Estuche Para Iphone CON Magsafe Transparente Belkin,Recuperar imagen original y completar ficha,https://conectatech-ec.github.io/productos/estu096-estuche-para-iphone-con-magsafe-transparente-belkin/
ESTU094,Estuche Para Iphone CON Magsafe Y Brillos NEW Case,Recuperar imagen original y completar ficha,https://conectatech-ec.github.io/productos/estu094-estuche-para-iphone-con-magsafe-y-brillos-new-case/
ESTU088,Estuche Para Iphone CON Magsafe Y Soporte,Recuperar imagen original y completar ficha,https://conectatech-ec.github.io/productos/estu088-estuche-para-iphone-con-magsafe-y-soporte/
ESTU063,Estuche Para Iphone CON Soporte Ring 360,Recuperar imagen original y completar ficha,https://conectatech-ec.github.io/productos/estu063-estuche-para-iphone-con-soporte-ring-360/
ESTU066,Estuche Para Iphone D Elegant CON Soporte Ring 360,Recuperar imagen original y completar ficha,https://conectatech-ec.github.io/productos/estu066-estuche-para-iphone-d-elegant-con-soporte-ring-360/
ESTU098,Estuche Para Iphone Elegant CON Protector DE Camara,Recuperar imagen original y completar ficha,https://conectatech-ec.github.io/productos/estu098-estuche-para-iphone-elegant-con-protector-de-camara/
ESTU082,Estuche Para Iphone Escarhados Dingend,Recuperar imagen original y completar ficha,https://conectatech-ec.github.io/productos/estu082-estuche-para-iphone-escarhados-dingend/
ESTU079,Estuche Para Iphone Fiesta Series Core,Recuperar imagen original y completar ficha,https://conectatech-ec.github.io/productos/estu079-estuche-para-iphone-fiesta-series-core/
ESTU075,Estuche Para Iphone Ipefet,Recuperar imagen original y completar ficha,https://conectatech-ec.github.io/productos/estu075-estuche-para-iphone-ipefet/
ESTU099,Estuche Para Iphone Magnetico Delgado,Recuperar imagen original y completar ficha,https://conectatech-ec.github.io/productos/estu099-estuche-para-iphone-magnetico-delgado/
ESTU090,Estuche Para Iphone Magsafe CON Soporte,Recuperar imagen original y completar ficha,https://conectatech-ec.github.io/productos/estu090-estuche-para-iphone-magsafe-con-soporte/
ESTU093,Estuche Para Iphone Magsafe Spigen PRO Case,Recuperar imagen original y completar ficha,https://conectatech-ec.github.io/productos/estu093-estuche-para-iphone-magsafe-spigen-pro-case/
ESTU074,Estuche Para Iphone Moderno,Recuperar imagen original y completar ficha,https://conectatech-ec.github.io/productos/estu074-estuche-para-iphone-moderno/
ESTU089,Estuche Para Iphone Moderno Adidas,Recuperar imagen original y completar ficha,https://conectatech-ec.github.io/productos/estu089-estuche-para-iphone-moderno-adidas/
ESTU058,Estuche Para Iphone Protective Case Classic Desing,Recuperar imagen original y completar ficha,https://conectatech-ec.github.io/productos/estu058-estuche-para-iphone-protective-case-classic-desing/
ESTU071,Estuche Para Iphone Semitransparente CON Ring 360 Varios Colores,Recuperar imagen original y completar ficha,https://conectatech-ec.github.io/productos/estu071-estuche-para-iphone-semitransparente-con-ring-360-varios-colores/
ESTU068,Estuche Para Iphone Spigen CON Soporte,Recuperar imagen original y completar ficha,https://conectatech-ec.github.io/productos/estu068-estuche-para-iphone-spigen-con-soporte/
ESTU070,Estuche Para Iphone Spigen Premum Varios Modelos - Diseos,Recuperar imagen original y completar ficha,https://conectatech-ec.github.io/productos/estu070-estuche-para-iphone-spigen-premum-varios-modelos-diseos/
ESTU081,Estuche Para Iphone Transparente Resistente CON Protectores DE Camara,Recuperar imagen original y completar ficha,https://conectatech-ec.github.io/productos/estu081-estuche-para-iphone-transparente-resistente-con-protectores-de-camara/
ESTU072,Estuche Para Iphone Transparente Resitente CON Magsafe Y Protector DE Camara,Recuperar imagen original y completar ficha,https://conectatech-ec.github.io/productos/estu072-estuche-para-iphone-transparente-resitente-con-magsafe-y-protector-de-camara/
ESTU097,Estuche Para Iphone Ultra Resistente Lifeproof Varios Colores,Recuperar imagen original y completar ficha,https://conectatech-ec.github.io/productos/estu097-estuche-para-iphone-ultra-resistente-lifeproof-varios-colores/
ESTU095,Estuche Para Iphone Varios Disenos,Recuperar imagen original y completar ficha,https://conectatech-ec.github.io/productos/estu095-estuche-para-iphone-varios-disenos/
ESTU083,Estuche Para Iphone Verde CON Ring 360,Recuperar imagen original y completar ficha,https://conectatech-ec.github.io/productos/estu083-estuche-para-iphone-verde-con-ring-360/
ESTU080,Estuche Para Iphone Y Samsung CON Rayas Intercaladas,Recuperar imagen original y completar ficha,https://conectatech-ec.github.io/productos/estu080-estuche-para-iphone-y-samsung-con-rayas-intercaladas/
ESTU061,Estuche Para Magsafe Para Iphone Premium Desing,Recuperar imagen original y completar ficha,https://conectatech-ec.github.io/productos/estu061-estuche-para-magsafe-para-iphone-premium-desing/
ESTU067,Estuche Resistente Para Iphone Reforzado Drop Plus,Recuperar imagen original y completar ficha,https://conectatech-ec.github.io/productos/estu067-estuche-resistente-para-iphone-reforzado-drop-plus/
ESTU030,Estuche Tipo Agenda Marca Melking 8 Pulgadas,Recuperar imagen original y completar ficha,https://conectatech-ec.github.io/productos/estu030-estuche-tipo-agenda-marca-melking-8-pulgadas/
ESTU052,Estuche Transparente Esencial Para Iphone,Recuperar imagen original y completar ficha,https://conectatech-ec.github.io/productos/estu052-estuche-transparente-esencial-para-iphone/
ESTU051,Estuche Transparente Premium Para Iphone,Recuperar imagen original y completar ficha,https://conectatech-ec.github.io/productos/estu051-estuche-transparente-premium-para-iphone/
ESTU040,Estuche Universal DE Cinturon Universales Varios Tamaos,Recuperar imagen original y completar ficha,https://conectatech-ec.github.io/productos/estu040-estuche-universal-de-cinturon-universales-varios-tamaos/
ESTU021,Estuche Universal Tipo Agenda 8 Pulgadas,Recuperar imagen original y completar ficha,https://conectatech-ec.github.io/productos/estu021-estuche-universal-tipo-agenda-8-pulgadas/
ESTU026,Estuche Universal Tipo Agenda 8 Pulgadas DE Corazones,Recuperar imagen original y completar ficha,https://conectatech-ec.github.io/productos/estu026-estuche-universal-tipo-agenda-8-pulgadas-de-corazones/
ESTU020,Estuche Universal Tipo Agenda 9 Pulgadas,Recuperar imagen original y completar ficha,https://conectatech-ec.github.io/productos/estu020-estuche-universal-tipo-agenda-9-pulgadas/
ESTU029,Estuche Universal Tipo Agenda Animado 7-8 Pulgadas,Recuperar imagen original y completar ficha,https://conectatech-ec.github.io/productos/estu029-estuche-universal-tipo-agenda-animado-7-8-pulgadas/
ESTU035,Estuche Universal Tipo Agenda CON Teclado Notrackpad,Recuperar imagen original y completar ficha,https://conectatech-ec.github.io/productos/estu035-estuche-universal-tipo-agenda-con-teclado-notrackpad/
ESTU036,Estuche Universal Tipo Agenda CON Teclado Trackpad,Recuperar imagen original y completar ficha,https://conectatech-ec.github.io/productos/estu036-estuche-universal-tipo-agenda-con-teclado-trackpad/
ESTU037,Estuche Universales DE Goma 9-10-11-12 Pulgadas,Recuperar imagen original y completar ficha,https://conectatech-ec.github.io/productos/estu037-estuche-universales-de-goma-9-10-11-12-pulgadas/
EXTE003,Extensor DE Wifi 1200MBPS 6 Antenas,Recuperar imagen original y completar ficha,https://conectatech-ec.github.io/productos/exte003-extensor-de-wifi-1200mbps-6-antenas/
EXTE002,Extensor DE Wifi 2.4GHZ Pix-link Modelo WR41Q,Recuperar imagen original y completar ficha,https://conectatech-ec.github.io/productos/exte002-extensor-de-wifi-2-4ghz-pix-link-modelo-wr41q/
FOCO001,Foco Recargable CON Boquilla 20W Duralight,Recuperar imagen original y completar ficha,https://conectatech-ec.github.io/productos/foco001-foco-recargable-con-boquilla-20w-duralight/
FOCO002,Foco Recargable DE Mano CON Panel Solar Astro,Recuperar imagen original y completar ficha,https://conectatech-ec.github.io/productos/foco002-foco-recargable-de-mano-con-panel-solar-astro/
FREI001,Freidora DE Aire ENV 3 Litros 1000W Envase DE Vidrio,Recuperar imagen original y completar ficha,https://conectatech-ec.github.io/productos/frei001-freidora-de-aire-env-3-litros-1000w-envase-de-vidrio/
FUND002,Funda Cobertor DE Laptop 14.5,Recuperar imagen original y completar ficha,https://conectatech-ec.github.io/productos/fund002-funda-cobertor-de-laptop-14-5/
FUND005,Funda Cobertora DE Laptop 10-12 Pulgadas,Recuperar imagen original y completar ficha,https://conectatech-ec.github.io/productos/fund005-funda-cobertora-de-laptop-10-12-pulgadas/
GADG004,Gadget Odometro Para Bicicleta Sunding,Recuperar imagen original y completar ficha,https://conectatech-ec.github.io/productos/gadg004-gadget-odometro-para-bicicleta-sunding/
GADG008,Gadget Pantalla Magnetica Para Produccion Y Selfie,Recuperar imagen original y completar ficha,https://conectatech-ec.github.io/productos/gadg008-gadget-pantalla-magnetica-para-produccion-y-selfie/
GADG001,Gadget Taza Game Over Blanca,Recuperar imagen original y completar ficha,https://conectatech-ec.github.io/productos/gadg001-gadget-taza-game-over-blanca/
GANC001,Gancho DE Mano Deportivo Para Ejercitar,Recuperar imagen original y completar ficha,https://conectatech-ec.github.io/productos/ganc001-gancho-de-mano-deportivo-para-ejercitar/
GRAM004,Gramera Mediana Tipo Plato,Recuperar imagen original y completar ficha,https://conectatech-ec.github.io/productos/gram004-gramera-mediana-tipo-plato/
GRAM002,Gramera Para Comida CON Envase,Recuperar imagen original y completar ficha,https://conectatech-ec.github.io/productos/gram002-gramera-para-comida-con-envase/
GRAM003,Gramera Tipo Gancho,Recuperar imagen original y completar ficha,https://conectatech-ec.github.io/productos/gram003-gramera-tipo-gancho/
HUB005,HUB 3.0 8 IN 2 Usb-c + Usb-a Adapter,Recuperar imagen original y completar ficha,https://conectatech-ec.github.io/productos/hub005-hub-3-0-8-in-2-usb-c-usb-a-adapter/
HUB017,HUB 3.0 Usb-a A LAN Ethernet RJ45,Recuperar imagen original y completar ficha,https://conectatech-ec.github.io/productos/hub017-hub-3-0-usb-a-a-lan-ethernet-rj45/
HUB001,HUB 3.0 Usb-a A Usb-a X4 Puertos,Recuperar imagen original y completar ficha,https://conectatech-ec.github.io/productos/hub001-hub-3-0-usb-a-a-usb-a-x4-puertos/
HUB011,HUB USB 11 EN 1 Fast,Recuperar imagen original y completar ficha,https://conectatech-ec.github.io/productos/hub011-hub-usb-11-en-1-fast/
HUB008,HUB USB 3.0 7 Puertos Orvesion,Recuperar imagen original y completar ficha,https://conectatech-ec.github.io/productos/hub008-hub-usb-3-0-7-puertos-orvesion/
HUB020,HUB USB 6 Ports Fast PD + Ethernet RJ45,Recuperar imagen original y completar ficha,https://conectatech-ec.github.io/productos/hub020-hub-usb-6-ports-fast-pd-ethernet-rj45/
HUB030,HUB USB Belkin 4K 5 Puertos 100W,Recuperar imagen original y completar ficha,https://conectatech-ec.github.io/productos/hub030-hub-usb-belkin-4k-5-puertos-100w/
HUB015,HUB USB HP 2.0 Usb-a X4,Recuperar imagen original y completar ficha,https://conectatech-ec.github.io/productos/hub015-hub-usb-hp-2-0-usb-a-x4/
HUB014,HUB USB Targus 2.0 Usb-a X4,Recuperar imagen original y completar ficha,https://conectatech-ec.github.io/productos/hub014-hub-usb-targus-2-0-usb-a-x4/
HUB025,HUB Usb-a A RED Ethernet RJ45,Recuperar imagen original y completar ficha,https://conectatech-ec.github.io/productos/hub025-hub-usb-a-a-red-ethernet-rj45/
HUB022,HUB Usb-a A Usb-a X4 A-809,Recuperar imagen original y completar ficha,https://conectatech-ec.github.io/productos/hub022-hub-usb-a-a-usb-a-x4-a-809/
HUB029,HUB Usb-a A Usb-a X4 Orvesion,Recuperar imagen original y completar ficha,https://conectatech-ec.github.io/productos/hub029-hub-usb-a-a-usb-a-x4-orvesion/
HUB027,HUB Usb-a A Usb-a X7 Puertos,Recuperar imagen original y completar ficha,https://conectatech-ec.github.io/productos/hub027-hub-usb-a-a-usb-a-x7-puertos/
HUB010,HUB Usb-c 3 EN 1 Salida C / USB,Recuperar imagen original y completar ficha,https://conectatech-ec.github.io/productos/hub010-hub-usb-c-3-en-1-salida-c-usb/
HUB004,HUB Usb-c 4 Puertos RCA HB01,Recuperar imagen original y completar ficha,https://conectatech-ec.github.io/productos/hub004-hub-usb-c-4-puertos-rca-hb01/
HUB012,HUB Usb-c A Hdmi + VGA Orvesion,Recuperar imagen original y completar ficha,https://conectatech-ec.github.io/productos/hub012-hub-usb-c-a-hdmi-vga-orvesion/
HUB006,HUB Usb-c A Usb-a X3 + Ethernet Orvesion,Recuperar imagen original y completar ficha,https://conectatech-ec.github.io/productos/hub006-hub-usb-c-a-usb-a-x3-ethernet-orvesion/
HUB016,HUB Usb-c A Usb-a X3 + USB C S/R,Recuperar imagen original y completar ficha,https://conectatech-ec.github.io/productos/hub016-hub-usb-c-a-usb-a-x3-usb-c-s-r/
HUB021,HUB Usb-c A Usb-a X4 C-809,Recuperar imagen original y completar ficha,https://conectatech-ec.github.io/productos/hub021-hub-usb-c-a-usb-a-x4-c-809/
HUB028,HUB Usb-c A Usb-a X4 Orvesion,Recuperar imagen original y completar ficha,https://conectatech-ec.github.io/productos/hub028-hub-usb-c-a-usb-a-x4-orvesion/
HUB009,HUB Usb-c A Usb-a X4 Puertos Yourz MU7,Recuperar imagen original y completar ficha,https://conectatech-ec.github.io/productos/hub009-hub-usb-c-a-usb-a-x4-puertos-yourz-mu7/
HUB007,HUB Usb-c A Usb-c Hembra + Usb-a Orvesion,Recuperar imagen original y completar ficha,https://conectatech-ec.github.io/productos/hub007-hub-usb-c-a-usb-c-hembra-usb-a-orvesion/
HUB026,HUB Usb-c Ugreen 4K 60HZ 6 EN 1,Recuperar imagen original y completar ficha,https://conectatech-ec.github.io/productos/hub026-hub-usb-c-ugreen-4k-60hz-6-en-1/
HUB024,HUB Usb-c Ugreen CON Ethernet RJ45 1000MBPS,Recuperar imagen original y completar ficha,https://conectatech-ec.github.io/productos/hub024-hub-usb-c-ugreen-con-ethernet-rj45-1000mbps/
INVE002,Inversor DE Voltaje Para Vehiculo DC 12 A 110V + Usb-a,Recuperar imagen original y completar ficha,https://conectatech-ec.github.io/productos/inve002-inversor-de-voltaje-para-vehiculo-dc-12-a-110v-usb-a/
JUGU109,Juguete .carrito Pichirilo Coleccionable EN Caja,Recuperar imagen original y completar ficha,https://conectatech-ec.github.io/productos/jugu109-juguete-carrito-pichirilo-coleccionable-en-caja/
JUGU115,Juguete Armable Carros F1,Recuperar imagen original y completar ficha,https://conectatech-ec.github.io/productos/jugu115-juguete-armable-carros-f1/
JUGU157,Juguete Armable Castillo DE Princesa 848 PCS,Recuperar imagen original y completar ficha,https://conectatech-ec.github.io/productos/jugu157-juguete-armable-castillo-de-princesa-848-pcs/
JUGU101,Juguete Armable DE Auto 244 Piezas NO.33001,Recuperar imagen original y completar ficha,https://conectatech-ec.github.io/productos/jugu101-juguete-armable-de-auto-244-piezas-no-33001/
JUGU050,Juguete Armable DE Personajes Variados - Varios Modelos,Recuperar imagen original y completar ficha,https://conectatech-ec.github.io/productos/jugu050-juguete-armable-de-personajes-variados-varios-modelos/
JUGU148,Juguete Armable Florero 109 Piezas,Recuperar imagen original y completar ficha,https://conectatech-ec.github.io/productos/jugu148-juguete-armable-florero-109-piezas/
JUGU149,Juguete Armable Florero Pequeo 309 Piezas,Recuperar imagen original y completar ficha,https://conectatech-ec.github.io/productos/jugu149-juguete-armable-florero-pequeo-309-piezas/
JUGU105,Juguete Armable Moto BMW 255 Piezas,Recuperar imagen original y completar ficha,https://conectatech-ec.github.io/productos/jugu105-juguete-armable-moto-bmw-255-piezas/
JUGU159,Juguete Armable Pastel Cake 344 Piezas,Recuperar imagen original y completar ficha,https://conectatech-ec.github.io/productos/jugu159-juguete-armable-pastel-cake-344-piezas/
JUGU114,Juguete Armable Racecar Mingdi,Recuperar imagen original y completar ficha,https://conectatech-ec.github.io/productos/jugu114-juguete-armable-racecar-mingdi/
JUGU153,Juguete Armable Street View Coctelera DE Jugos,Recuperar imagen original y completar ficha,https://conectatech-ec.github.io/productos/jugu153-juguete-armable-street-view-coctelera-de-jugos/
JUGU090,Juguete Armable Transformer Avion Y Mueco 689 Piezas,Recuperar imagen original y completar ficha,https://conectatech-ec.github.io/productos/jugu090-juguete-armable-transformer-avion-y-mueco-689-piezas/
JUGU038,Juguete Auto Armable Ferrari Rojo,Recuperar imagen original y completar ficha,https://conectatech-ec.github.io/productos/jugu038-juguete-auto-armable-ferrari-rojo/
JUGU103,Juguete BUS Escolar Pequeo,Recuperar imagen original y completar ficha,https://conectatech-ec.github.io/productos/jugu103-juguete-bus-escolar-pequeo/
JUGU112,Juguete Bicicleta Armable,Recuperar imagen original y completar ficha,https://conectatech-ec.github.io/productos/jugu112-juguete-bicicleta-armable/
JUGU002,Juguete Bicicleta Hyper Realista Coleccionable,Recuperar imagen original y completar ficha,https://conectatech-ec.github.io/productos/jugu002-juguete-bicicleta-hyper-realista-coleccionable/
JUGU108,Juguete Bicicleta Montanera Coleccionable,Recuperar imagen original y completar ficha,https://conectatech-ec.github.io/productos/jugu108-juguete-bicicleta-montanera-coleccionable/
JUGU127,Juguete Camara Instantanea Para Nios(as),Recuperar imagen original y completar ficha,https://conectatech-ec.github.io/productos/jugu127-juguete-camara-instantanea-para-nios-as/
JUGU133,Juguete Caminoneta Coleccionable Jeep Grande,Recuperar imagen original y completar ficha,https://conectatech-ec.github.io/productos/jugu133-juguete-caminoneta-coleccionable-jeep-grande/
JUGU040,Juguete Camioneta Combi Coleccionable Grande,Recuperar imagen original y completar ficha,https://conectatech-ec.github.io/productos/jugu040-juguete-camioneta-combi-coleccionable-grande/
JUGU042,Juguete Camioneta Combi Coleccionable Mediana,Recuperar imagen original y completar ficha,https://conectatech-ec.github.io/productos/jugu042-juguete-camioneta-combi-coleccionable-mediana/
JUGU041,Juguete Camioneta Combi Coleccionable Semi Mediana,Recuperar imagen original y completar ficha,https://conectatech-ec.github.io/productos/jugu041-juguete-camioneta-combi-coleccionable-semi-mediana/
JUGU089,Juguete Camioneta Tesla,Recuperar imagen original y completar ficha,https://conectatech-ec.github.io/productos/jugu089-juguete-camioneta-tesla/
JUGU075,Juguete Camioneta Truck Pickup,Recuperar imagen original y completar ficha,https://conectatech-ec.github.io/productos/jugu075-juguete-camioneta-truck-pickup/
JUGU104,Juguete Camioneta Vans Greddy,Recuperar imagen original y completar ficha,https://conectatech-ec.github.io/productos/jugu104-juguete-camioneta-vans-greddy/
JUGU110,Juguete Carrito Coleccionable Swat Policia Pequeo,Recuperar imagen original y completar ficha,https://conectatech-ec.github.io/productos/jugu110-juguete-carrito-coleccionable-swat-policia-pequeo/
JUGU102,Juguete Carrito DE Personaje Dinosuario Retractil,Recuperar imagen original y completar ficha,https://conectatech-ec.github.io/productos/jugu102-juguete-carrito-de-personaje-dinosuario-retractil/
JUGU074,Juguete Carrito Rayo Mcqueen Mediano,Recuperar imagen original y completar ficha,https://conectatech-ec.github.io/productos/jugu074-juguete-carrito-rayo-mcqueen-mediano/
JUGU085,Juguete Carrito Rayo Mcqueen Pequeo,Recuperar imagen original y completar ficha,https://conectatech-ec.github.io/productos/jugu085-juguete-carrito-rayo-mcqueen-pequeo/
JUGU146,Juguete Carro A Control Remoto Verde Xuda RC CAR,Recuperar imagen original y completar ficha,https://conectatech-ec.github.io/productos/jugu146-juguete-carro-a-control-remoto-verde-xuda-rc-car/
JUGU076,Juguete Carro Antiguo Lada,Recuperar imagen original y completar ficha,https://conectatech-ec.github.io/productos/jugu076-juguete-carro-antiguo-lada/
JUGU059,Juguete Carro Coleccionable CON Trailer Y Gasolinera,Recuperar imagen original y completar ficha,https://conectatech-ec.github.io/productos/jugu059-juguete-carro-coleccionable-con-trailer-y-gasolinera/
JUGU088,Juguete Carro Coleccionable Camaro,Recuperar imagen original y completar ficha,https://conectatech-ec.github.io/productos/jugu088-juguete-carro-coleccionable-camaro/
JUGU134,Juguete Carro Coleccionable Camaro Tornasol,Recuperar imagen original y completar ficha,https://conectatech-ec.github.io/productos/jugu134-juguete-carro-coleccionable-camaro-tornasol/
JUGU093,Juguete Carro Coleccionable Camioneta F150 Pequea,Recuperar imagen original y completar ficha,https://conectatech-ec.github.io/productos/jugu093-juguete-carro-coleccionable-camioneta-f150-pequea/
JUGU095,Juguete Carro Coleccionable Camioneta Toyota FJ,Recuperar imagen original y completar ficha,https://conectatech-ec.github.io/productos/jugu095-juguete-carro-coleccionable-camioneta-toyota-fj/
JUGU116,Juguete Carro Coleccionable DE Metal Lamborghini Mediano Purpura,Recuperar imagen original y completar ficha,https://conectatech-ec.github.io/productos/jugu116-juguete-carro-coleccionable-de-metal-lamborghini-mediano-purpura/
JUGU094,Juguete Carro Coleccionable Deportivo Amarillo,Recuperar imagen original y completar ficha,https://conectatech-ec.github.io/productos/jugu094-juguete-carro-coleccionable-deportivo-amarillo/
JUGU091,Juguete Carro Coleccionable Deportivo Semi Mediano Varios Modelos,Recuperar imagen original y completar ficha,https://conectatech-ec.github.io/productos/jugu091-juguete-carro-coleccionable-deportivo-semi-mediano-varios-modelos/
JUGU081,Juguete Carro Coleccionable Mercedes Benz,Recuperar imagen original y completar ficha,https://conectatech-ec.github.io/productos/jugu081-juguete-carro-coleccionable-mercedes-benz/
JUGU096,Juguete Carro Coleccionable Mercedes Benz Deportivo CON Stickers,Recuperar imagen original y completar ficha,https://conectatech-ec.github.io/productos/jugu096-juguete-carro-coleccionable-mercedes-benz-deportivo-con-stickers/
JUGU072,Juguete Carro Coleccionable Mercedes Benz Pequeo,Recuperar imagen original y completar ficha,https://conectatech-ec.github.io/productos/jugu072-juguete-carro-coleccionable-mercedes-benz-pequeo/
JUGU045,Juguete Carro Coleccionable Porsche,Recuperar imagen original y completar ficha,https://conectatech-ec.github.io/productos/jugu045-juguete-carro-coleccionable-porsche/
JUGU049,Juguete Carro Coleccionable Rapido Y Furioso Blanco,Recuperar imagen original y completar ficha,https://conectatech-ec.github.io/productos/jugu049-juguete-carro-coleccionable-rapido-y-furioso-blanco/
JUGU077,Juguete Carro Coleccionable Shelby Rayas,Recuperar imagen original y completar ficha,https://conectatech-ec.github.io/productos/jugu077-juguete-carro-coleccionable-shelby-rayas/
JUGU135,Juguete Carro Coleccionale Skyline Racing,Recuperar imagen original y completar ficha,https://conectatech-ec.github.io/productos/jugu135-juguete-carro-coleccionale-skyline-racing/
JUGU082,Juguete Carro DE Coleccion Mercedes AM30,Recuperar imagen original y completar ficha,https://conectatech-ec.github.io/productos/jugu082-juguete-carro-de-coleccion-mercedes-am30/
JUGU084,Juguete Carro DE Coleccion Mercedes Benz Deportivo,Recuperar imagen original y completar ficha,https://conectatech-ec.github.io/productos/jugu084-juguete-carro-de-coleccion-mercedes-benz-deportivo/
JUGU036,Juguete Carro DE Coleccion Pichirilo Grande,Recuperar imagen original y completar ficha,https://conectatech-ec.github.io/productos/jugu036-juguete-carro-de-coleccion-pichirilo-grande/
JUGU037,Juguete Carro DE Coleccion Tamao Mercedes Benz Antiguo Grande,Recuperar imagen original y completar ficha,https://conectatech-ec.github.io/productos/jugu037-juguete-carro-de-coleccion-tamao-mercedes-benz-antiguo-grande/
JUGU152,Juguete Carro Grande EN Contenedor Naranja Varios Modelos,Recuperar imagen original y completar ficha,https://conectatech-ec.github.io/productos/jugu152-juguete-carro-grande-en-contenedor-naranja-varios-modelos/
JUGU005,Juguete Carro Mini Model,Recuperar imagen original y completar ficha,https://conectatech-ec.github.io/productos/jugu005-juguete-carro-mini-model/
JUGU160,Juguete Carrusel Creative Music BOX,Recuperar imagen original y completar ficha,https://conectatech-ec.github.io/productos/jugu160-juguete-carrusel-creative-music-box/
JUGU065,Juguete Cuadro CON Brillos Personajes Animados Varios Modelos,Recuperar imagen original y completar ficha,https://conectatech-ec.github.io/productos/jugu065-juguete-cuadro-con-brillos-personajes-animados-varios-modelos/
JUGU113,Juguete Cubo Rubik,Recuperar imagen original y completar ficha,https://conectatech-ec.github.io/productos/jugu113-juguete-cubo-rubik/
JUGU161,Juguete DE Combate,Recuperar imagen original y completar ficha,https://conectatech-ec.github.io/productos/jugu161-juguete-de-combate/
JUGU058,Juguete Dinosaurio Armable NO13087 1268 Piezas,Recuperar imagen original y completar ficha,https://conectatech-ec.github.io/productos/jugu058-juguete-dinosaurio-armable-no13087-1268-piezas/
JUGU154,Juguete Excavadora A Control Remoto,Recuperar imagen original y completar ficha,https://conectatech-ec.github.io/productos/jugu154-juguete-excavadora-a-control-remoto/
JUGU143,Juguete KIT Escolar Funda Kpop,Recuperar imagen original y completar ficha,https://conectatech-ec.github.io/productos/jugu143-juguete-kit-escolar-funda-kpop/
JUGU165,Juguete Libro Para Colorear Guerreras Kpop,Recuperar imagen original y completar ficha,https://conectatech-ec.github.io/productos/jugu165-juguete-libro-para-colorear-guerreras-kpop/
JUGU123,Juguete Mario Kart Grande Personaje Luigi,Recuperar imagen original y completar ficha,https://conectatech-ec.github.io/productos/jugu123-juguete-mario-kart-grande-personaje-luigi/
JUGU122,Juguete Mario Kart Grande Personaje Mario,Recuperar imagen original y completar ficha,https://conectatech-ec.github.io/productos/jugu122-juguete-mario-kart-grande-personaje-mario/
JUGU023,Juguete Mini Consola DE Video Juegos Power BOX G3 800 EN 1,Recuperar imagen original y completar ficha,https://conectatech-ec.github.io/productos/jugu023-juguete-mini-consola-de-video-juegos-power-box-g3-800-en-1/
JUGU021,Juguete Mini Consola DE Videojuegos D20S 500 IN 1 CON Control,Recuperar imagen original y completar ficha,https://conectatech-ec.github.io/productos/jugu021-juguete-mini-consola-de-videojuegos-d20s-500-in-1-con-control/
JUGU014,Juguete Mini Consola DE Videojuegos F4,Recuperar imagen original y completar ficha,https://conectatech-ec.github.io/productos/jugu014-juguete-mini-consola-de-videojuegos-f4/
JUGU012,Juguete Mini Consola DE Videojuegos F5,Recuperar imagen original y completar ficha,https://conectatech-ec.github.io/productos/jugu012-juguete-mini-consola-de-videojuegos-f5/
JUGU020,Juguete Mini Consola DE Videojuegos Gameboy G620,Recuperar imagen original y completar ficha,https://conectatech-ec.github.io/productos/jugu020-juguete-mini-consola-de-videojuegos-gameboy-g620/
JUGU121,Juguete Mini Consola DE Videojuegos J36 Ultra,Recuperar imagen original y completar ficha,https://conectatech-ec.github.io/productos/jugu121-juguete-mini-consola-de-videojuegos-j36-ultra/
JUGU015,Juguete Mini Consola DE Videojuegos K36,Recuperar imagen original y completar ficha,https://conectatech-ec.github.io/productos/jugu015-juguete-mini-consola-de-videojuegos-k36/
JUGU131,Juguete Mini Consola DE Videojuegos M26,Recuperar imagen original y completar ficha,https://conectatech-ec.github.io/productos/jugu131-juguete-mini-consola-de-videojuegos-m26/
JUGU130,Juguete Mini Consola DE Videojuegos M27,Recuperar imagen original y completar ficha,https://conectatech-ec.github.io/productos/jugu130-juguete-mini-consola-de-videojuegos-m27/
JUGU067,Juguete Mini Consola DE Videojuegos M3 SUP,Recuperar imagen original y completar ficha,https://conectatech-ec.github.io/productos/jugu067-juguete-mini-consola-de-videojuegos-m3-sup/
JUGU017,Juguete Mini Consola DE Videojuegos Mario Q8 520 IN 1,Recuperar imagen original y completar ficha,https://conectatech-ec.github.io/productos/jugu017-juguete-mini-consola-de-videojuegos-mario-q8-520-in-1/
JUGU022,Juguete Mini Consola DE Videojuegos Portatil Mini 500 Games,Recuperar imagen original y completar ficha,https://conectatech-ec.github.io/productos/jugu022-juguete-mini-consola-de-videojuegos-portatil-mini-500-games/
JUGU027,Juguete Mini Consola DE Videojuegos R36S,Recuperar imagen original y completar ficha,https://conectatech-ec.github.io/productos/jugu027-juguete-mini-consola-de-videojuegos-r36s/
JUGU125,Juguete Mini Consola DE Videojuegos R36XX,Recuperar imagen original y completar ficha,https://conectatech-ec.github.io/productos/jugu125-juguete-mini-consola-de-videojuegos-r36xx/
JUGU018,Juguete Mini Consola DE Videojuegos SUP CON Control,Recuperar imagen original y completar ficha,https://conectatech-ec.github.io/productos/jugu018-juguete-mini-consola-de-videojuegos-sup-con-control/
JUGU013,Juguete Mini Consola DE Videojuegos X8,Recuperar imagen original y completar ficha,https://conectatech-ec.github.io/productos/jugu013-juguete-mini-consola-de-videojuegos-x8/
JUGU126,Juguete Mini Consola DE Videojuegos XF40H,Recuperar imagen original y completar ficha,https://conectatech-ec.github.io/productos/jugu126-juguete-mini-consola-de-videojuegos-xf40h/
JUGU031,Juguete Mini Piano - Teclado Mario Bros CON Sonidos Para Ninos(as),Recuperar imagen original y completar ficha,https://conectatech-ec.github.io/productos/jugu031-juguete-mini-piano-teclado-mario-bros-con-sonidos-para-ninos-as/
JUGU061,Juguete Moto Armable L33022-1 Master OF Motoquick,Recuperar imagen original y completar ficha,https://conectatech-ec.github.io/productos/jugu061-juguete-moto-armable-l33022-1-master-of-motoquick/
JUGU119,Juguete Moto Coleccionable DE Alta Gama Harley Davison Grande,Recuperar imagen original y completar ficha,https://conectatech-ec.github.io/productos/jugu119-juguete-moto-coleccionable-de-alta-gama-harley-davison-grande/
JUGU140,Juguete Moto Coleccionable Deportiva Adventure CON Maletas Grande,Recuperar imagen original y completar ficha,https://conectatech-ec.github.io/productos/jugu140-juguete-moto-coleccionable-deportiva-adventure-con-maletas-grande/
JUGU150,Juguete Moto Coleccionable EN Contenedor Naranja,Recuperar imagen original y completar ficha,https://conectatech-ec.github.io/productos/jugu150-juguete-moto-coleccionable-en-contenedor-naranja/
JUGU048,Juguete Moto Coleccionable Grande,Recuperar imagen original y completar ficha,https://conectatech-ec.github.io/productos/jugu048-juguete-moto-coleccionable-grande/
JUGU120,Juguete Moto Coleccionable Harley Davison Mediana,Recuperar imagen original y completar ficha,https://conectatech-ec.github.io/productos/jugu120-juguete-moto-coleccionable-harley-davison-mediana/
JUGU087,Juguete Moto Coleccionable Mediana VER.2,Recuperar imagen original y completar ficha,https://conectatech-ec.github.io/productos/jugu087-juguete-moto-coleccionable-mediana-ver-2/
JUGU136,Juguete Moto Coleccionable R1M Grande Celeste,Recuperar imagen original y completar ficha,https://conectatech-ec.github.io/productos/jugu136-juguete-moto-coleccionable-r1m-grande-celeste/
JUGU079,Juguete Moto Coleccionable Scooter 400GT,Recuperar imagen original y completar ficha,https://conectatech-ec.github.io/productos/jugu079-juguete-moto-coleccionable-scooter-400gt/
JUGU106,Juguete Moto Enduro Coleccionable,Recuperar imagen original y completar ficha,https://conectatech-ec.github.io/productos/jugu106-juguete-moto-enduro-coleccionable/
JUGU051,Juguete Moto Mediana Coleccionable Varios Modelos,Recuperar imagen original y completar ficha,https://conectatech-ec.github.io/productos/jugu051-juguete-moto-mediana-coleccionable-varios-modelos/
JUGU007,Juguete Moto Pequea Clasica 6011,Recuperar imagen original y completar ficha,https://conectatech-ec.github.io/productos/jugu007-juguete-moto-pequea-clasica-6011/
JUGU068,Juguete Moto Vespa Coleccionable,Recuperar imagen original y completar ficha,https://conectatech-ec.github.io/productos/jugu068-juguete-moto-vespa-coleccionable/
JUGU030,Juguete Mueco DE Mario Grande,Recuperar imagen original y completar ficha,https://conectatech-ec.github.io/productos/jugu030-juguete-mueco-de-mario-grande/
JUGU156,Juguete Mueco DE TOY Story,Recuperar imagen original y completar ficha,https://conectatech-ec.github.io/productos/jugu156-juguete-mueco-de-toy-story/
JUGU009,Juguete Mueco Naruto,Recuperar imagen original y completar ficha,https://conectatech-ec.github.io/productos/jugu009-juguete-mueco-naruto/
JUGU128,Juguete Mueco Para Nios(as) DE Myworld,Recuperar imagen original y completar ficha,https://conectatech-ec.github.io/productos/jugu128-juguete-mueco-para-nios-as-de-myworld/
JUGU099,Juguete Mueco Personaje Luigi Caja Roja,Recuperar imagen original y completar ficha,https://conectatech-ec.github.io/productos/jugu099-juguete-mueco-personaje-luigi-caja-roja/
JUGU098,Juguete Mueco Personaje Mario Bros Caja Roja,Recuperar imagen original y completar ficha,https://conectatech-ec.github.io/productos/jugu098-juguete-mueco-personaje-mario-bros-caja-roja/
JUGU063,Juguete Mueco Personaje Mario Bros Gorra Blanca,Recuperar imagen original y completar ficha,https://conectatech-ec.github.io/productos/jugu063-juguete-mueco-personaje-mario-bros-gorra-blanca/
JUGU062,Juguete Mueco Personaje Wario,Recuperar imagen original y completar ficha,https://conectatech-ec.github.io/productos/jugu062-juguete-mueco-personaje-wario/
JUGU100,Juguete Mueco Spiderman Marvel,Recuperar imagen original y completar ficha,https://conectatech-ec.github.io/productos/jugu100-juguete-mueco-spiderman-marvel/
JUGU147,Juguete Perro Electronico Rosado,Recuperar imagen original y completar ficha,https://conectatech-ec.github.io/productos/jugu147-juguete-perro-electronico-rosado/
JUGU025,Juguete Personajes DE Mario Bros Detallados,Recuperar imagen original y completar ficha,https://conectatech-ec.github.io/productos/jugu025-juguete-personajes-de-mario-bros-detallados/
JUGU155,Juguete Pista DE Mario 60 Piezas,Recuperar imagen original y completar ficha,https://conectatech-ec.github.io/productos/jugu155-juguete-pista-de-mario-60-piezas/
JUGU057,Juguete Pizarra Electronica Para Nios(as) 8.5 LCD Panel Monito,Recuperar imagen original y completar ficha,https://conectatech-ec.github.io/productos/jugu057-juguete-pizarra-electronica-para-nios-as-8-5-lcd-panel-monito/
JUGU070,Juguete SET Carritos Maleta Pack 4 Unidades,Recuperar imagen original y completar ficha,https://conectatech-ec.github.io/productos/jugu070-juguete-set-carritos-maleta-pack-4-unidades/
JUGU069,Juguete SET Carritos Maleta Pack 8 Unidades,Recuperar imagen original y completar ficha,https://conectatech-ec.github.io/productos/jugu069-juguete-set-carritos-maleta-pack-8-unidades/
JUGU164,Juguete SET DE Maquillaje Guerreras Kpop,Recuperar imagen original y completar ficha,https://conectatech-ec.github.io/productos/jugu164-juguete-set-de-maquillaje-guerreras-kpop/
JUGU145,Juguete SET DE Maquillaje Para Nias,Recuperar imagen original y completar ficha,https://conectatech-ec.github.io/productos/jugu145-juguete-set-de-maquillaje-para-nias/
JUGU163,Juguete SET DE Maquillaje Para Nias Tipo Agenda,Recuperar imagen original y completar ficha,https://conectatech-ec.github.io/productos/jugu163-juguete-set-de-maquillaje-para-nias-tipo-agenda/
JUGU162,Juguete SET DE Maquillaje Para Nias Tipo Libro,Recuperar imagen original y completar ficha,https://conectatech-ec.github.io/productos/jugu162-juguete-set-de-maquillaje-para-nias-tipo-libro/
JUGU158,Juguete SET DE Muecas Kuromi,Recuperar imagen original y completar ficha,https://conectatech-ec.github.io/productos/jugu158-juguete-set-de-muecas-kuromi/
JUGU142,Juguete Sorpresa Kpop,Recuperar imagen original y completar ficha,https://conectatech-ec.github.io/productos/jugu142-juguete-sorpresa-kpop/
JUGU138,Juguete Taxi Coleccionable Amarillo Antiguo,Recuperar imagen original y completar ficha,https://conectatech-ec.github.io/productos/jugu138-juguete-taxi-coleccionable-amarillo-antiguo/
JUGU139,Juguete Taxi Coleccionable Deportivo Celeste,Recuperar imagen original y completar ficha,https://conectatech-ec.github.io/productos/jugu139-juguete-taxi-coleccionable-deportivo-celeste/
JUGU137,Juguete Taxi Pichirilo Coleccionable Amarillo,Recuperar imagen original y completar ficha,https://conectatech-ec.github.io/productos/jugu137-juguete-taxi-pichirilo-coleccionable-amarillo/
JUGU124,Juguetes Camioneta Coleccionable Hummer / Jeep,Recuperar imagen original y completar ficha,https://conectatech-ec.github.io/productos/jugu124-juguetes-camioneta-coleccionable-hummer-jeep/
JUGU151,Juguetes Carrito Pequeno EN Contenedor Naranja,Recuperar imagen original y completar ficha,https://conectatech-ec.github.io/productos/jugu151-juguetes-carrito-pequeno-en-contenedor-naranja/
KIT003,KIT DE Grabacion Para Celulares AY-49U,Recuperar imagen original y completar ficha,https://conectatech-ec.github.io/productos/kit003-kit-de-grabacion-para-celulares-ay-49u/
LED003,LED Tira LED RGB 10 Metros,Recuperar imagen original y completar ficha,https://conectatech-ec.github.io/productos/led003-led-tira-led-rgb-10-metros/
LED002,LED Tira LED RGB 5M,Recuperar imagen original y completar ficha,https://conectatech-ec.github.io/productos/led002-led-tira-led-rgb-5m/
LAMP003,Lampara LED Grande Ovalada,Recuperar imagen original y completar ficha,https://conectatech-ec.github.io/productos/lamp003-lampara-led-grande-ovalada/
LAMP002,Lampara Plegable DE Escritorio Pequea,Recuperar imagen original y completar ficha,https://conectatech-ec.github.io/productos/lamp002-lampara-plegable-de-escritorio-pequea/
LAMP001,Lampara Plegable Para Escritorio Mediana,Recuperar imagen original y completar ficha,https://conectatech-ec.github.io/productos/lamp001-lampara-plegable-para-escritorio-mediana/
LASE002,Laser Puntero Color Rojo Simple,Recuperar imagen original y completar ficha,https://conectatech-ec.github.io/productos/lase002-laser-puntero-color-rojo-simple/
LASE001,Laser Puntero Color Verde,Recuperar imagen original y completar ficha,https://conectatech-ec.github.io/productos/lase001-laser-puntero-color-verde/
LASE004,Laser Puntero Tipo Esfero,Recuperar imagen original y completar ficha,https://conectatech-ec.github.io/productos/lase004-laser-puntero-tipo-esfero/
LECT004,Lector DE Cd-dvd Externo Andowl,Recuperar imagen original y completar ficha,https://conectatech-ec.github.io/productos/lect004-lector-de-cd-dvd-externo-andowl/
LECT005,Lector DE Cd-dvd Externo Marca Dell,Recuperar imagen original y completar ficha,https://conectatech-ec.github.io/productos/lect005-lector-de-cd-dvd-externo-marca-dell/
LINT007,Linterna CON Estuche Verde,Recuperar imagen original y completar ficha,https://conectatech-ec.github.io/productos/lint007-linterna-con-estuche-verde/
LINT008,Linterna CON Guinda Modelo WJ-960,Recuperar imagen original y completar ficha,https://conectatech-ec.github.io/productos/lint008-linterna-con-guinda-modelo-wj-960/
LINT009,Linterna DE Cabeza KY-1805,Recuperar imagen original y completar ficha,https://conectatech-ec.github.io/productos/lint009-linterna-de-cabeza-ky-1805/
LINT010,Linterna DE Cabeza NF-611,Recuperar imagen original y completar ficha,https://conectatech-ec.github.io/productos/lint010-linterna-de-cabeza-nf-611/
LINT001,Linterna DE Cabeza YM 308,Recuperar imagen original y completar ficha,https://conectatech-ec.github.io/productos/lint001-linterna-de-cabeza-ym-308/
LINT005,Linterna Multiuso Modelo W5138 Tipo Llavero,Recuperar imagen original y completar ficha,https://conectatech-ec.github.io/productos/lint005-linterna-multiuso-modelo-w5138-tipo-llavero/
MICA015,Mica Antiespia Para Iphone 11 Series,Recuperar imagen original y completar ficha,https://conectatech-ec.github.io/productos/mica015-mica-antiespia-para-iphone-11-series/
MICA017,Mica Antiespia Para Iphone Magic Glass,Recuperar imagen original y completar ficha,https://conectatech-ec.github.io/productos/mica017-mica-antiespia-para-iphone-magic-glass/
MICR02,Microfono Alambrico 3.5MM MC-R1,Recuperar imagen original y completar ficha,https://conectatech-ec.github.io/productos/micr02-microfono-alambrico-3-5mm-mc-r1/
MICR20,Microfono Alambrico Modelo PGA58,Recuperar imagen original y completar ficha,https://conectatech-ec.github.io/productos/micr20-microfono-alambrico-modelo-pga58/
MICR06,Microfono Alambrico Usb-c MC-R2,Recuperar imagen original y completar ficha,https://conectatech-ec.github.io/productos/micr06-microfono-alambrico-usb-c-mc-r2/
MICR21,Microfono F9 Doble CON Conector Lightning,Recuperar imagen original y completar ficha,https://conectatech-ec.github.io/productos/micr21-microfono-f9-doble-con-conector-lightning/
MICR32,Microfono Gamer ENV Gamepod Para Pc-laptop,Recuperar imagen original y completar ficha,https://conectatech-ec.github.io/productos/micr32-microfono-gamer-env-gamepod-para-pc-laptop/
MICR33,Microfono Genuine Para Pc-laptop,Recuperar imagen original y completar ficha,https://conectatech-ec.github.io/productos/micr33-microfono-genuine-para-pc-laptop/
MICR13,Microfono Inalambrico CON Powerbank SX21,Recuperar imagen original y completar ficha,https://conectatech-ec.github.io/productos/micr13-microfono-inalambrico-con-powerbank-sx21/
MICR03,Microfono Inalambrico Doble Para Iphone K9,Recuperar imagen original y completar ficha,https://conectatech-ec.github.io/productos/micr03-microfono-inalambrico-doble-para-iphone-k9/
MICR14,Microfono Inalambrico F15-2,Recuperar imagen original y completar ficha,https://conectatech-ec.github.io/productos/micr14-microfono-inalambrico-f15-2/
MICR09,Microfono Inalambrico NK11,Recuperar imagen original y completar ficha,https://conectatech-ec.github.io/productos/micr09-microfono-inalambrico-nk11/
MICR34,Microfono Inalambrico SET 2 Sagapu TTD-M12,Recuperar imagen original y completar ficha,https://conectatech-ec.github.io/productos/micr34-microfono-inalambrico-set-2-sagapu-ttd-m12/
MICR12,Microfono Inalambrico Triple Conector S/R,Recuperar imagen original y completar ficha,https://conectatech-ec.github.io/productos/micr12-microfono-inalambrico-triple-conector-s-r/
MICR30,Microfono Inalambrico Vocal Profesional UHF,Recuperar imagen original y completar ficha,https://conectatech-ec.github.io/productos/micr30-microfono-inalambrico-vocal-profesional-uhf/
MICR36,Microfono JBL Quantum Stream Wireless Usb-c,Recuperar imagen original y completar ficha,https://conectatech-ec.github.io/productos/micr36-microfono-jbl-quantum-stream-wireless-usb-c/
MICR10,Microfono K35,Recuperar imagen original y completar ficha,https://conectatech-ec.github.io/productos/micr10-microfono-k35/
MICR35,Microfono Lavalier ANC Magnetico,Recuperar imagen original y completar ficha,https://conectatech-ec.github.io/productos/micr35-microfono-lavalier-anc-magnetico/
MICR28,Microfono M6 SET 1,Recuperar imagen original y completar ficha,https://conectatech-ec.github.io/productos/micr28-microfono-m6-set-1/
MICR23,Microfono M6 Usb-c Doble Modulo SET 2,Recuperar imagen original y completar ficha,https://conectatech-ec.github.io/productos/micr23-microfono-m6-usb-c-doble-modulo-set-2/
MICR08,Microfono Para Pc-laptop HP DHP-1100I,Recuperar imagen original y completar ficha,https://conectatech-ec.github.io/productos/micr08-microfono-para-pc-laptop-hp-dhp-1100i/
MICR24,Microfono Primus VOX01,Recuperar imagen original y completar ficha,https://conectatech-ec.github.io/productos/micr24-microfono-primus-vox01/
MICR25,Microfono Vocal Thunder Sound 53HS472,Recuperar imagen original y completar ficha,https://conectatech-ec.github.io/productos/micr25-microfono-vocal-thunder-sound-53hs472/
MOUS001,Mouse Alambrico Color Gris-negro S/R,Recuperar imagen original y completar ficha,https://conectatech-ec.github.io/productos/mous001-mouse-alambrico-color-gris-negro-s-r/
MOUS030,Mouse Alambrico Gaming RCA Game ON 5RCA555,Recuperar imagen original y completar ficha,https://conectatech-ec.github.io/productos/mous030-mouse-alambrico-gaming-rca-game-on-5rca555/
MOUS014,Mouse Alambrico Gaming RCA-201,Recuperar imagen original y completar ficha,https://conectatech-ec.github.io/productos/mous014-mouse-alambrico-gaming-rca-201/
MOUS021,Mouse Alambrico Monster 5MONT36,Recuperar imagen original y completar ficha,https://conectatech-ec.github.io/productos/mous021-mouse-alambrico-monster-5mont36/
MOUS045,Mouse ENV Vortex Gaming Silencioso,Recuperar imagen original y completar ficha,https://conectatech-ec.github.io/productos/mous045-mouse-env-vortex-gaming-silencioso/
MOUS025,Mouse Ergonomico Inalambrico Yelandar Modelo D6,Recuperar imagen original y completar ficha,https://conectatech-ec.github.io/productos/mous025-mouse-ergonomico-inalambrico-yelandar-modelo-d6/
MOUS035,Mouse Ergonomico Klipxtreme Ergolast,Recuperar imagen original y completar ficha,https://conectatech-ec.github.io/productos/mous035-mouse-ergonomico-klipxtreme-ergolast/
MOUS003,Mouse Ergonomico Meetion BTM010R,Recuperar imagen original y completar ficha,https://conectatech-ec.github.io/productos/mous003-mouse-ergonomico-meetion-btm010r/
MOUS007,Mouse Game Mouse RCA X103,Recuperar imagen original y completar ficha,https://conectatech-ec.github.io/productos/mous007-mouse-game-mouse-rca-x103/
MOUS005,Mouse Genius,Recuperar imagen original y completar ficha,https://conectatech-ec.github.io/productos/mous005-mouse-genius/
MOUS020,Mouse Inalamabrico RCA X86,Recuperar imagen original y completar ficha,https://conectatech-ec.github.io/productos/mous020-mouse-inalamabrico-rca-x86/
MOUS031,Mouse Inalambrico 2.4GHZ Para Laptop Y PC / Usb-a + Bluetooth,Recuperar imagen original y completar ficha,https://conectatech-ec.github.io/productos/mous031-mouse-inalambrico-2-4ghz-para-laptop-y-pc-usb-a-bluetooth/
MOUS043,Mouse Inalambrico ENV Gaming PRO,Recuperar imagen original y completar ficha,https://conectatech-ec.github.io/productos/mous043-mouse-inalambrico-env-gaming-pro/
MOUS011,Mouse Inalambrico Ergonomico Meetion R390 / BTM008,Recuperar imagen original y completar ficha,https://conectatech-ec.github.io/productos/mous011-mouse-inalambrico-ergonomico-meetion-r390-btm008/
MOUS022,Mouse Inalambrico Monster 5MONT35,Recuperar imagen original y completar ficha,https://conectatech-ec.github.io/productos/mous022-mouse-inalambrico-monster-5mont35/
MOUS010,Mouse Inalambrico Monster Airmars M5,Recuperar imagen original y completar ficha,https://conectatech-ec.github.io/productos/mous010-mouse-inalambrico-monster-airmars-m5/
MOUS013,Mouse Inalambrico RCA200,Recuperar imagen original y completar ficha,https://conectatech-ec.github.io/productos/mous013-mouse-inalambrico-rca200/
MOUS016,Mouse Inalambrico S/R Micro-usb / Usb-a + Bluetooth,Recuperar imagen original y completar ficha,https://conectatech-ec.github.io/productos/mous016-mouse-inalambrico-s-r-micro-usb-usb-a-bluetooth/
MOUS026,Mouse Inalambrico Ver. X2,Recuperar imagen original y completar ficha,https://conectatech-ec.github.io/productos/mous026-mouse-inalambrico-ver-x2/
MOUS027,Mouse Inalambrico Zornwee CH002,Recuperar imagen original y completar ficha,https://conectatech-ec.github.io/productos/mous027-mouse-inalambrico-zornwee-ch002/
MOUS041,Mouse Klipextreme Arrow KMW-335WH,Recuperar imagen original y completar ficha,https://conectatech-ec.github.io/productos/mous041-mouse-klipextreme-arrow-kmw-335wh/
MOUS036,Mouse Klipxtreme Lightflex,Recuperar imagen original y completar ficha,https://conectatech-ec.github.io/productos/mous036-mouse-klipxtreme-lightflex/
MOUS037,Mouse Klipxtreme Slimsurfer,Recuperar imagen original y completar ficha,https://conectatech-ec.github.io/productos/mous037-mouse-klipxtreme-slimsurfer/
MOUS039,Mouse Meetion BTM005 Transparente,Recuperar imagen original y completar ficha,https://conectatech-ec.github.io/productos/mous039-mouse-meetion-btm005-transparente/
MOUS040,Mouse Meetion Minigo,Recuperar imagen original y completar ficha,https://conectatech-ec.github.io/productos/mous040-mouse-meetion-minigo/
MOUS018,Mouse Weibo Model W07,Recuperar imagen original y completar ficha,https://conectatech-ec.github.io/productos/mous018-mouse-weibo-model-w07/
MOUS032,Mouse Xiaomi Lite 2,Recuperar imagen original y completar ficha,https://conectatech-ec.github.io/productos/mous032-mouse-xiaomi-lite-2/
MOUS017,Mouse Yelandar AN01 Elegant,Recuperar imagen original y completar ficha,https://conectatech-ec.github.io/productos/mous017-mouse-yelandar-an01-elegant/
MOUS009,Mousepad CON Almohadilla DE GEL,Recuperar imagen original y completar ficha,https://conectatech-ec.github.io/productos/mous009-mousepad-con-almohadilla-de-gel/
PADM004,Padmouse Mousepad ENV Cuadrados,Recuperar imagen original y completar ficha,https://conectatech-ec.github.io/productos/padm004-padmouse-mousepad-env-cuadrados/
PADM006,Padmouse Mousepad Marvel Spiderman XXL,Recuperar imagen original y completar ficha,https://conectatech-ec.github.io/productos/padm006-padmouse-mousepad-marvel-spiderman-xxl/
PADM001,Padmouse Mousepad PAD Mouse Havit,Recuperar imagen original y completar ficha,https://conectatech-ec.github.io/productos/padm001-padmouse-mousepad-pad-mouse-havit/
PADM002,Padmouse Mousepad Xtech Pequeos,Recuperar imagen original y completar ficha,https://conectatech-ec.github.io/productos/padm002-padmouse-mousepad-xtech-pequeos/
PALA001,Palanca Para Play Station 4 - PS4,Recuperar imagen original y completar ficha,https://conectatech-ec.github.io/productos/pala001-palanca-para-play-station-4-ps4/
PANE003,Panel DE LUZ PL-16,Recuperar imagen original y completar ficha,https://conectatech-ec.github.io/productos/pane003-panel-de-luz-pl-16/
PANE002,Panel DE LUZ PL-19,Recuperar imagen original y completar ficha,https://conectatech-ec.github.io/productos/pane002-panel-de-luz-pl-19/
PILA053,Pila 1220 Murata,Recuperar imagen original y completar ficha,https://conectatech-ec.github.io/productos/pila053-pila-1220-murata/
PILA068,Pila 1632 Murata,Recuperar imagen original y completar ficha,https://conectatech-ec.github.io/productos/pila068-pila-1632-murata/
PILA041,Pila 192 392 LR41 Suncom,Recuperar imagen original y completar ficha,https://conectatech-ec.github.io/productos/pila041-pila-192-392-lr41-suncom/
PILA073,Pila 23A GP,Recuperar imagen original y completar ficha,https://conectatech-ec.github.io/productos/pila073-pila-23a-gp/
PILA014,Pila 23A Pikcell,Recuperar imagen original y completar ficha,https://conectatech-ec.github.io/productos/pila014-pila-23a-pikcell/
PILA015,Pila 27A Pikcell,Recuperar imagen original y completar ficha,https://conectatech-ec.github.io/productos/pila015-pila-27a-pikcell/
PILA016,Pila 364 Murata,Recuperar imagen original y completar ficha,https://conectatech-ec.github.io/productos/pila016-pila-364-murata/
PILA018,Pila 371 Murata,Recuperar imagen original y completar ficha,https://conectatech-ec.github.io/productos/pila018-pila-371-murata/
PILA034,Pila 377 - LR626 - AG4 Pikcell,Recuperar imagen original y completar ficha,https://conectatech-ec.github.io/productos/pila034-pila-377-lr626-ag4-pikcell/
PILA051,Pila 379 Murata,Recuperar imagen original y completar ficha,https://conectatech-ec.github.io/productos/pila051-pila-379-murata/
PILA032,Pila 389 - 189 - LR1130 - AG10 Pikcell,Recuperar imagen original y completar ficha,https://conectatech-ec.github.io/productos/pila032-pila-389-189-lr1130-ag10-pikcell/
PILA061,Pila 394 - AG9 Maxday,Recuperar imagen original y completar ficha,https://conectatech-ec.github.io/productos/pila061-pila-394-ag9-maxday/
PILA058,Pila 395 - 399 - AG7 Maxday,Recuperar imagen original y completar ficha,https://conectatech-ec.github.io/productos/pila058-pila-395-399-ag7-maxday/
PILA001,Pila 9V Alcalina Pikcell,Recuperar imagen original y completar ficha,https://conectatech-ec.github.io/productos/pila001-pila-9v-alcalina-pikcell/
PILA003,Pila 9V Alcalina Rayovac,Recuperar imagen original y completar ficha,https://conectatech-ec.github.io/productos/pila003-pila-9v-alcalina-rayovac/
PILA004,Pila 9V Maxday,Recuperar imagen original y completar ficha,https://conectatech-ec.github.io/productos/pila004-pila-9v-maxday/
PILA023,Pila AA Rayovac Pack DE 2,Recuperar imagen original y completar ficha,https://conectatech-ec.github.io/productos/pila023-pila-aa-rayovac-pack-de-2/
PILA028,Pila AAA RCA Pack DE 6,Recuperar imagen original y completar ficha,https://conectatech-ec.github.io/productos/pila028-pila-aaa-rca-pack-de-6/
PILA039,Pila AAA Sony Pack 4,Recuperar imagen original y completar ficha,https://conectatech-ec.github.io/productos/pila039-pila-aaa-sony-pack-4/
PILA067,Pila Aaaa Camelion Pack DE 2,Recuperar imagen original y completar ficha,https://conectatech-ec.github.io/productos/pila067-pila-aaaa-camelion-pack-de-2/
PILA005,Pila Bateria 9V Recargable Maxday,Recuperar imagen original y completar ficha,https://conectatech-ec.github.io/productos/pila005-pila-bateria-9v-recargable-maxday/
PILA031,Pila C RCA,Recuperar imagen original y completar ficha,https://conectatech-ec.github.io/productos/pila031-pila-c-rca/
PILA070,Pila D Maxday,Recuperar imagen original y completar ficha,https://conectatech-ec.github.io/productos/pila070-pila-d-maxday/
PILA030,Pila D RCA,Recuperar imagen original y completar ficha,https://conectatech-ec.github.io/productos/pila030-pila-d-rca/
PILA007,Pila Recargable AA Pack DE 2 MP Multiple Power,Recuperar imagen original y completar ficha,https://conectatech-ec.github.io/productos/pila007-pila-recargable-aa-pack-de-2-mp-multiple-power/
PILA046,Pila Recargable AAA Marca Maxday Pack DE 2,Recuperar imagen original y completar ficha,https://conectatech-ec.github.io/productos/pila046-pila-recargable-aaa-marca-maxday-pack-de-2/
PILA043,Pila Recargable AAA Maxday Pack DE 4,Recuperar imagen original y completar ficha,https://conectatech-ec.github.io/productos/pila043-pila-recargable-aaa-maxday-pack-de-4/
PILA047,Pila Recargables AA Marca Maxday Pack DE 2,Recuperar imagen original y completar ficha,https://conectatech-ec.github.io/productos/pila047-pila-recargables-aa-marca-maxday-pack-de-2/
POP001,Popsocket - Ventosa - Chupon Para Celular,Recuperar imagen original y completar ficha,https://conectatech-ec.github.io/productos/pop001-popsocket-ventosa-chupon-para-celular/
POWE004,Powerbank 66W 30000MAH,Recuperar imagen original y completar ficha,https://conectatech-ec.github.io/productos/powe004-powerbank-66w-30000mah/
POWE010,Powerbank Alambrica Monster 22.5W Cuadrada Incluye Cables,Recuperar imagen original y completar ficha,https://conectatech-ec.github.io/productos/powe010-powerbank-alambrica-monster-22-5w-cuadrada-incluye-cables/
POWE008,Powerbank Inalambrica Monster 22.5W 10000MAH,Recuperar imagen original y completar ficha,https://conectatech-ec.github.io/productos/powe008-powerbank-inalambrica-monster-22-5w-10000mah/
POWE013,Powerbank Inalmabrica Klipxtreme 10000MAH,Recuperar imagen original y completar ficha,https://conectatech-ec.github.io/productos/powe013-powerbank-inalmabrica-klipxtreme-10000mah/
POWE014,Powerbank Inalmabrica Klipxtreme 5000MAH,Recuperar imagen original y completar ficha,https://conectatech-ec.github.io/productos/powe014-powerbank-inalmabrica-klipxtreme-5000mah/
POWE001,Powerbank Inamabrica IPH 10000MAH Lightning,Recuperar imagen original y completar ficha,https://conectatech-ec.github.io/productos/powe001-powerbank-inamabrica-iph-10000mah-lightning/
POWE019,Powerbank Klipxtreme Grande 50000MAH 100W,Recuperar imagen original y completar ficha,https://conectatech-ec.github.io/productos/powe019-powerbank-klipxtreme-grande-50000mah-100w/
POWE016,Powerbank ONE 30000MAH,Recuperar imagen original y completar ficha,https://conectatech-ec.github.io/productos/powe016-powerbank-one-30000mah/
POWE003,Powerbank Philco 20000MAH,Recuperar imagen original y completar ficha,https://conectatech-ec.github.io/productos/powe003-powerbank-philco-20000mah/
POWE017,Powerbank Pinleyou Y415 10000MAH,Recuperar imagen original y completar ficha,https://conectatech-ec.github.io/productos/powe017-powerbank-pinleyou-y415-10000mah/
POWE015,Powerbank Treqa Multiples Cables,Recuperar imagen original y completar ficha,https://conectatech-ec.github.io/productos/powe015-powerbank-treqa-multiples-cables/
POWE018,Powerbank Xtech 30000MAH CON Panel Solar,Recuperar imagen original y completar ficha,https://conectatech-ec.github.io/productos/powe018-powerbank-xtech-30000mah-con-panel-solar/
PRES003,Presentador DE Diapositivas CON Puntero Laser Ugreen,Recuperar imagen original y completar ficha,https://conectatech-ec.github.io/productos/pres003-presentador-de-diapositivas-con-puntero-laser-ugreen/
PRES001,Presentador DE Diapositivas CON Puntero Laser VER.1,Recuperar imagen original y completar ficha,https://conectatech-ec.github.io/productos/pres001-presentador-de-diapositivas-con-puntero-laser-ver-1/
PRES002,Presentador DE Diapositivas CON Puntero Laser VER.2,Recuperar imagen original y completar ficha,https://conectatech-ec.github.io/productos/pres002-presentador-de-diapositivas-con-puntero-laser-ver-2/
PROT006,Protector DE Camara Iphone 17 PRO / 17 PRO MAX,Recuperar imagen original y completar ficha,https://conectatech-ec.github.io/productos/prot006-protector-de-camara-iphone-17-pro-17-pro-max/
PROT005,Protector DE Voltaje Century 1 Enchufe,Recuperar imagen original y completar ficha,https://conectatech-ec.github.io/productos/prot005-protector-de-voltaje-century-1-enchufe/
PROT002,Protector DE Voltaje Century 3 Enchufes,Recuperar imagen original y completar ficha,https://conectatech-ec.github.io/productos/prot002-protector-de-voltaje-century-3-enchufes/
PROT004,Protector DE Voltaje Monster 1 Enchufe Para Equipos Electronicos,Recuperar imagen original y completar ficha,https://conectatech-ec.github.io/productos/prot004-protector-de-voltaje-monster-1-enchufe-para-equipos-electronicos/
PROY006,Proyector Gamer 150 Pulgadas,Recuperar imagen original y completar ficha,https://conectatech-ec.github.io/productos/proy006-proyector-gamer-150-pulgadas/
PROY001,Proyector LED Source Ultra HD,Recuperar imagen original y completar ficha,https://conectatech-ec.github.io/productos/proy001-proyector-led-source-ultra-hd/
PROY007,Proyector Wanbo Smart,Recuperar imagen original y completar ficha,https://conectatech-ec.github.io/productos/proy007-proyector-wanbo-smart/
RADI008,Radio Portail LP CON Panel Solar,Recuperar imagen original y completar ficha,https://conectatech-ec.github.io/productos/radi008-radio-portail-lp-con-panel-solar/
RADI004,Radio Reloj Despertador EN Forma DE G Modelo G63 LED,Recuperar imagen original y completar ficha,https://conectatech-ec.github.io/productos/radi004-radio-reloj-despertador-en-forma-de-g-modelo-g63-led/
RADI006,Radio Tipo Vintage Antiguo Cmik 261,Recuperar imagen original y completar ficha,https://conectatech-ec.github.io/productos/radi006-radio-tipo-vintage-antiguo-cmik-261/
RADI007,Radio Tipo Vintage Antiguo Meier MD-1318BT,Recuperar imagen original y completar ficha,https://conectatech-ec.github.io/productos/radi007-radio-tipo-vintage-antiguo-meier-md-1318bt/
RADI005,Radios DE Comunicacion Baofeng,Recuperar imagen original y completar ficha,https://conectatech-ec.github.io/productos/radi005-radios-de-comunicacion-baofeng/
REL045,Reloj Aemai AS11MAX,Recuperar imagen original y completar ficha,https://conectatech-ec.github.io/productos/rel045-reloj-aemai-as11max/
REL047,Reloj DE Pared O Mesa LED GH8018,Recuperar imagen original y completar ficha,https://conectatech-ec.github.io/productos/rel047-reloj-de-pared-o-mesa-led-gh8018/
REL001,Reloj Despertador Modelo DCX-670,Recuperar imagen original y completar ficha,https://conectatech-ec.github.io/productos/rel001-reloj-despertador-modelo-dcx-670/
REL015,Reloj Smartwach RCA Bordes Dorados - Correa Marron,Recuperar imagen original y completar ficha,https://conectatech-ec.github.io/productos/rel015-reloj-smartwach-rca-bordes-dorados-correa-marron/
REL042,Reloj Smartwath Riversong Motive 9 MAX,Recuperar imagen original y completar ficha,https://conectatech-ec.github.io/productos/rel042-reloj-smartwath-riversong-motive-9-max/
REL028,Reloj Smarwatch HW36 Mini,Recuperar imagen original y completar ficha,https://conectatech-ec.github.io/productos/rel028-reloj-smarwatch-hw36-mini/
REL056,Reloj Smarwatch Kalobee Para Dama SK9 Mini,Recuperar imagen original y completar ficha,https://conectatech-ec.github.io/productos/rel056-reloj-smarwatch-kalobee-para-dama-sk9-mini/
REPR002,Reproductor MP3 Mini S/R,Recuperar imagen original y completar ficha,https://conectatech-ec.github.io/productos/repr002-reproductor-mp3-mini-s-r/
REPR001,Reproductor MP4 Mrobo,Recuperar imagen original y completar ficha,https://conectatech-ec.github.io/productos/repr001-reproductor-mp4-mrobo/
SENS001,Sensor Para Puertas Wifi,Recuperar imagen original y completar ficha,https://conectatech-ec.github.io/productos/sens001-sensor-para-puertas-wifi/
ROUT001,Sistema Mesh Cudy Fast AX1500 WIFI6,Recuperar imagen original y completar ficha,https://conectatech-ec.github.io/productos/rout001-sistema-mesh-cudy-fast-ax1500-wifi6/
ROUT002,Sistema Mesh Cudy Fast AX1500 WIFI6 3 Modulos,Recuperar imagen original y completar ficha,https://conectatech-ec.github.io/productos/rout002-sistema-mesh-cudy-fast-ax1500-wifi6-3-modulos/
SOPO043,Soporte Base Para Laptop Metallico Flexible,Recuperar imagen original y completar ficha,https://conectatech-ec.github.io/productos/sopo043-soporte-base-para-laptop-metallico-flexible/
SOPO051,Soporte DE Celular Para Bicicleta-moto,Recuperar imagen original y completar ficha,https://conectatech-ec.github.io/productos/sopo051-soporte-de-celular-para-bicicleta-moto/
SOPO054,Soporte DE Celular Para Cuello,Recuperar imagen original y completar ficha,https://conectatech-ec.github.io/productos/sopo054-soporte-de-celular-para-cuello/
SOPO022,Soporte DE Celular Para Vehiculo CON Carga Inalambrica Monster 15W,Recuperar imagen original y completar ficha,https://conectatech-ec.github.io/productos/sopo022-soporte-de-celular-para-vehiculo-con-carga-inalambrica-monster-15w/
SOPO059,Soporte DE Celular Para Vehiculo CON Magsafe Y Ventosa T6-05,Recuperar imagen original y completar ficha,https://conectatech-ec.github.io/productos/sopo059-soporte-de-celular-para-vehiculo-con-magsafe-y-ventosa-t6-05/
SOPO020,Soporte DE Celular Para Vehiculo CON Ventosa Modelo T7-01,Recuperar imagen original y completar ficha,https://conectatech-ec.github.io/productos/sopo020-soporte-de-celular-para-vehiculo-con-ventosa-modelo-t7-01/
SOPO052,Soporte DE Celular Para Vehiculo DE Ventosa Inversor Suction CUP,Recuperar imagen original y completar ficha,https://conectatech-ec.github.io/productos/sopo052-soporte-de-celular-para-vehiculo-de-ventosa-inversor-suction-cup/
SOPO017,Soporte DE Celular Para Vehiculo Inalambrico 15W Electronico Componentes Transparente,Recuperar imagen original y completar ficha,https://conectatech-ec.github.io/productos/sopo017-soporte-de-celular-para-vehiculo-inalambrico-15w-electronico-componentes-trans/
SOPO040,Soporte DE Celular Para Vehiculo Para Rejilla 1HORA PJ033,Recuperar imagen original y completar ficha,https://conectatech-ec.github.io/productos/sopo040-soporte-de-celular-para-vehiculo-para-rejilla-1hora-pj033/
SOPO041,Soporte DE Celular Para Vehiculo Para Rejilla 1HORA PJ098,Recuperar imagen original y completar ficha,https://conectatech-ec.github.io/productos/sopo041-soporte-de-celular-para-vehiculo-para-rejilla-1hora-pj098/
SOPO028,Soporte Magnetico CON Ventosa Para Vehiculo Modelo PZ-S003,Recuperar imagen original y completar ficha,https://conectatech-ec.github.io/productos/sopo028-soporte-magnetico-con-ventosa-para-vehiculo-modelo-pz-s003/
SOPO027,Soporte Magnetico DE Rejilla Para Vehiculo Modelo PZ-A003,Recuperar imagen original y completar ficha,https://conectatech-ec.github.io/productos/sopo027-soporte-magnetico-de-rejilla-para-vehiculo-modelo-pz-a003/
SOPO019,Soporte Magnetico Para Celular Modelo T6-01,Recuperar imagen original y completar ficha,https://conectatech-ec.github.io/productos/sopo019-soporte-magnetico-para-celular-modelo-t6-01/
SOPO061,Soporte Magnetico Para Vehiculo Klip Xtreme,Recuperar imagen original y completar ficha,https://conectatech-ec.github.io/productos/sopo061-soporte-magnetico-para-vehiculo-klip-xtreme/
SOPO037,Soporte Magnetico Para Vehiculo Scosche,Recuperar imagen original y completar ficha,https://conectatech-ec.github.io/productos/sopo037-soporte-magnetico-para-vehiculo-scosche/
SOPO001,Soporte Magnetico Vendens VD-HD019,Recuperar imagen original y completar ficha,https://conectatech-ec.github.io/productos/sopo001-soporte-magnetico-vendens-vd-hd019/
SOPO058,Soporte Magsafe Tipo Pinza,Recuperar imagen original y completar ficha,https://conectatech-ec.github.io/productos/sopo058-soporte-magsafe-tipo-pinza/
SOPO031,Soporte Para Celular BY-556 360,Recuperar imagen original y completar ficha,https://conectatech-ec.github.io/productos/sopo031-soporte-para-celular-by-556-360/
SOPO030,Soporte Para Celular BY-558 Magnetico,Recuperar imagen original y completar ficha,https://conectatech-ec.github.io/productos/sopo030-soporte-para-celular-by-558-magnetico/
SOPO005,Soporte Para Celular DE Escritorio CON Prensa L365,Recuperar imagen original y completar ficha,https://conectatech-ec.github.io/productos/sopo005-soporte-para-celular-de-escritorio-con-prensa-l365/
SOPO015,Soporte Para Celular Magnetico CON Magsafe Modelo T6-02,Recuperar imagen original y completar ficha,https://conectatech-ec.github.io/productos/sopo015-soporte-para-celular-magnetico-con-magsafe-modelo-t6-02/
SOPO050,Soporte Para Celular Microcell L-309,Recuperar imagen original y completar ficha,https://conectatech-ec.github.io/productos/sopo050-soporte-para-celular-microcell-l-309/
SOPO032,Soporte Para Celular Tripode CON Magsafe B11,Recuperar imagen original y completar ficha,https://conectatech-ec.github.io/productos/sopo032-soporte-para-celular-tripode-con-magsafe-b11/
SOPO025,Soporte Para Guitarra Instrumento Musical,Recuperar imagen original y completar ficha,https://conectatech-ec.github.io/productos/sopo025-soporte-para-guitarra-instrumento-musical/
SOPO053,Soporte Para Laptop 360 Aluminio HQ,Recuperar imagen original y completar ficha,https://conectatech-ec.github.io/productos/sopo053-soporte-para-laptop-360-aluminio-hq/
SOPO056,Soporte Para Laptop 9 EN 1 Klipxtreme Dockstar,Recuperar imagen original y completar ficha,https://conectatech-ec.github.io/productos/sopo056-soporte-para-laptop-9-en-1-klipxtreme-dockstar/
SOPO006,Soporte Para Laptop Aluminio OVI 360 Grados,Recuperar imagen original y completar ficha,https://conectatech-ec.github.io/productos/sopo006-soporte-para-laptop-aluminio-ovi-360-grados/
SOPO045,Soporte Para Microfono Flexible Color Negro,Recuperar imagen original y completar ficha,https://conectatech-ec.github.io/productos/sopo045-soporte-para-microfono-flexible-color-negro/
SOPO029,Soporte Para Vehiculo CON Ventosa Y Magsafe RT-66S,Recuperar imagen original y completar ficha,https://conectatech-ec.github.io/productos/sopo029-soporte-para-vehiculo-con-ventosa-y-magsafe-rt-66s/
SOPO002,Soporte Para Vehiculo DE Ventosa CAR Mobile Holder,Recuperar imagen original y completar ficha,https://conectatech-ec.github.io/productos/sopo002-soporte-para-vehiculo-de-ventosa-car-mobile-holder/
SOPO014,Soporte Para Vehiculo Magnetic CAR Holder Q5,Recuperar imagen original y completar ficha,https://conectatech-ec.github.io/productos/sopo014-soporte-para-vehiculo-magnetic-car-holder-q5/
SOPO036,Soporte Para Vehiculo Magnetico CON Ventosa Dashmag Marca Premier,Recuperar imagen original y completar ficha,https://conectatech-ec.github.io/productos/sopo036-soporte-para-vehiculo-magnetico-con-ventosa-dashmag-marca-premier/
SOPO057,Soporte Portable Stand Viajero Mini Para Escritorio,Recuperar imagen original y completar ficha,https://conectatech-ec.github.io/productos/sopo057-soporte-portable-stand-viajero-mini-para-escritorio/
STYL003,Stylus PEN Earldom ET-P7 Solo Para IOS - Ipad,Recuperar imagen original y completar ficha,https://conectatech-ec.github.io/productos/styl003-stylus-pen-earldom-et-p7-solo-para-ios-ipad/
STYL001,Stylus PEN Lapiz Tactil Basicos,Recuperar imagen original y completar ficha,https://conectatech-ec.github.io/productos/styl001-stylus-pen-lapiz-tactil-basicos/
STYL004,Stylus PEN Lapiz Tactil Punta Redonda + Esfero,Recuperar imagen original y completar ficha,https://conectatech-ec.github.io/productos/styl004-stylus-pen-lapiz-tactil-punta-redonda-esfero/
STYL002,Stylus PEN Lapiz Tactil Targus,Recuperar imagen original y completar ficha,https://conectatech-ec.github.io/productos/styl002-stylus-pen-lapiz-tactil-targus/
STYL006,Stylus Pencil Inalambrico Para Iphone - Ipad,Recuperar imagen original y completar ficha,https://conectatech-ec.github.io/productos/styl006-stylus-pencil-inalambrico-para-iphone-ipad/
SWIT001,Switch DE RED Tplink 5 Puertos,Recuperar imagen original y completar ficha,https://conectatech-ec.github.io/productos/swit001-switch-de-red-tplink-5-puertos/
SWIT002,Switch DE RED Tplink 8 Puertos,Recuperar imagen original y completar ficha,https://conectatech-ec.github.io/productos/swit002-switch-de-red-tplink-8-puertos/
TECL030,Teclado Bluetooth Flexible Aoas,Recuperar imagen original y completar ficha,https://conectatech-ec.github.io/productos/tecl030-teclado-bluetooth-flexible-aoas/
TECL029,Teclado Bluetooth Portatil Flexible Meetion BTK001,Recuperar imagen original y completar ficha,https://conectatech-ec.github.io/productos/tecl029-teclado-bluetooth-portatil-flexible-meetion-btk001/
TECL028,Teclado Ergonomico Klipxtreme KBK-530S,Recuperar imagen original y completar ficha,https://conectatech-ec.github.io/productos/tecl028-teclado-ergonomico-klipxtreme-kbk-530s/
TECL001,Teclado Flexible S/R,Recuperar imagen original y completar ficha,https://conectatech-ec.github.io/productos/tecl001-teclado-flexible-s-r/
TECL015,Teclado GK70,Recuperar imagen original y completar ficha,https://conectatech-ec.github.io/productos/tecl015-teclado-gk70/
TECL014,Teclado Gaming Corto RCA 5RCA559,Recuperar imagen original y completar ficha,https://conectatech-ec.github.io/productos/tecl014-teclado-gaming-corto-rca-5rca559/
TECL011,Teclado Gaming RCA 5RCA552,Recuperar imagen original y completar ficha,https://conectatech-ec.github.io/productos/tecl011-teclado-gaming-rca-5rca552/
TECL010,Teclado Gaming RCA 5RCA556,Recuperar imagen original y completar ficha,https://conectatech-ec.github.io/productos/tecl010-teclado-gaming-rca-5rca556/
TECL023,Teclado Inalambrico CON Trackpad RCA 5RCA55K,Recuperar imagen original y completar ficha,https://conectatech-ec.github.io/productos/tecl023-teclado-inalambrico-con-trackpad-rca-5rca55k/
TECL032,Teclado Inalambrico KEY Glider Klipxtreme,Recuperar imagen original y completar ficha,https://conectatech-ec.github.io/productos/tecl032-teclado-inalambrico-key-glider-klipxtreme/
TECL027,Teclado Mini Bluetooth Modelo M7,Recuperar imagen original y completar ficha,https://conectatech-ec.github.io/productos/tecl027-teclado-mini-bluetooth-modelo-m7/
TECL021,Teclado Monster MT-303,Recuperar imagen original y completar ficha,https://conectatech-ec.github.io/productos/tecl021-teclado-monster-mt-303/
TECL018,Teclado Numerico 198I CON Flechas Modelo K35,Recuperar imagen original y completar ficha,https://conectatech-ec.github.io/productos/tecl018-teclado-numerico-198i-con-flechas-modelo-k35/
TECL019,Teclado Numerico Alambrico Andowl,Recuperar imagen original y completar ficha,https://conectatech-ec.github.io/productos/tecl019-teclado-numerico-alambrico-andowl/
TECL016,Teclado Numerico Alambrico Mini,Recuperar imagen original y completar ficha,https://conectatech-ec.github.io/productos/tecl016-teclado-numerico-alambrico-mini/
TECL017,Teclado Numerico Inalambrico Mini,Recuperar imagen original y completar ficha,https://conectatech-ec.github.io/productos/tecl017-teclado-numerico-inalambrico-mini/
TECL005,Teclado Portatil Bluetooth Model HB023S,Recuperar imagen original y completar ficha,https://conectatech-ec.github.io/productos/tecl005-teclado-portatil-bluetooth-model-hb023s/
TECL013,Teclado Portatil FK1000 Yelandar,Recuperar imagen original y completar ficha,https://conectatech-ec.github.io/productos/tecl013-teclado-portatil-fk1000-yelandar/
TECL033,Teclado Portatil Flexplit CON Trackpad,Recuperar imagen original y completar ficha,https://conectatech-ec.github.io/productos/tecl033-teclado-portatil-flexplit-con-trackpad/
TECL031,Teclado Portatil Inalambrico Monster,Recuperar imagen original y completar ficha,https://conectatech-ec.github.io/productos/tecl031-teclado-portatil-inalambrico-monster/
TECL025,Teclado Primus Ballista 91T,Recuperar imagen original y completar ficha,https://conectatech-ec.github.io/productos/tecl025-teclado-primus-ballista-91t/
TECL022,Teclado Y Mouse Alambrico Monster MT-207,Recuperar imagen original y completar ficha,https://conectatech-ec.github.io/productos/tecl022-teclado-y-mouse-alambrico-monster-mt-207/
TECL002,Teclado Y Mouse Inalambrico HP CS700,Recuperar imagen original y completar ficha,https://conectatech-ec.github.io/productos/tecl002-teclado-y-mouse-inalambrico-hp-cs700/
TECL004,Teclado Y Mouse KIT Varios Colores,Recuperar imagen original y completar ficha,https://conectatech-ec.github.io/productos/tecl004-teclado-y-mouse-kit-varios-colores/
TELE002,Televisor ENV 40 Pulgadas Fullhd,Recuperar imagen original y completar ficha,https://conectatech-ec.github.io/productos/tele002-televisor-env-40-pulgadas-fullhd/
TIMB001,Timbre Portatil Andowl,Recuperar imagen original y completar ficha,https://conectatech-ec.github.io/productos/timb001-timbre-portatil-andowl/
TOMA001,Tomatodo,Recuperar imagen original y completar ficha,https://conectatech-ec.github.io/productos/toma001-tomatodo/
TRIP018,Tripode K28P,Recuperar imagen original y completar ficha,https://conectatech-ec.github.io/productos/trip018-tripode-k28p/
TRIP017,Tripode K50,Recuperar imagen original y completar ficha,https://conectatech-ec.github.io/productos/trip017-tripode-k50/
TRIP002,Tripode N01,Recuperar imagen original y completar ficha,https://conectatech-ec.github.io/productos/trip002-tripode-n01/
TRIP011,Tripode P180,Recuperar imagen original y completar ficha,https://conectatech-ec.github.io/productos/trip011-tripode-p180/
TRIP020,Tripode Selfie C11,Recuperar imagen original y completar ficha,https://conectatech-ec.github.io/productos/trip020-tripode-selfie-c11/
TRIP022,Tripode Selfie C18,Recuperar imagen original y completar ficha,https://conectatech-ec.github.io/productos/trip022-tripode-selfie-c18/
TRIP019,Tripode Selfie F01 CON IA,Recuperar imagen original y completar ficha,https://conectatech-ec.github.io/productos/trip019-tripode-selfie-f01-con-ia/
TRIP025,Tripode Selfie K10-L,Recuperar imagen original y completar ficha,https://conectatech-ec.github.io/productos/trip025-tripode-selfie-k10-l/
TRIP021,Tripode Selfie K26,Recuperar imagen original y completar ficha,https://conectatech-ec.github.io/productos/trip021-tripode-selfie-k26/
TRIP010,Tripode Selfie K29,Recuperar imagen original y completar ficha,https://conectatech-ec.github.io/productos/trip010-tripode-selfie-k29/
TRIP015,Tripode Selfie Mini JC-02,Recuperar imagen original y completar ficha,https://conectatech-ec.github.io/productos/trip015-tripode-selfie-mini-jc-02/
TRIP023,Tripode Selfie Mini K03,Recuperar imagen original y completar ficha,https://conectatech-ec.github.io/productos/trip023-tripode-selfie-mini-k03/
TRIP013,Tripode Selfie P20S,Recuperar imagen original y completar ficha,https://conectatech-ec.github.io/productos/trip013-tripode-selfie-p20s/
TRIP012,Tripode Selfie Q07,Recuperar imagen original y completar ficha,https://conectatech-ec.github.io/productos/trip012-tripode-selfie-q07/
TRIP016,Tripode WT-3520,Recuperar imagen original y completar ficha,https://conectatech-ec.github.io/productos/trip016-tripode-wt-3520/
UPS001,UPS Mini Negro DC,Recuperar imagen original y completar ficha,https://conectatech-ec.github.io/productos/ups001-ups-mini-negro-dc/
UPS002,UPS Mini Olax,Recuperar imagen original y completar ficha,https://conectatech-ec.github.io/productos/ups002-ups-mini-olax/
VENT001,Ventilador Mini Portatil,Recuperar imagen original y completar ficha,https://conectatech-ec.github.io/productos/vent001-ventilador-mini-portatil/
VENT008,Ventilador Para Celular F5,Recuperar imagen original y completar ficha,https://conectatech-ec.github.io/productos/vent008-ventilador-para-celular-f5/
VENT003,Ventilador Para Laptop 878,Recuperar imagen original y completar ficha,https://conectatech-ec.github.io/productos/vent003-ventilador-para-laptop-878/
VENT006,Ventilador Para Laptop NCP-075,Recuperar imagen original y completar ficha,https://conectatech-ec.github.io/productos/vent006-ventilador-para-laptop-ncp-075/
VENT009,Ventilador Soporte Laptop Ventilado Cooling Station Klip Xtreme,Recuperar imagen original y completar ficha,https://conectatech-ec.github.io/productos/vent009-ventilador-soporte-laptop-ventilado-cooling-station-klip-xtreme/
WEBC003,Webcam Fullhd 1080 X13,Recuperar imagen original y completar ficha,https://conectatech-ec.github.io/productos/webc003-webcam-fullhd-1080-x13/
WEBC001,Webcam Fullhd 1080P X7,Recuperar imagen original y completar ficha,https://conectatech-ec.github.io/productos/webc001-webcam-fullhd-1080p-x7/
WEBC004,Webcam Genius Facecam 2010 FHD,Recuperar imagen original y completar ficha,https://conectatech-ec.github.io/productos/webc004-webcam-genius-facecam-2010-fhd/
WEBC002,Webcam Klipxtreme 2K,Recuperar imagen original y completar ficha,https://conectatech-ec.github.io/productos/webc002-webcam-klipxtreme-2k/
ADAP095,ADAPTADOR AGUJA PARA TOCADISCOS,Recuperar imagen original y completar ficha,https://conectatech-ec.github.io/productos/adap095-adaptador-aguja-para-tocadiscos/
ADAP096,ADAPTADOR COAXIAL PARA TV ANTENA EN L,Recuperar imagen original y completar ficha,https://conectatech-ec.github.io/productos/adap096-adaptador-coaxial-para-tv-antena-en-l/
ADAP092,ADAPTADOR DE 3.5MM A 3.5MM METALICO,Recuperar imagen original y completar ficha,https://conectatech-ec.github.io/productos/adap092-adaptador-de-3-5mm-a-3-5mm-metalico/
ADAP091,ADAPTADOR DE 3.5MM A RCA HEMBRA TRIPLE,Recuperar imagen original y completar ficha,https://conectatech-ec.github.io/productos/adap091-adaptador-de-3-5mm-a-rca-hembra-triple/
ADAP090,ADAPTADOR DE CORRIENTE 110V A 5V 2A,Recuperar imagen original y completar ficha,https://conectatech-ec.github.io/productos/adap090-adaptador-de-corriente-110v-a-5v-2a/
ADAP088,ADAPTADOR DE LIGHTNING A DOBLE LIGHTNING AUDIFONOS + CARGA RECCI RDS-A01,Recuperar imagen original y completar ficha,https://conectatech-ec.github.io/productos/adap088-adaptador-de-lightning-a-doble-lightning-audifonos-carga-recci-rds-a01/
ADAP093,ADAPTADOR DE USB-A A PLUG MINI,Recuperar imagen original y completar ficha,https://conectatech-ec.github.io/productos/adap093-adaptador-de-usb-a-a-plug-mini/
ADAP094,ADAPTADOR PULG BLANCO PARA CARGADORES,Recuperar imagen original y completar ficha,https://conectatech-ec.github.io/productos/adap094-adaptador-pulg-blanco-para-cargadores/
AROD03,ARO DE LUZ SELFIE MINI,Recuperar imagen original y completar ficha,https://conectatech-ec.github.io/productos/arod03-aro-de-luz-selfie-mini/
AUDI112,AUDIFONOS ALAMBRICOS HONOR EARPHONES,Recuperar imagen original y completar ficha,https://conectatech-ec.github.io/productos/audi112-audifonos-alambricos-honor-earphones/
AUDI109,AUDIFONOS HONOR INALAMBRICOS HONOR X7E ACTIVE,Recuperar imagen original y completar ficha,https://conectatech-ec.github.io/productos/audi109-audifonos-honor-inalambricos-honor-x7e-active/
AUDI111,AUDIFONOS INALAMBRICOS AIRPODS,Recuperar imagen original y completar ficha,https://conectatech-ec.github.io/productos/audi111-audifonos-inalambricos-airpods/
CABL170,CABLE EXTENSION 4 METROS VOLTEK,Recuperar imagen original y completar ficha,https://conectatech-ec.github.io/productos/cabl170-cable-extension-4-metros-voltek/
CABL171,CABLE EXTENSION UNIVERSAL 5M AMARILLA,Recuperar imagen original y completar ficha,https://conectatech-ec.github.io/productos/cabl171-cable-extension-universal-5m-amarilla/
CABL148,CABLE LIGHTNING RECCI ELBOW,Recuperar imagen original y completar ficha,https://conectatech-ec.github.io/productos/cabl148-cable-lightning-recci-elbow/
CABL149,CABLE LIGHTNING RECCI GRIDE MAGNETICO,Recuperar imagen original y completar ficha,https://conectatech-ec.github.io/productos/cabl149-cable-lightning-recci-gride-magnetico/
CABL150,CABLE MICRO-USB RECCI 1M 2.4A RTC-N12M,Recuperar imagen original y completar ficha,https://conectatech-ec.github.io/productos/cabl150-cable-micro-usb-recci-1m-2-4a-rtc-n12m/
CABL153,CABLE MICRO-USB RECCI 5A SUPER V00C 1M,Recuperar imagen original y completar ficha,https://conectatech-ec.github.io/productos/cabl153-cable-micro-usb-recci-5a-super-v00c-1m/
CABL157,CABLE MICRO-USB RECCI CITY OF SKY 2M,Recuperar imagen original y completar ficha,https://conectatech-ec.github.io/productos/cabl157-cable-micro-usb-recci-city-of-sky-2m/
CABL156,CABLE MICRO-USB RECCI GENBU 1M,Recuperar imagen original y completar ficha,https://conectatech-ec.github.io/productos/cabl156-cable-micro-usb-recci-genbu-1m/
CABL152,CABLE MICRO-USB RECCI GRIDE MAGNETICO 1M,Recuperar imagen original y completar ficha,https://conectatech-ec.github.io/productos/cabl152-cable-micro-usb-recci-gride-magnetico-1m/
CABL154,CABLE MICRO-USB RECCI HONOUR 1M,Recuperar imagen original y completar ficha,https://conectatech-ec.github.io/productos/cabl154-cable-micro-usb-recci-honour-1m/
CABL155,CABLE MICRO-USB RECCI INSTANT 2M,Recuperar imagen original y completar ficha,https://conectatech-ec.github.io/productos/cabl155-cable-micro-usb-recci-instant-2m/
CABL151,CABLE MICRO-USB RECCI RAYLINE 1M,Recuperar imagen original y completar ficha,https://conectatech-ec.github.io/productos/cabl151-cable-micro-usb-recci-rayline-1m/
CABL160,CABLE OPTICO DE AUDIO 1M,Recuperar imagen original y completar ficha,https://conectatech-ec.github.io/productos/cabl160-cable-optico-de-audio-1m/
CARG069,CARGADOR INALAMBRICO INFINIX MAGPAD,Recuperar imagen original y completar ficha,https://conectatech-ec.github.io/productos/carg069-cargador-inalambrico-infinix-magpad/
CARG067,CARGADORES PARA SMARTWATCH BASE CIRCULAR,Recuperar imagen original y completar ficha,https://conectatech-ec.github.io/productos/carg067-cargadores-para-smartwatch-base-circular/
COBE010,COBERTOR GOMAS AIRPODS,Recuperar imagen original y completar ficha,https://conectatech-ec.github.io/productos/cobe010-cobertor-gomas-airpods/
CORR10,CORREA SMARWATCH ESENCIAL,Recuperar imagen original y completar ficha,https://conectatech-ec.github.io/productos/corr10-correa-smarwatch-esencial/
ESTU101,ESTUCHE PARA HONOR PAD X8A,Recuperar imagen original y completar ficha,https://conectatech-ec.github.io/productos/estu101-estuche-para-honor-pad-x8a/
ESTU049,ESTUCHE SILICON PARA ANDROID MODELOS VER.2,Recuperar imagen original y completar ficha,https://conectatech-ec.github.io/productos/estu049-estuche-silicon-para-android-modelos-ver-2/
ESTU044,ESTUCHE TRANSPARENTE PARA IPHONE RECCI,Recuperar imagen original y completar ficha,https://conectatech-ec.github.io/productos/estu044-estuche-transparente-para-iphone-recci/
FOCO004,FOCO INTELIGENTE STEREN,Recuperar imagen original y completar ficha,https://conectatech-ec.github.io/productos/foco004-foco-inteligente-steren/
GADG005,GADGET HONOR COFFEE CUP,Recuperar imagen original y completar ficha,https://conectatech-ec.github.io/productos/gadg005-gadget-honor-coffee-cup/
GADG006,GADGET HONOR DATA CABLE COLORIDO,Recuperar imagen original y completar ficha,https://conectatech-ec.github.io/productos/gadg006-gadget-honor-data-cable-colorido/
GADG007,GADGET HONOR PARLANTE PORTATIL,Recuperar imagen original y completar ficha,https://conectatech-ec.github.io/productos/gadg007-gadget-honor-parlante-portatil/
IMAN001,IMAN MAGNETICO PARA CELULARES Y TABLET,Recuperar imagen original y completar ficha,https://conectatech-ec.github.io/productos/iman001-iman-magnetico-para-celulares-y-tablet/
JUGU168,JUGUETE ARMABLE METAL ICONX CHRYSLER BUILDING,Recuperar imagen original y completar ficha,https://conectatech-ec.github.io/productos/jugu168-juguete-armable-metal-iconx-chrysler-building/
LINT011,LINTERNA DE CABEZA HEADLIGHT 8907,Recuperar imagen original y completar ficha,https://conectatech-ec.github.io/productos/lint011-linterna-de-cabeza-headlight-8907/
MICA008,MICA VIDRIO ESENCIAL,Recuperar imagen original y completar ficha,https://conectatech-ec.github.io/productos/mica008-mica-vidrio-esencial/
MICR037,MICROFONO LAVALIER M1 ALAMBRICO,Recuperar imagen original y completar ficha,https://conectatech-ec.github.io/productos/micr037-microfono-lavalier-m1-alambrico/
MOCH001,MOCHILA HONOR IMPERMEABLE,Recuperar imagen original y completar ficha,https://conectatech-ec.github.io/productos/moch001-mochila-honor-impermeable/
TABL003,TABLET REDMI PAD 2 9.7 PULGADAS 128GB 4GB+4GB,Recuperar imagen original y completar ficha,https://conectatech-ec.github.io/productos/tabl003-tablet-redmi-pad-2-9-7-pulgadas-128gb-4gb-4gb/
TELF016,TELEFONO DIALN NOVA 64GB + 4GB,Recuperar imagen original y completar ficha,https://conectatech-ec.github.io/productos/telf016-telefono-dialn-nova-64gb-4gb/
