sku,nombre_comercial,imagen_original_localizada,imagen_profesional,calidad_y_resolucion,precio_contado,pvp,url,estado_publicacion_profesional,autenticidad,presentacion,errores_o_pendientes
AROD001,ARO DE LUZ LED Cuadrado MJ-88,,,No aprobada,9.15,10.52,https://conectatech-ec.github.io/productos/arod001-aro-de-luz-led-cuadrado-mj-88/,pendiente_mejora,por verificar,selección automática,Original y producción visual pendientes; Verificar autenticidad de la unidad
AUDI044,Audifonos Galaxy Buds PRO AKG,,,No aprobada,29.00,33.35,https://conectatech-ec.github.io/productos/audi044-audifonos-galaxy-buds-pro-akg/,pendiente_mejora,por verificar,selección automática,Sin original identificado por SKU entre las fotografías disponibles; Verificar autenticidad de la unidad
AUDI125,Audifonos Inalambricos LMN-K5,,,No aprobada,16.55,19.03,https://conectatech-ec.github.io/productos/audi125-audifonos-inalambricos-lmn-k5/,pendiente_mejora,por verificar,selección automática,Sin original identificado por SKU entre las fotografías disponibles; Verificar autenticidad de la unidad
AUDI115,Audifonos Inalambricos LMN-X02,,,No aprobada,16.55,19.03,https://conectatech-ec.github.io/productos/audi115-audifonos-inalambricos-lmn-x02/,pendiente_mejora,por verificar,selección automática,Original y producción visual pendientes; Verificar autenticidad de la unidad
CORR001,Correa Smartwatch Variadas,,,No aprobada,7.50,8.63,https://conectatech-ec.github.io/productos/corr001-correa-smartwatch-variadas/,pendiente_mejora,por verificar,selección automática,Original y producción visual pendientes; Verificar autenticidad de la unidad
LECT001,Lector DE Memorias Multiple Tipo Flash Varios Colores,,,No aprobada,3.00,3.45,https://conectatech-ec.github.io/productos/lect001-lector-de-memorias-multiple-tipo-flash-varios-colores/,pendiente_mejora,por verificar,selección automática,Original y producción visual pendientes; Verificar autenticidad de la unidad
REL069,Reloj Smartwatch Series 11 Mini,,,No aprobada,19.90,22.89,https://conectatech-ec.github.io/productos/rel069-reloj-smartwatch-series-11-mini/,pendiente_mejora,por verificar,selección automática,Sin original identificado por SKU entre las fotografías disponibles; Verificar autenticidad de la unidad
TELF001,Telefono ZTE A56 PRO 128GB,,,No aprobada,133.89,153.97,https://conectatech-ec.github.io/productos/telf001-telefono-zte-a56-pro-128gb/,pendiente_mejora,por verificar,selección automática,Original y producción visual pendientes; Verificar autenticidad de la unidad
ADAP054,Adaptador 1/4 Macho A 3.5MM Hembra Stereo Dorado,,,No aprobada,6.00,6.90,https://conectatech-ec.github.io/productos/adap054-adaptador-1-4-macho-a-3-5mm-hembra-stereo-dorado/,pendiente_mejora,por verificar,selección automática,Original y producción visual pendientes; Verificar autenticidad de la unidad
ADAP052,Adaptador 1/4 Macho A 3.5MM Hembra Stereo Negro,,,No aprobada,2.00,2.30,https://conectatech-ec.github.io/productos/adap052-adaptador-1-4-macho-a-3-5mm-hembra-stereo-negro/,pendiente_mejora,por verificar,selección automática,Original y producción visual pendientes; Verificar autenticidad de la unidad
ADAP004,Adaptador Europa - Latino Color Blanco,,,No aprobada,3.50,4.03,https://conectatech-ec.github.io/productos/adap004-adaptador-europa-latino-color-blanco/,pendiente_mejora,por verificar,selección automática,Original y producción visual pendientes; Verificar autenticidad de la unidad
ADAP005,Adaptador Europa - Latino Color Negro,,,No aprobada,2.50,2.88,https://conectatech-ec.github.io/productos/adap005-adaptador-europa-latino-color-negro/,pendiente_mejora,por verificar,selección automática,Original y producción visual pendientes; Verificar autenticidad de la unidad
ADAP034,Adaptador OTG Usb-c A Usb-a Hembra Orvesion,,,No aprobada,4.50,5.18,https://conectatech-ec.github.io/productos/adap034-adaptador-otg-usb-c-a-usb-a-hembra-orvesion/,pendiente_mejora,por verificar,selección automática,Original y producción visual pendientes; Verificar autenticidad de la unidad
CABL139,Cable IPH Usb-c A Usb-c 2M 240W,,,No aprobada,12.50,14.38,https://conectatech-ec.github.io/productos/cabl139-cable-iph-usb-c-a-usb-c-2m-240w/,pendiente_mejora,por verificar,selección automática,Original y producción visual pendientes; Verificar autenticidad de la unidad
CABL102,Cable Usb-a A Usb-c Klipxtreme 1.8M 30W Powergo 050,,,No aprobada,9.50,10.93,https://conectatech-ec.github.io/productos/cabl102-cable-usb-a-a-usb-c-klipxtreme-1-8m-30w-powergo-050/,pendiente_mejora,por verificar,selección automática,Original y producción visual pendientes; Verificar autenticidad de la unidad
CABL140,Cable Usb-a A Usb-c Reshurk 6A,,,No aprobada,5.50,6.33,https://conectatech-ec.github.io/productos/cabl140-cable-usb-a-a-usb-c-reshurk-6a/,pendiente_mejora,por verificar,selección automática,Original y producción visual pendientes; Verificar autenticidad de la unidad
CABL031,Cable Usb-c A Lightning 1M,,,No aprobada,11.01,12.66,https://conectatech-ec.github.io/productos/cabl031-cable-usb-c-a-lightning-1m/,pendiente_mejora,por verificar,selección automática,Original y producción visual pendientes; Verificar autenticidad de la unidad
CABL113,Cable Usb-c A Usb-c 1M 1HORA,,,No aprobada,6.50,7.48,https://conectatech-ec.github.io/productos/cabl113-cable-usb-c-a-usb-c-1m-1hora/,pendiente_mejora,por verificar,selección automática,Original y producción visual pendientes; Verificar autenticidad de la unidad
CARG037,Cargador 25W SAM CON Cable Usb-c A Usb-c,,,No aprobada,13.90,15.99,https://conectatech-ec.github.io/productos/carg037-cargador-25w-sam-con-cable-usb-c-a-usb-c/,pendiente_mejora,por verificar,selección automática,Original y producción visual pendientes; Verificar autenticidad de la unidad
CARG029,Cargador IPH 14PM 25W Usb-c A Lightning,,,No aprobada,18.00,20.70,https://conectatech-ec.github.io/productos/carg029-cargador-iph-14pm-25w-usb-c-a-lightning/,pendiente_mejora,por verificar,selección automática,Sin original identificado por SKU entre las fotografías disponibles; Verificar autenticidad de la unidad
CARG018,Cargador Para Vehiculo 4 Puertos Usb-a Match,,,No aprobada,7.50,8.63,https://conectatech-ec.github.io/productos/carg018-cargador-para-vehiculo-4-puertos-usb-a-match/,pendiente_mejora,por verificar,selección automática,Sin original identificado por SKU entre las fotografías disponibles; Verificar autenticidad de la unidad
COBE005,Cobertor - Estuche Airpods PRO 2,,,No aprobada,7.50,8.63,https://conectatech-ec.github.io/productos/cobe005-cobertor-estuche-airpods-pro-2/,pendiente_mejora,por verificar,selección automática,Original y producción visual pendientes; Verificar autenticidad de la unidad
COBE004,Cobertor - Estuche Airpods PRO 4,,,No aprobada,7.50,8.63,https://conectatech-ec.github.io/productos/cobe004-cobertor-estuche-airpods-pro-4/,pendiente_mejora,por verificar,selección automática,Original y producción visual pendientes; Verificar autenticidad de la unidad
ESTU010,Estuche IPH DE Silicon CON Magsafe Para Iphone Varios Modelos,,,No aprobada,11.99,13.79,https://conectatech-ec.github.io/productos/estu010-estuche-iph-de-silicon-con-magsafe-para-iphone-varios-modelos/,pendiente_mejora,por verificar,selección automática,Original y producción visual pendientes; Verificar autenticidad de la unidad
ESTU011,Estuche IPH DE Silicon Para Iphone,,,No aprobada,9.00,10.35,https://conectatech-ec.github.io/productos/estu011-estuche-iph-de-silicon-para-iphone/,pendiente_mejora,por verificar,selección automática,Original y producción visual pendientes; Verificar autenticidad de la unidad
ESTU056,Estuche Magsafe Para Iphone Tipo Silicon CON Fondo,,,No aprobada,11.99,13.79,https://conectatech-ec.github.io/productos/estu056-estuche-magsafe-para-iphone-tipo-silicon-con-fondo/,pendiente_mejora,por verificar,selección automática,Original y producción visual pendientes; Verificar autenticidad de la unidad
ESTU077,Estuche Para Iphone Creative Case,,,No aprobada,14.46,16.63,https://conectatech-ec.github.io/productos/estu077-estuche-para-iphone-creative-case/,pendiente_mejora,por verificar,selección automática,Original y producción visual pendientes; Verificar autenticidad de la unidad
ESTU069,Estuche Para Iphone Spigen Varios Modelos - Disenos,,,No aprobada,13.79,15.86,https://conectatech-ec.github.io/productos/estu069-estuche-para-iphone-spigen-varios-modelos-disenos/,pendiente_mejora,por verificar,selección automática,Original y producción visual pendientes; Verificar autenticidad de la unidad
ESTU048,Estuche Silicon Para Android,,,No aprobada,6.00,6.90,https://conectatech-ec.github.io/productos/estu048-estuche-silicon-para-android/,pendiente_mejora,por verificar,selección automática,Original y producción visual pendientes; Verificar autenticidad de la unidad
ESTU047,Estuche Silicon Para Iphone XR / 11,,,No aprobada,7.00,8.05,https://conectatech-ec.github.io/productos/estu047-estuche-silicon-para-iphone-xr-11/,pendiente_mejora,por verificar,selección automática,Original y producción visual pendientes; Verificar autenticidad de la unidad
ESTU050,Estuche Transparente Para Android,,,No aprobada,4.85,5.58,https://conectatech-ec.github.io/productos/estu050-estuche-transparente-para-android/,pendiente_mejora,por verificar,selección automática,Original y producción visual pendientes; Verificar autenticidad de la unidad
FOCO003,Focos Recargable Ashun,,,No aprobada,15.00,17.25,https://conectatech-ec.github.io/productos/foco003-focos-recargable-ashun/,pendiente_mejora,por verificar,selección automática,Original y producción visual pendientes; Verificar autenticidad de la unidad
GADG002,Gadget Llaveros Animados,,,No aprobada,1.85,2.13,https://conectatech-ec.github.io/productos/gadg002-gadget-llaveros-animados/,pendiente_mejora,por verificar,selección automática,Original y producción visual pendientes; Verificar autenticidad de la unidad
GADG003,Gadget Sobres Mario Sobresa,,,No aprobada,1.96,2.25,https://conectatech-ec.github.io/productos/gadg003-gadget-sobres-mario-sobresa/,pendiente_mejora,por verificar,selección automática,Original y producción visual pendientes; Verificar autenticidad de la unidad
JUGU043,Juguete Camioneta Combi Coleccionable Pequea,,,No aprobada,6.85,7.88,https://conectatech-ec.github.io/productos/jugu043-juguete-camioneta-combi-coleccionable-pequea/,pendiente_mejora,por verificar,selección automática,Original y producción visual pendientes; Verificar autenticidad de la unidad
JUGU039,Juguete Carrito Avengers Varios Modelos,,,No aprobada,5.75,6.61,https://conectatech-ec.github.io/productos/jugu039-juguete-carrito-avengers-varios-modelos/,pendiente_mejora,por verificar,selección automática,Original y producción visual pendientes; Verificar autenticidad de la unidad
JUGU080,Juguete Carrito Coleccionable F1,,,No aprobada,6.50,7.48,https://conectatech-ec.github.io/productos/jugu080-juguete-carrito-coleccionable-f1/,pendiente_mejora,por verificar,selección automática,Original y producción visual pendientes; Verificar autenticidad de la unidad
JUGU003,Juguete Carrito Mario Kart,,,No aprobada,6.20,7.13,https://conectatech-ec.github.io/productos/jugu003-juguete-carrito-mario-kart/,pendiente_mejora,por verificar,selección automática,Original y producción visual pendientes; Verificar autenticidad de la unidad
JUGU092,Juguete Carro Coleccionable Jeep Pequeo,,,No aprobada,11.90,13.69,https://conectatech-ec.github.io/productos/jugu092-juguete-carro-coleccionable-jeep-pequeo/,pendiente_mejora,por verificar,selección automática,Original y producción visual pendientes; Verificar autenticidad de la unidad
JUGU034,Juguete Carro DE Coleccion Pichirilo CON Rayas Pequeo,,,No aprobada,7.50,8.63,https://conectatech-ec.github.io/productos/jugu034-juguete-carro-de-coleccion-pichirilo-con-rayas-pequeo/,pendiente_mejora,por verificar,selección automática,Original y producción visual pendientes; Verificar autenticidad de la unidad
JUGU054,Juguete Motos Pequeas HOT Wheel Coleccionables Metal,,,No aprobada,4.50,5.18,https://conectatech-ec.github.io/productos/jugu054-juguete-motos-pequeas-hot-wheel-coleccionables-metal/,pendiente_mejora,por verificar,selección automática,Original y producción visual pendientes; Verificar autenticidad de la unidad
JUGU029,Juguete Personajes Animados POP,,,No aprobada,5.50,6.33,https://conectatech-ec.github.io/productos/jugu029-juguete-personajes-animados-pop/,pendiente_mejora,por verificar,selección automática,Original y producción visual pendientes; Verificar autenticidad de la unidad
MICA016,Mica Antiespia Para Android,,,No aprobada,5.00,5.75,https://conectatech-ec.github.io/productos/mica016-mica-antiespia-para-android/,pendiente_mejora,por verificar,selección automática,Original y producción visual pendientes; Verificar autenticidad de la unidad
MICA013,Mica Antiespia Para Iphone Dino,,,No aprobada,10.01,11.51,https://conectatech-ec.github.io/productos/mica013-mica-antiespia-para-iphone-dino/,pendiente_mejora,por verificar,selección automática,Original y producción visual pendientes; Verificar autenticidad de la unidad
MICA001,Mica Antiespia Para Iphone Privacy,,,No aprobada,10.01,11.51,https://conectatech-ec.github.io/productos/mica001-mica-antiespia-para-iphone-privacy/,pendiente_mejora,por verificar,selección automática,Original y producción visual pendientes; Verificar autenticidad de la unidad
MICA003,Mica Antihuellas Para Android,,,No aprobada,3.50,4.03,https://conectatech-ec.github.io/productos/mica003-mica-antihuellas-para-android/,pendiente_mejora,por verificar,selección automática,Original y producción visual pendientes; Verificar autenticidad de la unidad
MICA002,Mica Antihuellas Para Iphone,,,No aprobada,6.00,6.90,https://conectatech-ec.github.io/productos/mica002-mica-antihuellas-para-iphone/,pendiente_mejora,por verificar,selección automática,Original y producción visual pendientes; Verificar autenticidad de la unidad
MICA004,Mica Curva Android,,,No aprobada,6.00,6.90,https://conectatech-ec.github.io/productos/mica004-mica-curva-android/,pendiente_mejora,por verificar,selección automática,Original y producción visual pendientes; Verificar autenticidad de la unidad
MICA006,Mica HD Para Android,,,No aprobada,3.50,4.03,https://conectatech-ec.github.io/productos/mica006-mica-hd-para-android/,pendiente_mejora,por verificar,selección automática,Original y producción visual pendientes; Verificar autenticidad de la unidad
MICA005,Mica HD Para Iphone,,,No aprobada,6.00,6.90,https://conectatech-ec.github.io/productos/mica005-mica-hd-para-iphone/,pendiente_mejora,por verificar,selección automática,Original y producción visual pendientes; Verificar autenticidad de la unidad
MICA012,"Mica Para Iphone Resistente Antiespia, Antihuella, Anti Estatica, Anti Reflejos.",,,No aprobada,18.00,20.70,https://conectatech-ec.github.io/productos/mica012-mica-para-iphone-resistente-antiespia-antihuella-anti-estatica-anti-reflejos/,pendiente_mejora,por verificar,selección automática,Original y producción visual pendientes; Verificar autenticidad de la unidad
MICA009,Mica Para Iphone Serie 16 Spigen,,,No aprobada,11.99,13.79,https://conectatech-ec.github.io/productos/mica009-mica-para-iphone-serie-16-spigen/,pendiente_mejora,por verificar,selección automática,Original y producción visual pendientes; Verificar autenticidad de la unidad
MOUS029,Mousepad Cuadrado Esencial,,,No aprobada,2.50,2.88,https://conectatech-ec.github.io/productos/mous029-mousepad-cuadrado-esencial/,pendiente_mejora,por verificar,selección automática,Original y producción visual pendientes; Verificar autenticidad de la unidad
PAD001,PAD Almohadilla DE GEL Para Teclados,,,No aprobada,13.85,15.93,https://conectatech-ec.github.io/productos/pad001-pad-almohadilla-de-gel-para-teclados/,pendiente_mejora,por verificar,selección automática,Original y producción visual pendientes; Verificar autenticidad de la unidad
PILA049,Pila 1616 Suncom,,,No aprobada,2.25,2.59,https://conectatech-ec.github.io/productos/pila049-pila-1616-suncom/,pendiente_mejora,por verificar,selección automática,Original y producción visual pendientes; Verificar autenticidad de la unidad
PILA075,Pila 1620 Suncom,,,No aprobada,2.35,2.70,https://conectatech-ec.github.io/productos/pila075-pila-1620-suncom/,pendiente_mejora,por verificar,selección automática,Original y producción visual pendientes; Verificar autenticidad de la unidad
PILA055,Pila 1625 Tianqui,,,No aprobada,1.75,2.01,https://conectatech-ec.github.io/productos/pila055-pila-1625-tianqui/,pendiente_mejora,por verificar,selección automática,Original y producción visual pendientes; Verificar autenticidad de la unidad
PILA048,Pila 1632 Suncom,,,No aprobada,2.25,2.59,https://conectatech-ec.github.io/productos/pila048-pila-1632-suncom/,pendiente_mejora,por verificar,selección automática,Original y producción visual pendientes; Verificar autenticidad de la unidad
PILA042,Pila 192 392 LR41 Maxday,,,No aprobada,1.75,2.01,https://conectatech-ec.github.io/productos/pila042-pila-192-392-lr41-maxday/,pendiente_mejora,por verificar,selección automática,Original y producción visual pendientes; Verificar autenticidad de la unidad
PILA040,Pila 192 392 LR41 Murata,,,No aprobada,2.50,2.88,https://conectatech-ec.github.io/productos/pila040-pila-192-392-lr41-murata/,pendiente_mejora,por verificar,selección automática,Original y producción visual pendientes; Verificar autenticidad de la unidad
PILA010,Pila 2016 Sony,,,No aprobada,1.25,1.44,https://conectatech-ec.github.io/productos/pila010-pila-2016-sony/,pendiente_mejora,por verificar,selección automática,Original y producción visual pendientes; Verificar autenticidad de la unidad
PILA011,Pila 2025 Sony,,,No aprobada,1.25,1.44,https://conectatech-ec.github.io/productos/pila011-pila-2025-sony/,pendiente_mejora,por verificar,selección automática,Original y producción visual pendientes; Verificar autenticidad de la unidad
PILA013,Pila 2032 RCA,,,No aprobada,2.50,2.88,https://conectatech-ec.github.io/productos/pila013-pila-2032-rca/,pendiente_mejora,por verificar,selección automática,Original y producción visual pendientes; Verificar autenticidad de la unidad
PILA072,Pila 23A Soeiniy,,,No aprobada,2.65,3.05,https://conectatech-ec.github.io/productos/pila072-pila-23a-soeiniy/,pendiente_mejora,por verificar,selección automática,Original y producción visual pendientes; Verificar autenticidad de la unidad
PILA054,Pila 2430 Murata,,,No aprobada,4.30,4.95,https://conectatech-ec.github.io/productos/pila054-pila-2430-murata/,pendiente_mejora,por verificar,selección automática,Original y producción visual pendientes; Verificar autenticidad de la unidad
PILA074,Pila 27A GP,,,No aprobada,3.15,3.62,https://conectatech-ec.github.io/productos/pila074-pila-27a-gp/,pendiente_mejora,por verificar,selección automática,Original y producción visual pendientes; Verificar autenticidad de la unidad
PILA071,Pila 27A Soeiniy,,,No aprobada,2.55,2.93,https://conectatech-ec.github.io/productos/pila071-pila-27a-soeiniy/,pendiente_mejora,por verificar,selección automática,Original y producción visual pendientes; Verificar autenticidad de la unidad
PILA033,Pila 357 LR44 AG13 Pikcell,,,No aprobada,1.25,1.44,https://conectatech-ec.github.io/productos/pila033-pila-357-lr44-ag13-pikcell/,pendiente_mejora,por verificar,selección automática,Original y producción visual pendientes; Verificar autenticidad de la unidad
PILA060,Pila 362 - AG11 Maxday,,,No aprobada,1.96,2.25,https://conectatech-ec.github.io/productos/pila060-pila-362-ag11-maxday/,pendiente_mejora,por verificar,selección automática,Original y producción visual pendientes; Verificar autenticidad de la unidad
PILA017,Pila 364 Suncom,,,No aprobada,1.75,2.01,https://conectatech-ec.github.io/productos/pila017-pila-364-suncom/,pendiente_mejora,por verificar,selección automática,Original y producción visual pendientes; Verificar autenticidad de la unidad
PILA019,Pila 371 Maxday,,,No aprobada,1.75,2.01,https://conectatech-ec.github.io/productos/pila019-pila-371-maxday/,pendiente_mejora,por verificar,selección automática,Original y producción visual pendientes; Verificar autenticidad de la unidad
PILA021,Pila 377 AG4 Maxday,,,No aprobada,1.55,1.78,https://conectatech-ec.github.io/productos/pila021-pila-377-ag4-maxday/,pendiente_mejora,por verificar,selección automática,Original y producción visual pendientes; Verificar autenticidad de la unidad
PILA022,Pila 377 Suncom,,,No aprobada,1.25,1.44,https://conectatech-ec.github.io/productos/pila022-pila-377-suncom/,pendiente_mejora,por verificar,selección automática,Original y producción visual pendientes; Verificar autenticidad de la unidad
PILA052,Pila 379 AG0 Maxday,,,No aprobada,1.90,2.19,https://conectatech-ec.github.io/productos/pila052-pila-379-ag0-maxday/,pendiente_mejora,por verificar,selección automática,Original y producción visual pendientes; Verificar autenticidad de la unidad
PILA062,Pila 386 - AG12 Maxday,,,No aprobada,2.10,2.42,https://conectatech-ec.github.io/productos/pila062-pila-386-ag12-maxday/,pendiente_mejora,por verificar,selección automática,Original y producción visual pendientes; Verificar autenticidad de la unidad
PILA038,Pila 389 - 189 - LR1130 - AG10 Maxday,,,No aprobada,1.70,1.96,https://conectatech-ec.github.io/productos/pila038-pila-389-189-lr1130-ag10-maxday/,pendiente_mejora,por verificar,selección automática,Original y producción visual pendientes; Verificar autenticidad de la unidad
PILA036,Pila 389 - 189 - LR1130 - AG10 T&E,,,No aprobada,1.50,1.73,https://conectatech-ec.github.io/productos/pila036-pila-389-189-lr1130-ag10-t-e/,pendiente_mejora,por verificar,selección automática,Original y producción visual pendientes; Verificar autenticidad de la unidad
PILA037,Pila 389 - 189 - LR1130 - AG10SUNCOM,,,No aprobada,1.45,1.67,https://conectatech-ec.github.io/productos/pila037-pila-389-189-lr1130-ag10suncom/,pendiente_mejora,por verificar,selección automática,Original y producción visual pendientes; Verificar autenticidad de la unidad
PILA059,Pila 391 - AG8 Maxday,,,No aprobada,2.10,2.42,https://conectatech-ec.github.io/productos/pila059-pila-391-ag8-maxday/,pendiente_mejora,por verificar,selección automática,Original y producción visual pendientes; Verificar autenticidad de la unidad
PILA057,Pila 393- 193 - AG5 Maxday,,,No aprobada,1.96,2.25,https://conectatech-ec.github.io/productos/pila057-pila-393-193-ag5-maxday/,pendiente_mejora,por verificar,selección automática,Original y producción visual pendientes; Verificar autenticidad de la unidad
PILA056,Pila 396 - 397 - AG2 Maxday,,,No aprobada,1.96,2.25,https://conectatech-ec.github.io/productos/pila056-pila-396-397-ag2-maxday/,pendiente_mejora,por verificar,selección automática,Original y producción visual pendientes; Verificar autenticidad de la unidad
PILA050,Pila AA RCA Pack 2,,,No aprobada,3.50,4.03,https://conectatech-ec.github.io/productos/pila050-pila-aa-rca-pack-2/,pendiente_mejora,por verificar,selección automática,Original y producción visual pendientes; Verificar autenticidad de la unidad
PILA069,Pila AA Sony Pack DE 4,,,No aprobada,4.30,4.95,https://conectatech-ec.github.io/productos/pila069-pila-aa-sony-pack-de-4/,pendiente_mejora,por verificar,selección automática,Original y producción visual pendientes; Verificar autenticidad de la unidad
PILA027,Pila AAA RCA Pack DE 2,,,No aprobada,2.50,2.88,https://conectatech-ec.github.io/productos/pila027-pila-aaa-rca-pack-de-2/,pendiente_mejora,por verificar,selección automática,Original y producción visual pendientes; Verificar autenticidad de la unidad
PILA026,Pila AAA RCA Pack DE 4,,,No aprobada,3.80,4.37,https://conectatech-ec.github.io/productos/pila026-pila-aaa-rca-pack-de-4/,pendiente_mejora,por verificar,selección automática,Original y producción visual pendientes; Verificar autenticidad de la unidad
PROT001,Protector DE Camara Para Iphone Y Android,,,No aprobada,6.00,6.90,https://conectatech-ec.github.io/productos/prot001-protector-de-camara-para-iphone-y-android/,pendiente_mejora,por verificar,selección automática,Original y producción visual pendientes; Verificar autenticidad de la unidad
PROT003,Protectores DE Silicon Animados Para Cables,,,No aprobada,2.25,2.59,https://conectatech-ec.github.io/productos/prot003-protectores-de-silicon-animados-para-cables/,pendiente_mejora,por verificar,selección automática,Original y producción visual pendientes; Verificar autenticidad de la unidad
REL043,Reloj Animados Para Ninos Digital Y Analogico,,,No aprobada,6.50,7.48,https://conectatech-ec.github.io/productos/rel043-reloj-animados-para-ninos-digital-y-analogico/,pendiente_mejora,por verificar,selección automática,Original y producción visual pendientes; Verificar autenticidad de la unidad
REL032,Reloj Para Animados Nios Tapa Giratoria,,,No aprobada,8.50,9.78,https://conectatech-ec.github.io/productos/rel032-reloj-para-animados-nios-tapa-giratoria/,pendiente_mejora,por verificar,selección automática,Original y producción visual pendientes; Verificar autenticidad de la unidad
REL046,Reloj Smarwatch Infinix H4,,,No aprobada,39.00,44.85,https://conectatech-ec.github.io/productos/rel046-reloj-smarwatch-infinix-h4/,pendiente_mejora,por verificar,selección automática,Sin original identificado por SKU entre las fotografías disponibles; Verificar autenticidad de la unidad
SOPO023,Soporte DE Celular Modelo T8-04,,,No aprobada,5.35,6.15,https://conectatech-ec.github.io/productos/sopo023-soporte-de-celular-modelo-t8-04/,pendiente_mejora,por verificar,selección automática,Original y producción visual pendientes; Verificar autenticidad de la unidad
STYL005,Stylus PEN Universal,,,No aprobada,18.89,21.72,https://conectatech-ec.github.io/productos/styl005-stylus-pen-universal/,pendiente_mejora,por verificar,selección automática,Original y producción visual pendientes; Verificar autenticidad de la unidad
TRIP026,Tripode Selfie N08S,,,No aprobada,9.55,10.98,https://conectatech-ec.github.io/productos/trip026-tripode-selfie-n08s/,pendiente_mejora,por verificar,selección automática,Original y producción visual pendientes; Verificar autenticidad de la unidad
ADAP028,Adaptador Bluetooth Dongle HJX-001 Usb-a Tipo Flash,,,No aprobada,5.50,6.33,https://conectatech-ec.github.io/productos/adap028-adaptador-bluetooth-dongle-hjx-001-usb-a-tipo-flash/,pendiente_mejora,por verificar,selección automática,Original y producción visual pendientes; Verificar autenticidad de la unidad
ADAP031,Adaptador Divisor Microfono-audifonos Besser Sound,,,No aprobada,11.50,13.23,https://conectatech-ec.github.io/productos/adap031-adaptador-divisor-microfono-audifonos-besser-sound/,pendiente_mejora,por verificar,selección automática,Original y producción visual pendientes; Verificar autenticidad de la unidad
ADAP030,Adaptador Divisor Microfono-audifonos Blanco,,,No aprobada,5.50,6.33,https://conectatech-ec.github.io/productos/adap030-adaptador-divisor-microfono-audifonos-blanco/,pendiente_mejora,por verificar,selección automática,Original y producción visual pendientes; Verificar autenticidad de la unidad
ADAP049,Adaptador Tarjeta DE Sonido Usb-a A Microfono+audifonos,,,No aprobada,6.50,7.48,https://conectatech-ec.github.io/productos/adap049-adaptador-tarjeta-de-sonido-usb-a-a-microfono-audifonos/,pendiente_mejora,por verificar,selección automática,Original y producción visual pendientes; Verificar autenticidad de la unidad
ADAP051,Adaptador Tarjeta DE Sonido Usb-c A Microfono+audifonos,,,No aprobada,9.35,10.75,https://conectatech-ec.github.io/productos/adap051-adaptador-tarjeta-de-sonido-usb-c-a-microfono-audifonos/,pendiente_mejora,por verificar,selección automática,Original y producción visual pendientes; Verificar autenticidad de la unidad
AUDI123,Airpods PRO 3 CON AI,,,No aprobada,31.90,36.69,https://conectatech-ec.github.io/productos/audi123-airpods-pro-3-con-ai/,pendiente_mejora,por verificar,selección automática,Original y producción visual pendientes; Verificar autenticidad de la unidad
ANTE002,Antena Digital Hdtv 3.5DBI SG-3002,,,No aprobada,11.99,13.79,https://conectatech-ec.github.io/productos/ante002-antena-digital-hdtv-3-5dbi-sg-3002/,pendiente_mejora,por verificar,selección automática,Original y producción visual pendientes; Verificar autenticidad de la unidad
ANTE001,Antena Jupiter Para TV,,,No aprobada,6.50,7.48,https://conectatech-ec.github.io/productos/ante001-antena-jupiter-para-tv/,pendiente_mejora,por verificar,selección automática,Original y producción visual pendientes; Verificar autenticidad de la unidad
AUDI002,Audifonos AKG 3.5MM,,,No aprobada,5.00,5.75,https://conectatech-ec.github.io/productos/audi002-audifonos-akg-3-5mm/,pendiente_mejora,por verificar,selección automática,Original y producción visual pendientes; Verificar autenticidad de la unidad
AUDI003,Audifonos AKG Usb-c,,,No aprobada,6.00,6.90,https://conectatech-ec.github.io/productos/audi003-audifonos-akg-usb-c/,pendiente_mejora,por verificar,selección automática,Original y producción visual pendientes; Verificar autenticidad de la unidad
AUDI094,Audifonos Airpods 3 3ERA,,,No aprobada,15.00,17.25,https://conectatech-ec.github.io/productos/audi094-audifonos-airpods-3-3era/,pendiente_mejora,por verificar,selección automática,Original y producción visual pendientes; Verificar autenticidad de la unidad
AUDI001,Audifonos Airpods PRO 2 ANC,,,No aprobada,25.00,28.75,https://conectatech-ec.github.io/productos/audi001-audifonos-airpods-pro-2-anc/,pendiente_mejora,por verificar,selección automática,Original y producción visual pendientes; Verificar autenticidad de la unidad
AUDI004,Audifonos Alambricos Basicos Esencial,,,No aprobada,3.50,4.03,https://conectatech-ec.github.io/productos/audi004-audifonos-alambricos-basicos-esencial/,pendiente_mejora,por verificar,selección automática,Original y producción visual pendientes; Verificar autenticidad de la unidad
AUDI008,Audifonos Alambricos Earpods Lightning,,,No aprobada,15.00,17.25,https://conectatech-ec.github.io/productos/audi008-audifonos-alambricos-earpods-lightning/,pendiente_mejora,por verificar,selección automática,Original y producción visual pendientes; Verificar autenticidad de la unidad
AUDI009,Audifonos Alambricos Earpods Tipo Usb-c,,,No aprobada,16.00,18.40,https://conectatech-ec.github.io/productos/audi009-audifonos-alambricos-earpods-tipo-usb-c/,pendiente_mejora,por verificar,selección automática,Original y producción visual pendientes; Verificar autenticidad de la unidad
AUDI097,Audifonos Alambricos Tune 310C,,,No aprobada,11.90,13.69,https://conectatech-ec.github.io/productos/audi097-audifonos-alambricos-tune-310c/,pendiente_mejora,por verificar,selección automática,Original y producción visual pendientes; Verificar autenticidad de la unidad
AUDI045,Audifonos Cuello Modelo WX7,,,No aprobada,11.99,13.79,https://conectatech-ec.github.io/productos/audi045-audifonos-cuello-modelo-wx7/,pendiente_mejora,por verificar,selección automática,Original y producción visual pendientes; Verificar autenticidad de la unidad
AUDI120,Audifonos DE Diadema 3.5MM Xtech XTH356 Avid,,,No aprobada,19.35,22.25,https://conectatech-ec.github.io/productos/audi120-audifonos-de-diadema-3-5mm-xtech-xth356-avid/,pendiente_mejora,por verificar,selección automática,Original y producción visual pendientes; Verificar autenticidad de la unidad
AUDI039,Audifonos DE Diadema Animados Para Ninos,,,No aprobada,14.00,16.10,https://conectatech-ec.github.io/productos/audi039-audifonos-de-diadema-animados-para-ninos/,pendiente_mejora,por verificar,selección automática,Original y producción visual pendientes; Verificar autenticidad de la unidad
AUDI046,Audifonos DE Diadema Animados Para Nios BIG Mario,,,No aprobada,19.00,21.85,https://conectatech-ec.github.io/productos/audi046-audifonos-de-diadema-animados-para-nios-big-mario/,pendiente_mejora,por verificar,selección automática,Original y producción visual pendientes; Verificar autenticidad de la unidad
AUDI117,Audifonos DE Diadema CON Microfono Xtech XTH564 3.5MM,,,No aprobada,23.58,27.12,https://conectatech-ec.github.io/productos/audi117-audifonos-de-diadema-con-microfono-xtech-xth564-3-5mm/,pendiente_mejora,por verificar,selección automática,Original y producción visual pendientes; Verificar autenticidad de la unidad
AUDI038,Audifonos DE Diadema Cascos Quitcomfort Ultra Noise Cancelling,,,No aprobada,26.30,30.25,https://conectatech-ec.github.io/productos/audi038-audifonos-de-diadema-cascos-quitcomfort-ultra-noise-cancelling/,pendiente_mejora,por verificar,selección automática,Original y producción visual pendientes; Verificar autenticidad de la unidad
AUDI116,Audifonos DE Diadema Coon Microfono Usb-c Xtech XTH-245,,,No aprobada,18.70,21.51,https://conectatech-ec.github.io/productos/audi116-audifonos-de-diadema-coon-microfono-usb-c-xtech-xth-245/,pendiente_mejora,por verificar,selección automática,Original y producción visual pendientes; Verificar autenticidad de la unidad
AUDI012,Audifonos DE Diadema Gamer Komc G306,,,No aprobada,18.00,20.70,https://conectatech-ec.github.io/productos/audi012-audifonos-de-diadema-gamer-komc-g306/,pendiente_mejora,por verificar,selección automática,Original y producción visual pendientes; Verificar autenticidad de la unidad
AUDI076,Audifonos DE Diadema Gaming 5RCA553,,,No aprobada,23.15,26.62,https://conectatech-ec.github.io/productos/audi076-audifonos-de-diadema-gaming-5rca553/,pendiente_mejora,por verificar,selección automática,Original y producción visual pendientes; Verificar autenticidad de la unidad
AUDI108,Audifonos DE Diadema Klipxtreme Duovox KCH-915,,,No aprobada,69.40,79.81,https://conectatech-ec.github.io/productos/audi108-audifonos-de-diadema-klipxtreme-duovox-kch-915/,pendiente_mejora,por verificar,selección automática,Original y producción visual pendientes; Verificar autenticidad de la unidad
AUDI091,Audifonos DE Diadema Klipxtreme Escape,,,No aprobada,39.10,44.97,https://conectatech-ec.github.io/productos/audi091-audifonos-de-diadema-klipxtreme-escape/,pendiente_mejora,por verificar,selección automática,Original y producción visual pendientes; Verificar autenticidad de la unidad
AUDI107,Audifonos DE Diadema Klipxtreme Hi-fi KNH-750GR,,,No aprobada,92.40,106.26,https://conectatech-ec.github.io/productos/audi107-audifonos-de-diadema-klipxtreme-hi-fi-knh-750gr/,pendiente_mejora,por verificar,selección automática,Original y producción visual pendientes; Verificar autenticidad de la unidad
AUDI085,Audifonos DE Diadema Klipxtreme KSH-290 Sekual,,,No aprobada,17.60,20.24,https://conectatech-ec.github.io/productos/audi085-audifonos-de-diadema-klipxtreme-ksh-290-sekual/,pendiente_mejora,por verificar,selección automática,Original y producción visual pendientes; Verificar autenticidad de la unidad
AUDI090,Audifonos DE Diadema Klipxtreme Style,,,No aprobada,58.31,67.06,https://conectatech-ec.github.io/productos/audi090-audifonos-de-diadema-klipxtreme-style/,pendiente_mejora,por verificar,selección automática,Original y producción visual pendientes; Verificar autenticidad de la unidad
AUDI119,Audifonos DE Diadema Logitech H390 Usb-c,,,No aprobada,41.89,48.17,https://conectatech-ec.github.io/productos/audi119-audifonos-de-diadema-logitech-h390-usb-c/,pendiente_mejora,por verificar,selección automática,Original y producción visual pendientes; Verificar autenticidad de la unidad
AUDI104,Audifonos DE Diadema Mono Klipxtreme Voxcom KCH-750,,,No aprobada,39.30,45.20,https://conectatech-ec.github.io/productos/audi104-audifonos-de-diadema-mono-klipxtreme-voxcom-kch-750/,pendiente_mejora,por verificar,selección automática,Original y producción visual pendientes; Verificar autenticidad de la unidad
AUDI081,Audifonos DE Diadema Para PC Klipxtreme Klearcom,,,No aprobada,29.45,33.87,https://conectatech-ec.github.io/productos/audi081-audifonos-de-diadema-para-pc-klipxtreme-klearcom/,pendiente_mejora,por verificar,selección automática,Original y producción visual pendientes; Verificar autenticidad de la unidad
AUDI096,Audifonos DE Diadema Para Pc-laptops SY440MV,,,No aprobada,9.15,10.52,https://conectatech-ec.github.io/productos/audi096-audifonos-de-diadema-para-pc-laptops-sy440mv/,pendiente_mejora,por verificar,selección automática,Original y producción visual pendientes; Verificar autenticidad de la unidad
AUDI037,Audifonos DE Diadema Quietcomfort 45 II,,,No aprobada,24.85,28.58,https://conectatech-ec.github.io/productos/audi037-audifonos-de-diadema-quietcomfort-45-ii/,pendiente_mejora,por verificar,selección automática,Original y producción visual pendientes; Verificar autenticidad de la unidad
AUDI114,Audifonos DE Diadema Riversong Rhythm L9,,,No aprobada,29.35,33.75,https://conectatech-ec.github.io/productos/audi114-audifonos-de-diadema-riversong-rhythm-l9/,pendiente_mejora,por verificar,selección automática,Original y producción visual pendientes; Verificar autenticidad de la unidad
AUDI064,Audifonos DE Diadema Soundgear Sense Deportivos,,,No aprobada,28.78,33.10,https://conectatech-ec.github.io/productos/audi064-audifonos-de-diadema-soundgear-sense-deportivos/,pendiente_mejora,por verificar,selección automática,Original y producción visual pendientes; Verificar autenticidad de la unidad
AUDI047,Audifonos DE Diadema Tune 760,,,No aprobada,19.00,21.85,https://conectatech-ec.github.io/productos/audi047-audifonos-de-diadema-tune-760/,pendiente_mejora,por verificar,selección automática,Original y producción visual pendientes; Verificar autenticidad de la unidad
AUDI089,Audifonos DE Diadema Tune A16,,,No aprobada,23.00,26.45,https://conectatech-ec.github.io/productos/audi089-audifonos-de-diadema-tune-a16/,pendiente_mejora,por verificar,selección automática,Original y producción visual pendientes; Verificar autenticidad de la unidad
AUDI016,Audifonos DE Diadema Tune A6,,,No aprobada,17.91,20.60,https://conectatech-ec.github.io/productos/audi016-audifonos-de-diadema-tune-a6/,pendiente_mejora,por verificar,selección automática,Original y producción visual pendientes; Verificar autenticidad de la unidad
AUDI100,Audifonos DE Diadema ULT Powersound,,,No aprobada,22.15,25.47,https://conectatech-ec.github.io/productos/audi100-audifonos-de-diadema-ult-powersound/,pendiente_mejora,por verificar,selección automática,Original y producción visual pendientes; Verificar autenticidad de la unidad
AUDI080,Audifonos DE Diadema Xtech Spiderman,,,No aprobada,33.01,37.96,https://conectatech-ec.github.io/productos/audi080-audifonos-de-diadema-xtech-spiderman/,pendiente_mejora,por verificar,selección automática,Original y producción visual pendientes; Verificar autenticidad de la unidad
AUDI072,Audifonos DE Diadema Xtrike-me GH-512W,,,No aprobada,49.00,56.35,https://conectatech-ec.github.io/productos/audi072-audifonos-de-diadema-xtrike-me-gh-512w/,pendiente_mejora,por verificar,selección automática,Original y producción visual pendientes; Verificar autenticidad de la unidad
AUDI057,Audifonos Deportivos OWS-03,,,No aprobada,19.00,21.85,https://conectatech-ec.github.io/productos/audi057-audifonos-deportivos-ows-03/,pendiente_mejora,por verificar,selección automática,Original y producción visual pendientes; Verificar autenticidad de la unidad
AUDI095,Audifonos Deportivos Thinkplus X15PRO,,,No aprobada,39.15,45.02,https://conectatech-ec.github.io/productos/audi095-audifonos-deportivos-thinkplus-x15pro/,pendiente_mejora,por verificar,selección automática,Original y producción visual pendientes; Verificar autenticidad de la unidad
AUDI005,Audifonos Diadema Airpods MAX,,,No aprobada,29.00,33.35,https://conectatech-ec.github.io/productos/audi005-audifonos-diadema-airpods-max/,pendiente_mejora,por verificar,selección automática,Original y producción visual pendientes; Verificar autenticidad de la unidad
AUDI007,Audifonos Diadema PRO Studio,,,No aprobada,16.91,19.45,https://conectatech-ec.github.io/productos/audi007-audifonos-diadema-pro-studio/,pendiente_mejora,por verificar,selección automática,Original y producción visual pendientes; Verificar autenticidad de la unidad
AUDI101,Audifonos Galaxy Buds 5 PRO,,,No aprobada,20.90,24.04,https://conectatech-ec.github.io/productos/audi101-audifonos-galaxy-buds-5-pro/,pendiente_mejora,por verificar,selección automática,Original y producción visual pendientes; Verificar autenticidad de la unidad
AUDI053,Audifonos Galaxy Buds PRO 6,,,No aprobada,22.00,25.30,https://conectatech-ec.github.io/productos/audi053-audifonos-galaxy-buds-pro-6/,pendiente_mejora,por verificar,selección automática,Original y producción visual pendientes; Verificar autenticidad de la unidad
AUDI082,Audifonos Galaxy Buds PRO 9,,,No aprobada,19.21,22.09,https://conectatech-ec.github.io/productos/audi082-audifonos-galaxy-buds-pro-9/,pendiente_mejora,por verificar,selección automática,Original y producción visual pendientes; Verificar autenticidad de la unidad
AUDI049,Audifonos Gamer HP DHE8001U,,,No aprobada,27.45,31.57,https://conectatech-ec.github.io/productos/audi049-audifonos-gamer-hp-dhe8001u/,pendiente_mejora,por verificar,selección automática,Original y producción visual pendientes; Verificar autenticidad de la unidad
AUDI106,Audifonos Gaming JBL Quantum 650 Wireless,,,No aprobada,164.30,188.95,https://conectatech-ec.github.io/productos/audi106-audifonos-gaming-jbl-quantum-650-wireless/,pendiente_mejora,por verificar,selección automática,Original y producción visual pendientes; Verificar autenticidad de la unidad
AUDI088,Audifonos Inalambricos 1HORA,,,No aprobada,22.90,26.34,https://conectatech-ec.github.io/productos/audi088-audifonos-inalambricos-1hora/,pendiente_mejora,por verificar,selección automática,Original y producción visual pendientes; Verificar autenticidad de la unidad
AUDI042,Audifonos Inalambricos Airpods 4 4TA,,,No aprobada,25.00,28.75,https://conectatech-ec.github.io/productos/audi042-audifonos-inalambricos-airpods-4-4ta/,pendiente_mejora,por verificar,selección automática,Original y producción visual pendientes; Verificar autenticidad de la unidad
AUDI061,Audifonos Inalambricos Airpods 4 ANC 4TA,,,No aprobada,29.00,33.35,https://conectatech-ec.github.io/productos/audi061-audifonos-inalambricos-airpods-4-anc-4ta/,pendiente_mejora,por verificar,selección automática,Original y producción visual pendientes; Verificar autenticidad de la unidad
AUDI069,Audifonos Inalambricos Airpods Animados,,,No aprobada,14.90,17.14,https://conectatech-ec.github.io/productos/audi069-audifonos-inalambricos-airpods-animados/,pendiente_mejora,por verificar,selección automática,Original y producción visual pendientes; Verificar autenticidad de la unidad
AUDI063,Audifonos Inalambricos Airpods PRO 2 Anc-enc CON Pantalla,,,No aprobada,19.35,22.25,https://conectatech-ec.github.io/productos/audi063-audifonos-inalambricos-airpods-pro-2-anc-enc-con-pantalla/,pendiente_mejora,por verificar,selección automática,Original y producción visual pendientes; Verificar autenticidad de la unidad
AUDI062,Audifonos Inalambricos Airpods XFT-01,,,No aprobada,18.00,20.70,https://conectatech-ec.github.io/productos/audi062-audifonos-inalambricos-airpods-xft-01/,pendiente_mejora,por verificar,selección automática,Original y producción visual pendientes; Verificar autenticidad de la unidad
AUDI099,Audifonos Inalambricos Blackshark T13 ANC,,,No aprobada,49.15,56.52,https://conectatech-ec.github.io/productos/audi099-audifonos-inalambricos-blackshark-t13-anc/,pendiente_mejora,por verificar,selección automática,Original y producción visual pendientes; Verificar autenticidad de la unidad
AUDI083,Audifonos Inalambricos Deportivos Linkbuds FIT,,,No aprobada,14.85,17.08,https://conectatech-ec.github.io/productos/audi083-audifonos-inalambricos-deportivos-linkbuds-fit/,pendiente_mejora,por verificar,selección automática,Original y producción visual pendientes; Verificar autenticidad de la unidad
AUDI015,Audifonos Inalambricos Face Change G05D,,,No aprobada,22.00,25.30,https://conectatech-ec.github.io/productos/audi015-audifonos-inalambricos-face-change-g05d/,pendiente_mejora,por verificar,selección automática,Original y producción visual pendientes; Verificar autenticidad de la unidad
AUDI073,Audifonos Inalambricos Galaxy Buds 6 PRO,,,No aprobada,19.35,22.25,https://conectatech-ec.github.io/productos/audi073-audifonos-inalambricos-galaxy-buds-6-pro/,pendiente_mejora,por verificar,selección automática,Original y producción visual pendientes; Verificar autenticidad de la unidad
AUDI041,Audifonos Inalambricos Havit TW969 Lite,,,No aprobada,22.00,25.30,https://conectatech-ec.github.io/productos/audi041-audifonos-inalambricos-havit-tw969-lite/,pendiente_mejora,por verificar,selección automática,Original y producción visual pendientes; Verificar autenticidad de la unidad
AUDI086,Audifonos Inalambricos Klipxtreme KTE-015PR,,,No aprobada,28.15,32.37,https://conectatech-ec.github.io/productos/audi086-audifonos-inalambricos-klipxtreme-kte-015pr/,pendiente_mejora,por verificar,selección automática,Original y producción visual pendientes; Verificar autenticidad de la unidad
AUDI034,Audifonos Inalambricos Monster Airmars XKT01,,,No aprobada,37.00,42.55,https://conectatech-ec.github.io/productos/audi034-audifonos-inalambricos-monster-airmars-xkt01/,pendiente_mejora,por verificar,selección automática,Original y producción visual pendientes; Verificar autenticidad de la unidad
AUDI028,Audifonos Inalambricos Monster N-lite 203,,,No aprobada,34.99,40.24,https://conectatech-ec.github.io/productos/audi028-audifonos-inalambricos-monster-n-lite-203/,pendiente_mejora,por verificar,selección automática,Original y producción visual pendientes; Verificar autenticidad de la unidad
AUDI118,Audifonos Inalambricos Primus Arcus 300S,,,No aprobada,47.35,54.45,https://conectatech-ec.github.io/productos/audi118-audifonos-inalambricos-primus-arcus-300s/,pendiente_mejora,por verificar,selección automática,Original y producción visual pendientes; Verificar autenticidad de la unidad
AUDI067,Audifonos Inalambricos Riversong Airfly L1,,,No aprobada,25.00,28.75,https://conectatech-ec.github.io/productos/audi067-audifonos-inalambricos-riversong-airfly-l1/,pendiente_mejora,por verificar,selección automática,Original y producción visual pendientes; Verificar autenticidad de la unidad
AUDI066,Audifonos Inalambricos Saiva SY-MT1 Metal,,,No aprobada,25.00,28.75,https://conectatech-ec.github.io/productos/audi066-audifonos-inalambricos-saiva-sy-mt1-metal/,pendiente_mejora,por verificar,selección automática,Original y producción visual pendientes; Verificar autenticidad de la unidad
AUDI122,Audifonos Inalambricos Saiva YB4,,,No aprobada,19.85,22.83,https://conectatech-ec.github.io/productos/audi122-audifonos-inalambricos-saiva-yb4/,pendiente_mejora,por verificar,selección automática,Original y producción visual pendientes; Verificar autenticidad de la unidad
AUDI017,Audifonos Inalambricos Signature,,,No aprobada,29.00,33.35,https://conectatech-ec.github.io/productos/audi017-audifonos-inalambricos-signature/,pendiente_mejora,por verificar,selección automática,Original y producción visual pendientes; Verificar autenticidad de la unidad
AUDI074,Audifonos Inalambricos Starwars Primus,,,No aprobada,43.15,49.62,https://conectatech-ec.github.io/productos/audi074-audifonos-inalambricos-starwars-primus/,pendiente_mejora,por verificar,selección automática,Original y producción visual pendientes; Verificar autenticidad de la unidad
AUDI020,Audifonos Inalambricos TUNE230NC,,,No aprobada,24.00,27.60,https://conectatech-ec.github.io/productos/audi020-audifonos-inalambricos-tune230nc/,pendiente_mejora,por verificar,selección automática,Original y producción visual pendientes; Verificar autenticidad de la unidad
AUDI025,Audifonos Inalambricos Thinkplus X15II,,,No aprobada,30.00,34.50,https://conectatech-ec.github.io/productos/audi025-audifonos-inalambricos-thinkplus-x15ii/,pendiente_mejora,por verificar,selección automática,Original y producción visual pendientes; Verificar autenticidad de la unidad
AUDI065,Audifonos Inalambricos Tune 220,,,No aprobada,15.90,18.29,https://conectatech-ec.github.io/productos/audi065-audifonos-inalambricos-tune-220/,pendiente_mejora,por verificar,selección automática,Original y producción visual pendientes; Verificar autenticidad de la unidad
AUDI098,Audifonos Inalambricos Tune Beam 150,,,No aprobada,19.15,22.02,https://conectatech-ec.github.io/productos/audi098-audifonos-inalambricos-tune-beam-150/,pendiente_mejora,por verificar,selección automática,Original y producción visual pendientes; Verificar autenticidad de la unidad
AUDI018,Audifonos Inalambricos Tune Flex,,,No aprobada,19.00,21.85,https://conectatech-ec.github.io/productos/audi018-audifonos-inalambricos-tune-flex/,pendiente_mejora,por verificar,selección automática,Original y producción visual pendientes; Verificar autenticidad de la unidad
AUDI026,Audifonos Inalambricosthinkplus LP1S,,,No aprobada,28.00,32.20,https://conectatech-ec.github.io/productos/audi026-audifonos-inalambricosthinkplus-lp1s/,pendiente_mejora,por verificar,selección automática,Original y producción visual pendientes; Verificar autenticidad de la unidad
AUDI124,Audifonos Inalmabricos LMN-K21,,,No aprobada,16.55,19.03,https://conectatech-ec.github.io/productos/audi124-audifonos-inalmabricos-lmn-k21/,pendiente_mejora,por verificar,selección automática,Original y producción visual pendientes; Verificar autenticidad de la unidad
AUDI103,Audifonos JBL Endurance Pace,,,No aprobada,89.30,102.70,https://conectatech-ec.github.io/productos/audi103-audifonos-jbl-endurance-pace/,pendiente_mejora,por verificar,selección automática,Original y producción visual pendientes; Verificar autenticidad de la unidad
AUDI093,Audifonos Klipxtreme Open AIR Conduccion Osea,,,No aprobada,47.85,55.03,https://conectatech-ec.github.io/productos/audi093-audifonos-klipxtreme-open-air-conduccion-osea/,pendiente_mejora,por verificar,selección automática,Original y producción visual pendientes; Verificar autenticidad de la unidad
AUDI113,Audifonos Klipxtreme Openbuds KOE-250BK,,,No aprobada,49.15,56.52,https://conectatech-ec.github.io/productos/audi113-audifonos-klipxtreme-openbuds-koe-250bk/,pendiente_mejora,por verificar,selección automática,Original y producción visual pendientes; Verificar autenticidad de la unidad
AUDI055,Audifonos Redmi Buds 6 Play,,,No aprobada,26.80,30.82,https://conectatech-ec.github.io/productos/audi055-audifonos-redmi-buds-6-play/,pendiente_mejora,por verificar,selección automática,Original y producción visual pendientes; Verificar autenticidad de la unidad
AUDI110,Audifonos Tipo Arete HT-10,,,No aprobada,13.90,15.99,https://conectatech-ec.github.io/productos/audi110-audifonos-tipo-arete-ht-10/,pendiente_mejora,por verificar,selección automática,Original y producción visual pendientes; Verificar autenticidad de la unidad
AUDI036,Audifonos Ultra Open Earbuds,,,No aprobada,36.00,41.40,https://conectatech-ec.github.io/productos/audi036-audifonos-ultra-open-earbuds/,pendiente_mejora,por verificar,selección automática,Original y producción visual pendientes; Verificar autenticidad de la unidad
CABL132,Cable Adaptador Divisor Microfono-audifono 3.5MM Hembra A Doble 3.5MM Macho Rojo,,,No aprobada,4.75,5.46,https://conectatech-ec.github.io/productos/cabl132-cable-adaptador-divisor-microfono-audifono-3-5mm-hembra-a-doble-3-5mm-macho-ro/,pendiente_mejora,por verificar,selección automática,Original y producción visual pendientes; Verificar autenticidad de la unidad
CABL070,Cable DE Disco Duro Usb-a A USB 3.0 Micro-b,,,No aprobada,5.90,6.79,https://conectatech-ec.github.io/productos/cabl070-cable-de-disco-duro-usb-a-a-usb-3-0-micro-b/,pendiente_mejora,por verificar,selección automática,Original y producción visual pendientes; Verificar autenticidad de la unidad
CABL161,Cable Hdmi + Micro + Mini Adaptadores Hdtv 3 EN 1,,,No aprobada,12.90,14.84,https://conectatech-ec.github.io/productos/cabl161-cable-hdmi-micro-mini-adaptadores-hdtv-3-en-1/,pendiente_mejora,por verificar,selección automática,Original y producción visual pendientes; Verificar autenticidad de la unidad
CABL012,Cable Para Router DE 5V A 12V 2AMP,,,No aprobada,9.00,10.35,https://conectatech-ec.github.io/productos/cabl012-cable-para-router-de-5v-a-12v-2amp/,pendiente_mejora,por verificar,selección automática,Original y producción visual pendientes; Verificar autenticidad de la unidad
CAPT003,Capturadora DE Video Hdtv 4K 3.0 Hdmi Input + Output,,,No aprobada,26.30,30.25,https://conectatech-ec.github.io/productos/capt003-capturadora-de-video-hdtv-4k-3-0-hdmi-input-output/,pendiente_mejora,por verificar,selección automática,Original y producción visual pendientes; Verificar autenticidad de la unidad
CAPT004,Capturadora DE Video Hdtv Tipo Flashmemory,,,No aprobada,13.90,15.99,https://conectatech-ec.github.io/productos/capt004-capturadora-de-video-hdtv-tipo-flashmemory/,pendiente_mejora,por verificar,selección automática,Original y producción visual pendientes; Verificar autenticidad de la unidad
CARG066,Cargador Para Smartwatch DE Pines,,,No aprobada,6.75,7.76,https://conectatech-ec.github.io/productos/carg066-cargador-para-smartwatch-de-pines/,pendiente_mejora,por verificar,selección automática,Original y producción visual pendientes; Verificar autenticidad de la unidad
CARG061,Cargador Smartwatch Infinix H4,,,No aprobada,13.50,15.53,https://conectatech-ec.github.io/productos/carg061-cargador-smartwatch-infinix-h4/,pendiente_mejora,por verificar,selección automática,Original y producción visual pendientes; Verificar autenticidad de la unidad
CASE003,Case Disco Duro 2.5 Altek Plastico,,,No aprobada,11.85,13.63,https://conectatech-ec.github.io/productos/case003-case-disco-duro-2-5-altek-plastico/,pendiente_mejora,por verificar,selección automática,Original y producción visual pendientes; Verificar autenticidad de la unidad
CASE002,Case Para Disco NV2 Y NV3,,,No aprobada,19.35,22.25,https://conectatech-ec.github.io/productos/case002-case-para-disco-nv2-y-nv3/,pendiente_mejora,por verificar,selección automática,Original y producción visual pendientes; Verificar autenticidad de la unidad
CONT001,Control TV + Tvbox + PC CON Teclado Iluminado,,,No aprobada,11.16,12.83,https://conectatech-ec.github.io/productos/cont001-control-tv-tvbox-pc-con-teclado-iluminado/,pendiente_mejora,por verificar,selección automática,Original y producción visual pendientes; Verificar autenticidad de la unidad
CONT004,Control TV + Tvbox + PC Negro CON Teclado,,,No aprobada,23.15,26.62,https://conectatech-ec.github.io/productos/cont004-control-tv-tvbox-pc-negro-con-teclado/,pendiente_mejora,por verificar,selección automática,Original y producción visual pendientes; Verificar autenticidad de la unidad
CORR009,Correa Para Smartwatch Lisa,,,No aprobada,11.99,13.79,https://conectatech-ec.github.io/productos/corr009-correa-para-smartwatch-lisa/,pendiente_mejora,por verificar,selección automática,Original y producción visual pendientes; Verificar autenticidad de la unidad
CORR003,Correa Smartwatch Blanca CON Bordes Rosados,,,No aprobada,11.99,13.79,https://conectatech-ec.github.io/productos/corr003-correa-smartwatch-blanca-con-bordes-rosados/,pendiente_mejora,por verificar,selección automática,Original y producción visual pendientes; Verificar autenticidad de la unidad
CORR004,Correa Smartwatch CON Huecos,,,No aprobada,13.00,14.95,https://conectatech-ec.github.io/productos/corr004-correa-smartwatch-con-huecos/,pendiente_mejora,por verificar,selección automática,Original y producción visual pendientes; Verificar autenticidad de la unidad
CORR005,Correa Smartwatch Infinix H4,,,No aprobada,13.50,15.53,https://conectatech-ec.github.io/productos/corr005-correa-smartwatch-infinix-h4/,pendiente_mejora,por verificar,selección automática,Original y producción visual pendientes; Verificar autenticidad de la unidad
CORR006,Correa Smartwatch Mario-luigi,,,No aprobada,12.16,13.98,https://conectatech-ec.github.io/productos/corr006-correa-smartwatch-mario-luigi/,pendiente_mejora,por verificar,selección automática,Original y producción visual pendientes; Verificar autenticidad de la unidad
CORR008,Correa Smartwatch Verde,,,No aprobada,15.00,17.25,https://conectatech-ec.github.io/productos/corr008-correa-smartwatch-verde/,pendiente_mejora,por verificar,selección automática,Original y producción visual pendientes; Verificar autenticidad de la unidad
DISC005,Disco Duro Externo Adata 1TB Antishock,,,No aprobada,149.30,171.70,https://conectatech-ec.github.io/productos/disc005-disco-duro-externo-adata-1tb-antishock/,pendiente_mejora,por verificar,selección automática,Original y producción visual pendientes; Verificar autenticidad de la unidad
DISC003,Disco Duro Externo Adata 2TB Antishock,,,No aprobada,179.40,206.31,https://conectatech-ec.github.io/productos/disc003-disco-duro-externo-adata-2tb-antishock/,pendiente_mejora,por verificar,selección automática,Original y producción visual pendientes; Verificar autenticidad de la unidad
DISC009,Disco Duro Externo Western Digital 1TB WD Elements,,,No aprobada,135.21,155.49,https://conectatech-ec.github.io/productos/disc009-disco-duro-externo-western-digital-1tb-wd-elements/,pendiente_mejora,por verificar,selección automática,Original y producción visual pendientes; Verificar autenticidad de la unidad
DISC004,Disco Solido Externo SSD Adata 500GB,,,No aprobada,99.30,114.20,https://conectatech-ec.github.io/productos/disc004-disco-solido-externo-ssd-adata-500gb/,pendiente_mejora,por verificar,selección automática,Original y producción visual pendientes; Verificar autenticidad de la unidad
TVBO010,Fire TV Stick Amazon 4K 8GB Wifi 6,,,No aprobada,69.20,79.58,https://conectatech-ec.github.io/productos/tvbo010-fire-tv-stick-amazon-4k-8gb-wifi-6/,pendiente_mejora,por verificar,selección automática,Original y producción visual pendientes; Verificar autenticidad de la unidad
TVBO007,Fire TV Stick Amazon 4K MAX 16GB Wifi 6E,,,No aprobada,94.30,108.45,https://conectatech-ec.github.io/productos/tvbo007-fire-tv-stick-amazon-4k-max-16gb-wifi-6e/,pendiente_mejora,por verificar,selección automática,Original y producción visual pendientes; Verificar autenticidad de la unidad
FLAS005,Flash Memory 128GB 2.0 Kingston Tipo Llavero,,,No aprobada,15.00,17.25,https://conectatech-ec.github.io/productos/flas005-flash-memory-128gb-2-0-kingston-tipo-llavero/,pendiente_mejora,por verificar,selección automática,Original y producción visual pendientes; Verificar autenticidad de la unidad
FLAS035,Flash Memory 128GB Kingston Exodia 3.2,,,No aprobada,19.15,22.02,https://conectatech-ec.github.io/productos/flas035-flash-memory-128gb-kingston-exodia-3-2/,pendiente_mejora,por verificar,selección automática,Original y producción visual pendientes; Verificar autenticidad de la unidad
FLAS038,Flash Memory 128GB Sandisk 3.2 100MB,,,No aprobada,21.36,24.56,https://conectatech-ec.github.io/productos/flas038-flash-memory-128gb-sandisk-3-2-100mb/,pendiente_mejora,por verificar,selección automática,Original y producción visual pendientes; Verificar autenticidad de la unidad
FLAS031,Flash Memory 128GB Sandisk Corta,,,No aprobada,19.35,22.25,https://conectatech-ec.github.io/productos/flas031-flash-memory-128gb-sandisk-corta/,pendiente_mejora,por verificar,selección automática,Original y producción visual pendientes; Verificar autenticidad de la unidad
FLAS013,Flash Memory 128GB Steren Usb-c + Usb-a,,,No aprobada,22.30,25.65,https://conectatech-ec.github.io/productos/flas013-flash-memory-128gb-steren-usb-c-usb-a/,pendiente_mejora,por verificar,selección automática,Original y producción visual pendientes; Verificar autenticidad de la unidad
FLAS037,Flash Memory 16GB Sandisk 16GB 2.0,,,No aprobada,13.31,15.31,https://conectatech-ec.github.io/productos/flas037-flash-memory-16gb-sandisk-16gb-2-0/,pendiente_mejora,por verificar,selección automática,Original y producción visual pendientes; Verificar autenticidad de la unidad
FLAS014,Flash Memory 256GB Steren Usb-c + Usb-a,,,No aprobada,29.15,33.52,https://conectatech-ec.github.io/productos/flas014-flash-memory-256gb-steren-usb-c-usb-a/,pendiente_mejora,por verificar,selección automática,Original y producción visual pendientes; Verificar autenticidad de la unidad
FLAS004,Flash Memory 32GB 2.0 Kingston Tipo Llavero,,,No aprobada,11.01,12.66,https://conectatech-ec.github.io/productos/flas004-flash-memory-32gb-2-0-kingston-tipo-llavero/,pendiente_mejora,por verificar,selección automática,Original y producción visual pendientes; Verificar autenticidad de la unidad
FLAS016,Flash Memory 32GB Kingston 2.0 3.0 3.1,,,No aprobada,11.25,12.94,https://conectatech-ec.github.io/productos/flas016-flash-memory-32gb-kingston-2-0-3-0-3-1/,pendiente_mejora,por verificar,selección automática,Original y producción visual pendientes; Verificar autenticidad de la unidad
FLAS021,Flash Memory 32GB Monster,,,No aprobada,10.25,11.79,https://conectatech-ec.github.io/productos/flas021-flash-memory-32gb-monster/,pendiente_mejora,por verificar,selección automática,Original y producción visual pendientes; Verificar autenticidad de la unidad
FLAS034,Flash Memory 32GB Sandisk,,,No aprobada,9.45,10.87,https://conectatech-ec.github.io/productos/flas034-flash-memory-32gb-sandisk/,pendiente_mejora,por verificar,selección automática,Original y producción visual pendientes; Verificar autenticidad de la unidad
FLAS017,Flash Memory 32GB Steren 32GB Usb-c + Usb-a,,,No aprobada,13.00,14.95,https://conectatech-ec.github.io/productos/flas017-flash-memory-32gb-steren-32gb-usb-c-usb-a/,pendiente_mejora,por verificar,selección automática,Original y producción visual pendientes; Verificar autenticidad de la unidad
FLAS027,Flash Memory 512GB Kingston 220MB/S,,,No aprobada,95.20,109.48,https://conectatech-ec.github.io/productos/flas027-flash-memory-512gb-kingston-220mb-s/,pendiente_mejora,por verificar,selección automática,Original y producción visual pendientes; Verificar autenticidad de la unidad
FLAS003,Flash Memory 64GB 2.0 Kingston Tipo Llavero,,,No aprobada,11.99,13.79,https://conectatech-ec.github.io/productos/flas003-flash-memory-64gb-2-0-kingston-tipo-llavero/,pendiente_mejora,por verificar,selección automática,Original y producción visual pendientes; Verificar autenticidad de la unidad
FLAS023,Flash Memory 64GB ENV,,,No aprobada,9.75,11.21,https://conectatech-ec.github.io/productos/flas023-flash-memory-64gb-env/,pendiente_mejora,por verificar,selección automática,Original y producción visual pendientes; Verificar autenticidad de la unidad
FLAS009,Flash Memory 64GB HP V222W,,,No aprobada,15.50,17.83,https://conectatech-ec.github.io/productos/flas009-flash-memory-64gb-hp-v222w/,pendiente_mejora,por verificar,selección automática,Original y producción visual pendientes; Verificar autenticidad de la unidad
FLAS032,Flash Memory 64GB Kingston Morada,,,No aprobada,13.14,15.11,https://conectatech-ec.github.io/productos/flas032-flash-memory-64gb-kingston-morada/,pendiente_mejora,por verificar,selección automática,Original y producción visual pendientes; Verificar autenticidad de la unidad
FLAS008,Flash Memory 64GB Kingston Usb-c 3.2,,,No aprobada,16.50,18.98,https://conectatech-ec.github.io/productos/flas008-flash-memory-64gb-kingston-usb-c-3-2/,pendiente_mejora,por verificar,selección automática,Original y producción visual pendientes; Verificar autenticidad de la unidad
FLAS022,Flash Memory 64GB Monster,,,No aprobada,12.90,14.84,https://conectatech-ec.github.io/productos/flas022-flash-memory-64gb-monster/,pendiente_mejora,por verificar,selección automática,Original y producción visual pendientes; Verificar autenticidad de la unidad
FLAS036,Flash Memory 64GB Sandisk 3.2 GEN 1 100MB,,,No aprobada,16.30,18.75,https://conectatech-ec.github.io/productos/flas036-flash-memory-64gb-sandisk-3-2-gen-1-100mb/,pendiente_mejora,por verificar,selección automática,Original y producción visual pendientes; Verificar autenticidad de la unidad
FLAS033,Flash Memory 64GB Steren Usb-c + Usb-a,,,No aprobada,16.91,19.45,https://conectatech-ec.github.io/productos/flas033-flash-memory-64gb-steren-usb-c-usb-a/,pendiente_mejora,por verificar,selección automática,Original y producción visual pendientes; Verificar autenticidad de la unidad
FLAS024,Flash Memory 8GB Kingston 3.2 Exodia,,,No aprobada,7.30,8.40,https://conectatech-ec.github.io/productos/flas024-flash-memory-8gb-kingston-3-2-exodia/,pendiente_mejora,por verificar,selección automática,Original y producción visual pendientes; Verificar autenticidad de la unidad
FUND006,Funda Cobertora DE Tablet,,,No aprobada,4.90,5.64,https://conectatech-ec.github.io/productos/fund006-funda-cobertora-de-tablet/,pendiente_mejora,por verificar,selección automática,Original y producción visual pendientes; Verificar autenticidad de la unidad
JUGU166,Juguete Carro Coleccionable CON Parlante Varios Modelos,,,No aprobada,33.01,37.96,https://conectatech-ec.github.io/productos/jugu166-juguete-carro-coleccionable-con-parlante-varios-modelos/,pendiente_mejora,por verificar,selección automática,Original y producción visual pendientes; Verificar autenticidad de la unidad
JUGU129,Juguete Consola DE Videojuegos Game 2.4GHZ Hdmi Para TV,,,No aprobada,39.00,44.85,https://conectatech-ec.github.io/productos/jugu129-juguete-consola-de-videojuegos-game-2-4ghz-hdmi-para-tv/,pendiente_mejora,por verificar,selección automática,Original y producción visual pendientes; Verificar autenticidad de la unidad
JUGU141,Juguete Parlante Karaoke Para Nios K52,,,No aprobada,15.90,18.29,https://conectatech-ec.github.io/productos/jugu141-juguete-parlante-karaoke-para-nios-k52/,pendiente_mejora,por verificar,selección automática,Original y producción visual pendientes; Verificar autenticidad de la unidad
JUGU097,Juguete SET KIT Para Nios(as) Audifonos Inalambricos - Reloj - Consola,,,No aprobada,29.85,34.33,https://conectatech-ec.github.io/productos/jugu097-juguete-set-kit-para-nios-as-audifonos-inalambricos-reloj-consola/,pendiente_mejora,por verificar,selección automática,Original y producción visual pendientes; Verificar autenticidad de la unidad
LECT002,Lector DE Memoria Microsd OT12,,,No aprobada,9.00,10.35,https://conectatech-ec.github.io/productos/lect002-lector-de-memoria-microsd-ot12/,pendiente_mejora,por verificar,selección automática,Original y producción visual pendientes; Verificar autenticidad de la unidad
MICR01,Microfono Alambrico 3.5MM CON Audifono MC-R5,,,No aprobada,9.50,10.93,https://conectatech-ec.github.io/productos/micr01-microfono-alambrico-3-5mm-con-audifono-mc-r5/,pendiente_mejora,por verificar,selección automática,Original y producción visual pendientes; Verificar autenticidad de la unidad
MICR07,Microfono Alambrico Usb-c CON Audifono MC-R6,,,No aprobada,10.50,12.08,https://conectatech-ec.github.io/productos/micr07-microfono-alambrico-usb-c-con-audifono-mc-r6/,pendiente_mejora,por verificar,selección automática,Original y producción visual pendientes; Verificar autenticidad de la unidad
MICR19,Microfonos SET 2 Para Parlante Sing-e ZQS-2M502 Vocal Karaoke,,,No aprobada,29.30,33.70,https://conectatech-ec.github.io/productos/micr19-microfonos-set-2-para-parlante-sing-e-zqs-2m502-vocal-karaoke/,pendiente_mejora,por verificar,selección automática,Original y producción visual pendientes; Verificar autenticidad de la unidad
MONI002,Monitor DE Mesa-escritorio 19 Pulgadas Marca ONE,,,No aprobada,59.90,68.89,https://conectatech-ec.github.io/productos/moni002-monitor-de-mesa-escritorio-19-pulgadas-marca-one/,pendiente_mejora,por verificar,selección automática,Original y producción visual pendientes; Verificar autenticidad de la unidad
MONI004,Monitor Portatil Asus 360 15.6 Pulgadas,,,No aprobada,139.30,160.20,https://conectatech-ec.github.io/productos/moni004-monitor-portatil-asus-360-15-6-pulgadas/,pendiente_mejora,por verificar,selección automática,Original y producción visual pendientes; Verificar autenticidad de la unidad
MONI005,Monitor Portatil ONE 15.6 Pulgadas,,,No aprobada,99.90,114.89,https://conectatech-ec.github.io/productos/moni005-monitor-portatil-one-15-6-pulgadas/,pendiente_mejora,por verificar,selección automática,Original y producción visual pendientes; Verificar autenticidad de la unidad
PARL011,Parlante ABS 4109,,,No aprobada,25.00,28.75,https://conectatech-ec.github.io/productos/parl011-parlante-abs-4109/,pendiente_mejora,por verificar,selección automática,Original y producción visual pendientes; Verificar autenticidad de la unidad
PARL040,Parlante Bluetooth JBL Grip,,,No aprobada,93.10,107.07,https://conectatech-ec.github.io/productos/parl040-parlante-bluetooth-jbl-grip/,pendiente_mejora,por verificar,selección automática,Original y producción visual pendientes; Verificar autenticidad de la unidad
PARL032,Parlante Bluetooth Portatil Klipxtreme Groovesplash,,,No aprobada,29.00,33.35,https://conectatech-ec.github.io/productos/parl032-parlante-bluetooth-portatil-klipxtreme-groovesplash/,pendiente_mejora,por verificar,selección automática,Original y producción visual pendientes; Verificar autenticidad de la unidad
PARL041,Parlante Bluetooth Portatil Klipxtreme Nitro,,,No aprobada,32.10,36.92,https://conectatech-ec.github.io/productos/parl041-parlante-bluetooth-portatil-klipxtreme-nitro/,pendiente_mejora,por verificar,selección automática,Original y producción visual pendientes; Verificar autenticidad de la unidad
PARL038,Parlante Bluetooth Portatil Monster Vibe,,,No aprobada,63.80,73.37,https://conectatech-ec.github.io/productos/parl038-parlante-bluetooth-portatil-monster-vibe/,pendiente_mejora,por verificar,selección automática,Original y producción visual pendientes; Verificar autenticidad de la unidad
PARL016,Parlante Bluetooth RCA RGB 53HSRCR,,,No aprobada,17.91,20.60,https://conectatech-ec.github.io/productos/parl016-parlante-bluetooth-rca-rgb-53hsrcr/,pendiente_mejora,por verificar,selección automática,Original y producción visual pendientes; Verificar autenticidad de la unidad
PARL037,Parlante CON Doble Microfono Sing-e Mediano,,,No aprobada,29.00,33.35,https://conectatech-ec.github.io/productos/parl037-parlante-con-doble-microfono-sing-e-mediano/,pendiente_mejora,por verificar,selección automática,Original y producción visual pendientes; Verificar autenticidad de la unidad
PARL001,Parlante CON Luces L20,,,No aprobada,17.45,20.07,https://conectatech-ec.github.io/productos/parl001-parlante-con-luces-l20/,pendiente_mejora,por verificar,selección automática,Original y producción visual pendientes; Verificar autenticidad de la unidad
PARL031,Parlante CON Microfono ABS-4220,,,No aprobada,39.00,44.85,https://conectatech-ec.github.io/productos/parl031-parlante-con-microfono-abs-4220/,pendiente_mejora,por verificar,selección automática,Original y producción visual pendientes; Verificar autenticidad de la unidad
PARL029,Parlante CON Microfono Mini Sing-e ZQS-W3103,,,No aprobada,13.90,15.99,https://conectatech-ec.github.io/productos/parl029-parlante-con-microfono-mini-sing-e-zqs-w3103/,pendiente_mejora,por verificar,selección automática,Original y producción visual pendientes; Verificar autenticidad de la unidad
PARL020,Parlante CON Microfono Modelo ZQS1343W Karaoke,,,No aprobada,26.00,29.90,https://conectatech-ec.github.io/productos/parl020-parlante-con-microfono-modelo-zqs1343w-karaoke/,pendiente_mejora,por verificar,selección automática,Original y producción visual pendientes; Verificar autenticidad de la unidad
PARL042,Parlante JBL Flip 7,,,No aprobada,132.14,151.96,https://conectatech-ec.github.io/productos/parl042-parlante-jbl-flip-7/,pendiente_mejora,por verificar,selección automática,Original y producción visual pendientes; Verificar autenticidad de la unidad
PARL002,Parlante Luces MS2676BT,,,No aprobada,19.00,21.85,https://conectatech-ec.github.io/productos/parl002-parlante-luces-ms2676bt/,pendiente_mejora,por verificar,selección automática,Original y producción visual pendientes; Verificar autenticidad de la unidad
PARL003,Parlante Mini CON Microfono Para Nios Karaoke,,,No aprobada,11.90,13.69,https://conectatech-ec.github.io/productos/parl003-parlante-mini-con-microfono-para-nios-karaoke/,pendiente_mejora,por verificar,selección automática,Original y producción visual pendientes; Verificar autenticidad de la unidad
PARL043,Parlante Mini Xtech Halen,,,No aprobada,17.28,19.87,https://conectatech-ec.github.io/productos/parl043-parlante-mini-xtech-halen/,pendiente_mejora,por verificar,selección automática,Original y producción visual pendientes; Verificar autenticidad de la unidad
PARL028,Parlante Monster Project 1,,,No aprobada,93.20,107.18,https://conectatech-ec.github.io/productos/parl028-parlante-monster-project-1/,pendiente_mejora,por verificar,selección automática,Original y producción visual pendientes; Verificar autenticidad de la unidad
PARL035,Parlante Para Bicicleta-moto Blackview Aurabass,,,No aprobada,59.14,68.01,https://conectatech-ec.github.io/productos/parl035-parlante-para-bicicleta-moto-blackview-aurabass/,pendiente_mejora,por verificar,selección automática,Original y producción visual pendientes; Verificar autenticidad de la unidad
PARL022,Parlante Para Bicicleta-moto Pavareal BS16,,,No aprobada,26.00,29.90,https://conectatech-ec.github.io/productos/parl022-parlante-para-bicicleta-moto-pavareal-bs16/,pendiente_mejora,por verificar,selección automática,Original y producción visual pendientes; Verificar autenticidad de la unidad
PARL013,Parlante Para Pc-laptop HP DHS-2111,,,No aprobada,16.00,18.40,https://conectatech-ec.github.io/productos/parl013-parlante-para-pc-laptop-hp-dhs-2111/,pendiente_mejora,por verificar,selección automática,Original y producción visual pendientes; Verificar autenticidad de la unidad
PARL026,Parlante Sing-e 3 Pulgadas ZQS1328S,,,No aprobada,11.99,13.79,https://conectatech-ec.github.io/productos/parl026-parlante-sing-e-3-pulgadas-zqs1328s/,pendiente_mejora,por verificar,selección automática,Original y producción visual pendientes; Verificar autenticidad de la unidad
PARL025,Parlante Triangular Monster Superstar E1,,,No aprobada,25.90,29.79,https://conectatech-ec.github.io/productos/parl025-parlante-triangular-monster-superstar-e1/,pendiente_mejora,por verificar,selección automática,Original y producción visual pendientes; Verificar autenticidad de la unidad
PARL044,Parlante Ultrablaster Klipxtreme,,,No aprobada,139.85,160.83,https://conectatech-ec.github.io/productos/parl044-parlante-ultrablaster-klipxtreme/,pendiente_mejora,por verificar,selección automática,Original y producción visual pendientes; Verificar autenticidad de la unidad
PARL039,Parlante Xiaomi Sound Pocket,,,No aprobada,35.20,40.48,https://conectatech-ec.github.io/productos/parl039-parlante-xiaomi-sound-pocket/,pendiente_mejora,por verificar,selección automática,Original y producción visual pendientes; Verificar autenticidad de la unidad
PARL006,Parlante Zioli CON Luces,,,No aprobada,29.00,33.35,https://conectatech-ec.github.io/productos/parl006-parlante-zioli-con-luces/,pendiente_mejora,por verificar,selección automática,Original y producción visual pendientes; Verificar autenticidad de la unidad
PARL033,Parlantes Para Pc-laptop ENV Thunder 1306,,,No aprobada,26.80,30.82,https://conectatech-ec.github.io/productos/parl033-parlantes-para-pc-laptop-env-thunder-1306/,pendiente_mejora,por verificar,selección automática,Original y producción visual pendientes; Verificar autenticidad de la unidad
PARL009,Parlantes Para Pc-laptop Kisonli X7 RGB,,,No aprobada,13.50,15.53,https://conectatech-ec.github.io/productos/parl009-parlantes-para-pc-laptop-kisonli-x7-rgb/,pendiente_mejora,por verificar,selección automática,Original y producción visual pendientes; Verificar autenticidad de la unidad
PARL034,Parlantes Para Pc-laptop Optimum 3100 ENV,,,No aprobada,29.65,34.10,https://conectatech-ec.github.io/productos/parl034-parlantes-para-pc-laptop-optimum-3100-env/,pendiente_mejora,por verificar,selección automática,Original y producción visual pendientes; Verificar autenticidad de la unidad
PILA066,Pila Rayovac Para Audifonos Tamano 10,,,No aprobada,7.50,8.63,https://conectatech-ec.github.io/productos/pila066-pila-rayovac-para-audifonos-tamano-10/,pendiente_mejora,por verificar,selección automática,Original y producción visual pendientes; Verificar autenticidad de la unidad
PILA065,Pila Rayovac Para Audifonos Tamano 13,,,No aprobada,7.50,8.63,https://conectatech-ec.github.io/productos/pila065-pila-rayovac-para-audifonos-tamano-13/,pendiente_mejora,por verificar,selección automática,Original y producción visual pendientes; Verificar autenticidad de la unidad
PILA063,Pila Rayovac Para Audifonos Tamano 312,,,No aprobada,7.50,8.63,https://conectatech-ec.github.io/productos/pila063-pila-rayovac-para-audifonos-tamano-312/,pendiente_mejora,por verificar,selección automática,Original y producción visual pendientes; Verificar autenticidad de la unidad
PILA064,Pila Rayovac Para Audifonos Tamano 675,,,No aprobada,7.50,8.63,https://conectatech-ec.github.io/productos/pila064-pila-rayovac-para-audifonos-tamano-675/,pendiente_mejora,por verificar,selección automática,Original y producción visual pendientes; Verificar autenticidad de la unidad
PILA044,Pila Renata Para Audifonos Tamano 10,,,No aprobada,6.90,7.94,https://conectatech-ec.github.io/productos/pila044-pila-renata-para-audifonos-tamano-10/,pendiente_mejora,por verificar,selección automática,Original y producción visual pendientes; Verificar autenticidad de la unidad
PILA045,Pila Renata Para Audifonos Tamano 312,,,No aprobada,6.90,7.94,https://conectatech-ec.github.io/productos/pila045-pila-renata-para-audifonos-tamano-312/,pendiente_mejora,por verificar,selección automática,Original y producción visual pendientes; Verificar autenticidad de la unidad
POWE020,Powerbank Mini 2 EN 1 Klipxtreme Para Smartwatch Y Emergencias,,,No aprobada,26.20,30.13,https://conectatech-ec.github.io/productos/powe020-powerbank-mini-2-en-1-klipxtreme-para-smartwatch-y-emergencias/,pendiente_mejora,por verificar,selección automática,Original y producción visual pendientes; Verificar autenticidad de la unidad
RADI003,Radio Parlante Despertador Clock Bluetooth Speaker NEW,,,No aprobada,20.00,23.00,https://conectatech-ec.github.io/productos/radi003-radio-parlante-despertador-clock-bluetooth-speaker-new/,pendiente_mejora,por verificar,selección automática,Original y producción visual pendientes; Verificar autenticidad de la unidad
RADI002,Radio Parlante Lenovo TS13 CON Despertador,,,No aprobada,29.41,33.82,https://conectatech-ec.github.io/productos/radi002-radio-parlante-lenovo-ts13-con-despertador/,pendiente_mejora,por verificar,selección automática,Original y producción visual pendientes; Verificar autenticidad de la unidad
RADI001,Radio Parlante RCA 53HSRCL CON Despertador,,,No aprobada,22.15,25.47,https://conectatech-ec.github.io/productos/radi001-radio-parlante-rca-53hsrcl-con-despertador/,pendiente_mejora,por verificar,selección automática,Original y producción visual pendientes; Verificar autenticidad de la unidad
REL012,Reloj Smartwatch Aemai YX6,,,No aprobada,44.51,51.19,https://conectatech-ec.github.io/productos/rel012-reloj-smartwatch-aemai-yx6/,pendiente_mejora,por verificar,selección automática,Original y producción visual pendientes; Verificar autenticidad de la unidad
REL071,Reloj Smartwatch Aurafit Nexa 6,,,No aprobada,69.35,79.75,https://conectatech-ec.github.io/productos/rel071-reloj-smartwatch-aurafit-nexa-6/,pendiente_mejora,por verificar,selección automática,Original y producción visual pendientes; Verificar autenticidad de la unidad
REL006,Reloj Smartwatch BIG Ultra 7 EN 1,,,No aprobada,22.00,25.30,https://conectatech-ec.github.io/productos/rel006-reloj-smartwatch-big-ultra-7-en-1/,pendiente_mejora,por verificar,selección automática,Original y producción visual pendientes; Verificar autenticidad de la unidad
REL067,Reloj Smartwatch Blackview R50,,,No aprobada,49.35,56.75,https://conectatech-ec.github.io/productos/rel067-reloj-smartwatch-blackview-r50/,pendiente_mejora,por verificar,selección automática,Original y producción visual pendientes; Verificar autenticidad de la unidad
REL011,Reloj Smartwatch Caja Flashlight,,,No aprobada,59.00,67.85,https://conectatech-ec.github.io/productos/rel011-reloj-smartwatch-caja-flashlight/,pendiente_mejora,por verificar,selección automática,Original y producción visual pendientes; Verificar autenticidad de la unidad
REL068,Reloj Smartwatch ENG GO Watch Square Pink,,,No aprobada,33.15,38.12,https://conectatech-ec.github.io/productos/rel068-reloj-smartwatch-eng-go-watch-square-pink/,pendiente_mejora,por verificar,selección automática,Original y producción visual pendientes; Verificar autenticidad de la unidad
REL063,Reloj Smartwatch ENV Watch X Lite,,,No aprobada,29.90,34.39,https://conectatech-ec.github.io/productos/rel063-reloj-smartwatch-env-watch-x-lite/,pendiente_mejora,por verificar,selección automática,Original y producción visual pendientes; Verificar autenticidad de la unidad
REL034,Reloj Smartwatch Fitcluodpro Amoled,,,No aprobada,55.00,63.25,https://conectatech-ec.github.io/productos/rel034-reloj-smartwatch-fitcluodpro-amoled/,pendiente_mejora,por verificar,selección automática,Original y producción visual pendientes; Verificar autenticidad de la unidad
REL023,Reloj Smartwatch Galaxy Watch Ultra,,,No aprobada,59.00,67.85,https://conectatech-ec.github.io/productos/rel023-reloj-smartwatch-galaxy-watch-ultra/,pendiente_mejora,por verificar,selección automática,Original y producción visual pendientes; Verificar autenticidad de la unidad
REL036,Reloj Smartwatch H20,,,No aprobada,29.00,33.35,https://conectatech-ec.github.io/productos/rel036-reloj-smartwatch-h20/,pendiente_mejora,por verificar,selección automática,Original y producción visual pendientes; Verificar autenticidad de la unidad
REL070,Reloj Smartwatch Kalobee GW11 Mini,,,No aprobada,36.20,41.63,https://conectatech-ec.github.io/productos/rel070-reloj-smartwatch-kalobee-gw11-mini/,pendiente_mejora,por verificar,selección automática,Original y producción visual pendientes; Verificar autenticidad de la unidad
REL062,Reloj Smartwatch Kalobee Para Cabellero SK43,,,No aprobada,55.30,63.60,https://conectatech-ec.github.io/productos/rel062-reloj-smartwatch-kalobee-para-cabellero-sk43/,pendiente_mejora,por verificar,selección automática,Original y producción visual pendientes; Verificar autenticidad de la unidad
REL060,Reloj Smartwatch Kieslect Lora 3,,,No aprobada,98.30,113.05,https://conectatech-ec.github.io/productos/rel060-reloj-smartwatch-kieslect-lora-3/,pendiente_mejora,por verificar,selección automática,Original y producción visual pendientes; Verificar autenticidad de la unidad
REL013,Reloj Smartwatch Para Iphone Watch Series 10 46MM,,,No aprobada,59.00,67.85,https://conectatech-ec.github.io/productos/rel013-reloj-smartwatch-para-iphone-watch-series-10-46mm/,pendiente_mejora,por verificar,selección automática,Original y producción visual pendientes; Verificar autenticidad de la unidad
REL033,Reloj Smartwatch RCA Model Exact,,,No aprobada,25.00,28.75,https://conectatech-ec.github.io/productos/rel033-reloj-smartwatch-rca-model-exact/,pendiente_mejora,por verificar,selección automática,Original y producción visual pendientes; Verificar autenticidad de la unidad
REL014,Reloj Smartwatch RCA Ultra,,,No aprobada,55.00,63.25,https://conectatech-ec.github.io/productos/rel014-reloj-smartwatch-rca-ultra/,pendiente_mejora,por verificar,selección automática,Original y producción visual pendientes; Verificar autenticidad de la unidad
REL050,Reloj Smartwatch Riversong Motive 10GT,,,No aprobada,97.20,111.78,https://conectatech-ec.github.io/productos/rel050-reloj-smartwatch-riversong-motive-10gt/,pendiente_mejora,por verificar,selección automática,Original y producción visual pendientes; Verificar autenticidad de la unidad
REL040,Reloj Smartwatch Riversong Motive 7C,,,No aprobada,55.00,63.25,https://conectatech-ec.github.io/productos/rel040-reloj-smartwatch-riversong-motive-7c/,pendiente_mejora,por verificar,selección automática,Original y producción visual pendientes; Verificar autenticidad de la unidad
REL041,Reloj Smartwatch Riversong Motive 9 PRO,,,No aprobada,74.30,85.45,https://conectatech-ec.github.io/productos/rel041-reloj-smartwatch-riversong-motive-9-pro/,pendiente_mejora,por verificar,selección automática,Original y producción visual pendientes; Verificar autenticidad de la unidad
REL065,Reloj Smartwatch S11 PRO,,,No aprobada,11.99,13.79,https://conectatech-ec.github.io/productos/rel065-reloj-smartwatch-s11-pro/,pendiente_mejora,por verificar,selección automática,Sin original identificado por SKU entre las fotografías disponibles; Verificar autenticidad de la unidad
REL038,Reloj Smartwatch Saiva SY10 Ultra,,,No aprobada,42.00,48.30,https://conectatech-ec.github.io/productos/rel038-reloj-smartwatch-saiva-sy10-ultra/,pendiente_mejora,por verificar,selección automática,Original y producción visual pendientes; Verificar autenticidad de la unidad
REL016,Reloj Smartwatch T900 Ultra BIG 2.09,,,No aprobada,13.00,14.95,https://conectatech-ec.github.io/productos/rel016-reloj-smartwatch-t900-ultra-big-2-09/,pendiente_mejora,por verificar,selección automática,Original y producción visual pendientes; Verificar autenticidad de la unidad
REL059,Reloj Smartwatch Ultra 2 YY-20,,,No aprobada,13.00,14.95,https://conectatech-ec.github.io/productos/rel059-reloj-smartwatch-ultra-2-yy-20/,pendiente_mejora,por verificar,selección automática,Original y producción visual pendientes; Verificar autenticidad de la unidad
REL031,Reloj Smartwatch Ultra 9,,,No aprobada,19.00,21.85,https://conectatech-ec.github.io/productos/rel031-reloj-smartwatch-ultra-9/,pendiente_mejora,por verificar,selección automática,Original y producción visual pendientes; Verificar autenticidad de la unidad
REL066,Reloj Smartwatch V19 PRO Redondo,,,No aprobada,19.30,22.20,https://conectatech-ec.github.io/productos/rel066-reloj-smartwatch-v19-pro-redondo/,pendiente_mejora,por verificar,selección automática,Original y producción visual pendientes; Verificar autenticidad de la unidad
REL057,Reloj Smartwatch V36 Redondo Wearfit,,,No aprobada,43.50,50.03,https://conectatech-ec.github.io/productos/rel057-reloj-smartwatch-v36-redondo-wearfit/,pendiente_mejora,por verificar,selección automática,Original y producción visual pendientes; Verificar autenticidad de la unidad
REL017,Reloj Smartwatch Watch 6 Classic,,,No aprobada,49.00,56.35,https://conectatech-ec.github.io/productos/rel017-reloj-smartwatch-watch-6-classic/,pendiente_mejora,por verificar,selección automática,Original y producción visual pendientes; Verificar autenticidad de la unidad
SOPO009,Soporte Base Para Celular Y Tablet DE Mesa Giratorio Marca Monster,,,No aprobada,16.50,18.98,https://conectatech-ec.github.io/productos/sopo009-soporte-base-para-celular-y-tablet-de-mesa-giratorio-marca-monster/,pendiente_mejora,por verificar,selección automática,Original y producción visual pendientes; Verificar autenticidad de la unidad
SOPO039,Soporte DE Celular Y Tablet Para Cabecera DE Vehiculo Klip Xtreme,,,No aprobada,19.30,22.20,https://conectatech-ec.github.io/productos/sopo039-soporte-de-celular-y-tablet-para-cabecera-de-vehiculo-klip-xtreme/,pendiente_mejora,por verificar,selección automática,Original y producción visual pendientes; Verificar autenticidad de la unidad
SOPO046,Soporte DE Escritorio Para DOS Monitores Klipxtreme,,,No aprobada,59.14,68.01,https://conectatech-ec.github.io/productos/sopo046-soporte-de-escritorio-para-dos-monitores-klipxtreme/,pendiente_mejora,por verificar,selección automática,Original y producción visual pendientes; Verificar autenticidad de la unidad
SOPO012,Soporte DE Mesa Para Tablet L3T L-363,,,No aprobada,14.90,17.14,https://conectatech-ec.github.io/productos/sopo012-soporte-de-mesa-para-tablet-l3t-l-363/,pendiente_mejora,por verificar,selección automática,Original y producción visual pendientes; Verificar autenticidad de la unidad
SOPO044,Soporte DE Mesa Tipo Prensa Para Celulares Y Tablet Metalico,,,No aprobada,19.15,22.02,https://conectatech-ec.github.io/productos/sopo044-soporte-de-mesa-tipo-prensa-para-celulares-y-tablet-metalico/,pendiente_mejora,por verificar,selección automática,Original y producción visual pendientes; Verificar autenticidad de la unidad
SOPO011,Soporte Para Audifonos DE Diadema RCA,,,No aprobada,15.00,17.25,https://conectatech-ec.github.io/productos/sopo011-soporte-para-audifonos-de-diadema-rca/,pendiente_mejora,por verificar,selección automática,Original y producción visual pendientes; Verificar autenticidad de la unidad
SOPO007,Soporte Para Celular Y Tablet DE Cabecera Asiento Vehiculo Meidou MD-E18,,,No aprobada,17.91,20.60,https://conectatech-ec.github.io/productos/sopo007-soporte-para-celular-y-tablet-de-cabecera-asiento-vehiculo-meidou-md-e18/,pendiente_mejora,por verificar,selección automática,Original y producción visual pendientes; Verificar autenticidad de la unidad
SOPO060,Soporte Para Celular Y Tablet T8-02,,,No aprobada,10.84,12.47,https://conectatech-ec.github.io/productos/sopo060-soporte-para-celular-y-tablet-t8-02/,pendiente_mejora,por verificar,selección automática,Original y producción visual pendientes; Verificar autenticidad de la unidad
SOPO048,Soporte Para Monitor ENV ARM PRO Lift,,,No aprobada,26.80,30.82,https://conectatech-ec.github.io/productos/sopo048-soporte-para-monitor-env-arm-pro-lift/,pendiente_mejora,por verificar,selección automática,Original y producción visual pendientes; Verificar autenticidad de la unidad
SOPO035,Soporte Para TV 13 A 42 Pulgadas CON Movimiento,,,No aprobada,10.15,11.67,https://conectatech-ec.github.io/productos/sopo035-soporte-para-tv-13-a-42-pulgadas-con-movimiento/,pendiente_mejora,por verificar,selección automática,Original y producción visual pendientes; Verificar autenticidad de la unidad
SOPO033,Soporte Para TV DE 23-43 Pulgadas Fijo,,,No aprobada,6.35,7.30,https://conectatech-ec.github.io/productos/sopo033-soporte-para-tv-de-23-43-pulgadas-fijo/,pendiente_mejora,por verificar,selección automática,Original y producción visual pendientes; Verificar autenticidad de la unidad
SOPO034,Soporte Para TV DE 32-55 Pulgadas Fijo CON Movimiento Solo Hacia Adelante-abajo,,,No aprobada,9.20,10.58,https://conectatech-ec.github.io/productos/sopo034-soporte-para-tv-de-32-55-pulgadas-fijo-con-movimiento-solo-hacia-adelante-abaj/,pendiente_mejora,por verificar,selección automática,Original y producción visual pendientes; Verificar autenticidad de la unidad
SOPO047,Soporte Para Tablet Flexible Ugreen,,,No aprobada,32.90,37.84,https://conectatech-ec.github.io/productos/sopo047-soporte-para-tablet-flexible-ugreen/,pendiente_mejora,por verificar,selección automática,Original y producción visual pendientes; Verificar autenticidad de la unidad
SOPO042,Soporte Para Tablet Ugreen,,,No aprobada,34.99,40.24,https://conectatech-ec.github.io/productos/sopo042-soporte-para-tablet-ugreen/,pendiente_mejora,por verificar,selección automática,Original y producción visual pendientes; Verificar autenticidad de la unidad
TVBO006,TV BOX Andowl MXQ PRO,,,No aprobada,49.00,56.35,https://conectatech-ec.github.io/productos/tvbo006-tv-box-andowl-mxq-pro/,pendiente_mejora,por verificar,selección automática,Original y producción visual pendientes; Verificar autenticidad de la unidad
TVBO005,TV BOX Consola DE Video Juegos,,,No aprobada,69.00,79.35,https://conectatech-ec.github.io/productos/tvbo005-tv-box-consola-de-video-juegos/,pendiente_mejora,por verificar,selección automática,Original y producción visual pendientes; Verificar autenticidad de la unidad
TVBO008,TV BOX ONN 4K,,,No aprobada,85.15,97.92,https://conectatech-ec.github.io/productos/tvbo008-tv-box-onn-4k/,pendiente_mejora,por verificar,selección automática,Original y producción visual pendientes; Verificar autenticidad de la unidad
TVBO001,TV Stick Android,,,No aprobada,39.00,44.85,https://conectatech-ec.github.io/productos/tvbo001-tv-stick-android/,pendiente_mejora,por verificar,selección automática,Original y producción visual pendientes; Verificar autenticidad de la unidad
TVBO002,TV Stick TV98 5G 8K,,,No aprobada,47.90,55.09,https://conectatech-ec.github.io/productos/tvbo002-tv-stick-tv98-5g-8k/,pendiente_mejora,por verificar,selección automática,Original y producción visual pendientes; Verificar autenticidad de la unidad
TVBO004,TV Stick TV98 5G ATV X8 Redondo,,,No aprobada,49.00,56.35,https://conectatech-ec.github.io/productos/tvbo004-tv-stick-tv98-5g-atv-x8-redondo/,pendiente_mejora,por verificar,selección automática,Original y producción visual pendientes; Verificar autenticidad de la unidad
TABL004,Tablet K2 Edicion Mario Bros,,,No aprobada,79.90,91.89,https://conectatech-ec.github.io/productos/tabl004-tablet-k2-edicion-mario-bros/,pendiente_mejora,por verificar,selección automática,Original y producción visual pendientes; Verificar autenticidad de la unidad
TABL001,Tablet Redmi PAD 2 11 Pulgadas 128GB 4GB+4GB,,,No aprobada,215.90,248.29,https://conectatech-ec.github.io/productos/tabl001-tablet-redmi-pad-2-11-pulgadas-128gb-4gb-4gb/,pendiente_mejora,por verificar,selección automática,Sin original identificado por SKU entre las fotografías disponibles; Verificar autenticidad de la unidad
TABL002,Tablet Redmi PAD 2 11 Pulgadas 256GB 8GB+8GB,,,No aprobada,265.90,305.79,https://conectatech-ec.github.io/productos/tabl002-tablet-redmi-pad-2-11-pulgadas-256gb-8gb-8gb/,pendiente_mejora,por verificar,selección automática,Sin original identificado por SKU entre las fotografías disponibles; Verificar autenticidad de la unidad
TARJ013,Tarjeta DE Memoria DE 128GB Adata V10,,,No aprobada,29.35,33.75,https://conectatech-ec.github.io/productos/tarj013-tarjeta-de-memoria-de-128gb-adata-v10/,pendiente_mejora,por verificar,selección automática,Original y producción visual pendientes; Verificar autenticidad de la unidad
TARJ019,Tarjeta DE Memoria Kingston 128GB 150MBS,,,No aprobada,39.15,45.02,https://conectatech-ec.github.io/productos/tarj019-tarjeta-de-memoria-kingston-128gb-150mbs/,pendiente_mejora,por verificar,selección automática,Original y producción visual pendientes; Verificar autenticidad de la unidad
TARJ017,Tarjeta DE Memoria Kingston 128GB 200MBS Canvas GO Plus,,,No aprobada,86.30,99.25,https://conectatech-ec.github.io/productos/tarj017-tarjeta-de-memoria-kingston-128gb-200mbs-canvas-go-plus/,pendiente_mejora,por verificar,selección automática,Original y producción visual pendientes; Verificar autenticidad de la unidad
TARJ018,Tarjeta DE Memoria Kingston 256GB 150MBS,,,No aprobada,59.90,68.89,https://conectatech-ec.github.io/productos/tarj018-tarjeta-de-memoria-kingston-256gb-150mbs/,pendiente_mejora,por verificar,selección automática,Original y producción visual pendientes; Verificar autenticidad de la unidad
TARJ016,Tarjeta DE Memoria Kingston 256GB 200MBS Canvas GO Plus,,,No aprobada,99.15,114.02,https://conectatech-ec.github.io/productos/tarj016-tarjeta-de-memoria-kingston-256gb-200mbs-canvas-go-plus/,pendiente_mejora,por verificar,selección automática,Original y producción visual pendientes; Verificar autenticidad de la unidad
TARJ015,Tarjeta DE Memoria Kingston 512GB 150MBS V30,,,No aprobada,115.20,132.48,https://conectatech-ec.github.io/productos/tarj015-tarjeta-de-memoria-kingston-512gb-150mbs-v30/,pendiente_mejora,por verificar,selección automática,Original y producción visual pendientes; Verificar autenticidad de la unidad
TARJ002,Tarjeta DE Memoria Microsd 256GB Kingston 80 Mb/s,,,No aprobada,21.15,24.32,https://conectatech-ec.github.io/productos/tarj002-tarjeta-de-memoria-microsd-256gb-kingston-80-mb-s/,pendiente_mejora,por verificar,selección automática,Original y producción visual pendientes; Verificar autenticidad de la unidad
TARJ006,Tarjeta DE Memoria Microsd 64GB ENV Gaming,,,No aprobada,17.50,20.13,https://conectatech-ec.github.io/productos/tarj006-tarjeta-de-memoria-microsd-64gb-env-gaming/,pendiente_mejora,por verificar,selección automática,Original y producción visual pendientes; Verificar autenticidad de la unidad
TARJ004,Tarjeta DE Memoria Microsd 64GB Kingston 80MB/S YAN Tech,,,No aprobada,15.90,18.29,https://conectatech-ec.github.io/productos/tarj004-tarjeta-de-memoria-microsd-64gb-kingston-80mb-s-yan-tech/,pendiente_mejora,por verificar,selección automática,Original y producción visual pendientes; Verificar autenticidad de la unidad
TARJ014,Tarjeta DE Memoria Microsd 64GB Kingston Canvas GO Plus,,,No aprobada,42.90,49.34,https://conectatech-ec.github.io/productos/tarj014-tarjeta-de-memoria-microsd-64gb-kingston-canvas-go-plus/,pendiente_mejora,por verificar,selección automática,Original y producción visual pendientes; Verificar autenticidad de la unidad
TARJ005,Tarjeta DE Memoria Microsd 64GB Monster,,,No aprobada,14.50,16.68,https://conectatech-ec.github.io/productos/tarj005-tarjeta-de-memoria-microsd-64gb-monster/,pendiente_mejora,por verificar,selección automática,Original y producción visual pendientes; Verificar autenticidad de la unidad
TARJ001,Tarjeta DE Memoria Microsd DE 128GB Kingston,,,No aprobada,19.30,22.20,https://conectatech-ec.github.io/productos/tarj001-tarjeta-de-memoria-microsd-de-128gb-kingston/,pendiente_mejora,por verificar,selección automática,Original y producción visual pendientes; Verificar autenticidad de la unidad
TARJ003,Tarjeta DE Memoria Microsd HP 64GB 100MB Model MX310,,,No aprobada,16.91,19.45,https://conectatech-ec.github.io/productos/tarj003-tarjeta-de-memoria-microsd-hp-64gb-100mb-model-mx310/,pendiente_mejora,por verificar,selección automática,Original y producción visual pendientes; Verificar autenticidad de la unidad
TARJ010,Tarjeta DE Memoria Microsd Kingston 32GB 80MB/S,,,No aprobada,11.35,13.05,https://conectatech-ec.github.io/productos/tarj010-tarjeta-de-memoria-microsd-kingston-32gb-80mb-s/,pendiente_mejora,por verificar,selección automática,Original y producción visual pendientes; Verificar autenticidad de la unidad
TARJ012,Tarjeta DE Memoria Microsd Kingston 8GB 80MB/S,,,No aprobada,9.15,10.52,https://conectatech-ec.github.io/productos/tarj012-tarjeta-de-memoria-microsd-kingston-8gb-80mb-s/,pendiente_mejora,por verificar,selección automática,Original y producción visual pendientes; Verificar autenticidad de la unidad
TARJ008,Tarjeta DE Memoria Microsd Monster DE 128GB,,,No aprobada,19.35,22.25,https://conectatech-ec.github.io/productos/tarj008-tarjeta-de-memoria-microsd-monster-de-128gb/,pendiente_mejora,por verificar,selección automática,Original y producción visual pendientes; Verificar autenticidad de la unidad
TARJ007,Tarjeta DE Memoria Microsd Sandisk 64GB 100MB,,,No aprobada,17.15,19.72,https://conectatech-ec.github.io/productos/tarj007-tarjeta-de-memoria-microsd-sandisk-64gb-100mb/,pendiente_mejora,por verificar,selección automática,Original y producción visual pendientes; Verificar autenticidad de la unidad
TECL012,Teclado KIT Mouse + Audifonos + Padmouse KIT Gaming RCA 5RCA55C,,,No aprobada,33.01,37.96,https://conectatech-ec.github.io/productos/tecl012-teclado-kit-mouse-audifonos-padmouse-kit-gaming-rca-5rca55c/,pendiente_mejora,por verificar,selección automática,Original y producción visual pendientes; Verificar autenticidad de la unidad
TELF023,Telefono Honor X5C 128GB 4GB+4GB,,,No aprobada,145.90,167.79,https://conectatech-ec.github.io/productos/telf023-telefono-honor-x5c-128gb-4gb-4gb/,pendiente_mejora,por verificar,selección automática,Sin original identificado por SKU entre las fotografías disponibles; Verificar autenticidad de la unidad
TELF024,Telefono Honor X5C Plus 256GB 4GB+4GB,,,No aprobada,159.90,183.89,https://conectatech-ec.github.io/productos/telf024-telefono-honor-x5c-plus-256gb-4gb-4gb/,pendiente_mejora,por verificar,selección automática,Sin original identificado por SKU entre las fotografías disponibles; Verificar autenticidad de la unidad
TELF034,Telefono Honor X5D 128GB 4GB+4GB,,,No aprobada,149.90,172.39,https://conectatech-ec.github.io/productos/telf034-telefono-honor-x5d-128gb-4gb-4gb/,pendiente_mejora,por verificar,selección automática,Original y producción visual pendientes; Verificar autenticidad de la unidad
TELF008,Telefono Infinix Smart 20 128GB 4GB+4GB,,,No aprobada,155.91,179.30,https://conectatech-ec.github.io/productos/telf008-telefono-infinix-smart-20-128gb-4gb-4gb/,pendiente_mejora,por verificar,selección automática,Original y producción visual pendientes; Verificar autenticidad de la unidad
TELF013,Telefono Poco C71 128GB 4GB+4GB,,,No aprobada,129.90,149.39,https://conectatech-ec.github.io/productos/telf013-telefono-poco-c71-128gb-4gb-4gb/,pendiente_mejora,por verificar,selección automática,Original y producción visual pendientes; Verificar autenticidad de la unidad
TELF020,Redmi 15 256GB | 16GB RAM total (8+8) | Negro Ocaso,imagenes/telf020/original-fbbee9adf383c0c8.jpg,/imagenes/telf020/TELF020-01.webp,"1200x1200 WebP; sin ampliación; fuente [1152, 1536]; 45036 bytes; empaque legible; reflejos originales conservados",235.90,271.29,https://conectatech-ec.github.io/productos/telf020-telefono-redmi-15-256gb-8gb-8gb/,publicado_verificado,por verificar,selección automática,Verificar autenticidad de la unidad
TELF017,Telefono Redmi 15C 128GB 4GB+4GB,,,No aprobada,159.90,183.89,https://conectatech-ec.github.io/productos/telf017-telefono-redmi-15c-128gb-4gb-4gb/,pendiente_mejora,por verificar,selección automática,Original y producción visual pendientes; Verificar autenticidad de la unidad
TELF018,Telefono Redmi 15C 256GB 4GB+4GB,,,No aprobada,175.90,202.29,https://conectatech-ec.github.io/productos/telf018-telefono-redmi-15c-256gb-4gb-4gb/,pendiente_mejora,por verificar,selección automática,Original y producción visual pendientes; Verificar autenticidad de la unidad
TELF019,Telefono Redmi 15C 256GB 8GB+8GB,,,No aprobada,185.90,213.79,https://conectatech-ec.github.io/productos/telf019-telefono-redmi-15c-256gb-8gb-8gb/,pendiente_mejora,por verificar,selección automática,Original y producción visual pendientes; Verificar autenticidad de la unidad
TELF022,Redmi A7 Pro 128GB | 8GB RAM total (4+4) | Verde Palmera,imagenes/telf022/original-a2252f6e5f0af069.jpg,,No aprobada,145.90,167.79,https://conectatech-ec.github.io/productos/telf022-telefono-redmi-a7-pro-128gb-4gb-4gb/,pendiente_mejora,por verificar,selección automática,"Foco, texto y color pendientes de revisión visual; Verificar autenticidad de la unidad"
TELF036,Redmi Note 15 Pro 512GB | 24GB RAM total (12+12) | Azul Glaciar,imagenes/telf036/original-2d409b8da401d7f7.jpg,/imagenes/telf036/TELF036-01.webp,"1200x1200 WebP; sin ampliación; fuente [1152, 1536]; 35704 bytes; empaque legible; reflejos originales conservados",395.90,455.29,https://conectatech-ec.github.io/productos/telf036-telefono-redmi-note-15-pro-512gb-12gb-12gb/,publicado_verificado,por verificar,selección automática,Verificar autenticidad de la unidad
TELF037,Redmi Note 17 256GB | 12GB RAM total (6+6) | Morado Celestial,imagenes/telf037/original-d2a997dcf953a4d2.jpg,,No aprobada,269.91,310.40,https://conectatech-ec.github.io/productos/telf037-telefono-redmi-note-17-256gb-6gb-6gb/,pendiente_mejora,por verificar,selección automática,"Foco, texto y color pendientes de revisión visual; Verificar autenticidad de la unidad"
TELF010,Telefono Samsung A07 6GB+128GB,,,No aprobada,165.90,190.79,https://conectatech-ec.github.io/productos/telf010-telefono-samsung-a07-6gb-128gb/,pendiente_mejora,por verificar,selección automática,Original y producción visual pendientes; Verificar autenticidad de la unidad
TELF011,Telefono Samsung A17 4GB+128GB,,,No aprobada,185.90,213.79,https://conectatech-ec.github.io/productos/telf011-telefono-samsung-a17-4gb-128gb/,pendiente_mejora,por verificar,selección automática,Original y producción visual pendientes; Verificar autenticidad de la unidad
TELF012,Telefono Samsung A17 8GB+256GB,,,No aprobada,239.90,275.89,https://conectatech-ec.github.io/productos/telf012-telefono-samsung-a17-8gb-256gb/,pendiente_mejora,por verificar,selección automática,Original y producción visual pendientes; Verificar autenticidad de la unidad
TELF015,Telefono Tecno Spark GO 2 256GB 4GB+4GB,,,No aprobada,155.91,179.30,https://conectatech-ec.github.io/productos/telf015-telefono-tecno-spark-go-2-256gb-4gb-4gb/,pendiente_mejora,por verificar,selección automática,Original y producción visual pendientes; Verificar autenticidad de la unidad
TELF026,TECNO Spark Go 3 128GB | 8GB RAM total (4+4),,,No aprobada,145.90,167.79,https://conectatech-ec.github.io/productos/telf026-telefono-tecno-spark-go-3-128gb-4gb-4gb/,pendiente_mejora,por verificar,selección automática,Original y producción visual pendientes; Verificar autenticidad de la unidad
TELF025,TECNO Spark Go 3 64GB | 8GB RAM total (4+4) | Negro Tinta,imagenes/telf025/original-bc63b2c11876d990.jpg,,No aprobada,125.90,144.79,https://conectatech-ec.github.io/productos/telf025-telefono-tecno-spark-go-3-64gb-4gb-4gb/,pendiente_mejora,por verificar,selección automática,"Foco, texto y color pendientes de revisión visual; Verificar autenticidad de la unidad"
TELF027,Telefono ZTE A35E 64GB 2GB+4GB,,,No aprobada,105.90,121.79,https://conectatech-ec.github.io/productos/telf027-telefono-zte-a35e-64gb-2gb-4gb/,pendiente_mejora,por verificar,selección automática,Sin original identificado por SKU entre las fotografías disponibles; Verificar autenticidad de la unidad
TELF002,Telefono ZTE Nubia V80 PRO,,,No aprobada,229.90,264.39,https://conectatech-ec.github.io/productos/telf002-telefono-zte-nubia-v80-pro/,pendiente_mejora,por verificar,selección automática,Original y producción visual pendientes; Verificar autenticidad de la unidad
TELF003,Telefono ZTE V80 MAX 256GB 4GB+10GB,,,No aprobada,165.90,190.79,https://conectatech-ec.github.io/productos/telf003-telefono-zte-v80-max-256gb-4gb-10gb/,pendiente_mejora,por verificar,selección automática,Original y producción visual pendientes; Verificar autenticidad de la unidad
TELF004,Telefono ZTE V80 MAX 256GB 8GB+12GB,,,No aprobada,179.89,206.87,https://conectatech-ec.github.io/productos/telf004-telefono-zte-v80-max-256gb-8gb-12gb/,pendiente_mejora,por verificar,selección automática,Sin original identificado por SKU entre las fotografías disponibles; Verificar autenticidad de la unidad
TELE001,Televisor ENV 32 Pulgadas,,,No aprobada,139.90,160.89,https://conectatech-ec.github.io/productos/tele001-televisor-env-32-pulgadas/,pendiente_mejora,por verificar,selección automática,Original y producción visual pendientes; Verificar autenticidad de la unidad
TELE003,Televisor House TV 43 Pulgadas Fullhd,,,No aprobada,229.90,264.39,https://conectatech-ec.github.io/productos/tele003-televisor-house-tv-43-pulgadas-fullhd/,pendiente_mejora,por verificar,selección automática,Original y producción visual pendientes; Verificar autenticidad de la unidad
TERM001,Termo Parlante Tomatodo,,,No aprobada,14.00,16.10,https://conectatech-ec.github.io/productos/term001-termo-parlante-tomatodo/,pendiente_mejora,por verificar,selección automática,Original y producción visual pendientes; Verificar autenticidad de la unidad
TRIP014,Tripode Para Celulares Y Tablet,,,No aprobada,31.00,35.65,https://conectatech-ec.github.io/productos/trip014-tripode-para-celulares-y-tablet/,pendiente_mejora,por verificar,selección automática,Original y producción visual pendientes; Verificar autenticidad de la unidad
AROD02,ARO DE LUZ 3D-26,,,No aprobada,16.35,18.80,https://conectatech-ec.github.io/productos/arod02-aro-de-luz-3d-26/,pendiente_mejora,por verificar,selección automática,Original y producción visual pendientes; Verificar autenticidad de la unidad
ADAP053,Adaptador 1/4 Hembra A 3.5 Macho Stereo Negro,,,No aprobada,2.00,2.30,https://conectatech-ec.github.io/productos/adap053-adaptador-1-4-hembra-a-3-5-macho-stereo-negro/,pendiente_mejora,por verificar,selección automática,Original y producción visual pendientes; Verificar autenticidad de la unidad
ADAP086,Adaptador Angulo Hdmi L,,,No aprobada,2.90,3.34,https://conectatech-ec.github.io/productos/adap086-adaptador-angulo-hdmi-l/,pendiente_mejora,por verificar,selección automática,Original y producción visual pendientes; Verificar autenticidad de la unidad
ADAP045,Adaptador Antena Wifi Doble Banda 600MBPS Antena Incorporada,,,No aprobada,18.75,21.56,https://conectatech-ec.github.io/productos/adap045-adaptador-antena-wifi-doble-banda-600mbps-antena-incorporada/,pendiente_mejora,por verificar,selección automática,Original y producción visual pendientes; Verificar autenticidad de la unidad
ADAP036,Adaptador Bluetooth Dongle 5.0 Usb-a Para Pc-laptops,,,No aprobada,9.26,10.65,https://conectatech-ec.github.io/productos/adap036-adaptador-bluetooth-dongle-5-0-usb-a-para-pc-laptops/,pendiente_mejora,por verificar,selección automática,Original y producción visual pendientes; Verificar autenticidad de la unidad
ADAP035,Adaptador Bluetooth Dongle Usb-a Earldom M73,,,No aprobada,18.00,20.70,https://conectatech-ec.github.io/productos/adap035-adaptador-bluetooth-dongle-usb-a-earldom-m73/,pendiente_mejora,por verificar,selección automática,Original y producción visual pendientes; Verificar autenticidad de la unidad
ADAP069,Adaptador Convertidor DE Audio Digital A Analogico,,,No aprobada,10.90,12.54,https://conectatech-ec.github.io/productos/adap069-adaptador-convertidor-de-audio-digital-a-analogico/,pendiente_mejora,por verificar,selección automática,Original y producción visual pendientes; Verificar autenticidad de la unidad
ADAP039,Adaptador Convertidor DE Displayport A Hdmi,,,No aprobada,11.99,13.79,https://conectatech-ec.github.io/productos/adap039-adaptador-convertidor-de-displayport-a-hdmi/,pendiente_mejora,por verificar,selección automática,Original y producción visual pendientes; Verificar autenticidad de la unidad
ADAP038,Adaptador Convertidor DE Minidisplayport A Hdmi,,,No aprobada,11.99,13.79,https://conectatech-ec.github.io/productos/adap038-adaptador-convertidor-de-minidisplayport-a-hdmi/,pendiente_mejora,por verificar,selección automática,Original y producción visual pendientes; Verificar autenticidad de la unidad
ADAP057,Adaptador Convertidor DE VGA A Hdmi Treqa HDV-552,,,No aprobada,7.35,8.45,https://conectatech-ec.github.io/productos/adap057-adaptador-convertidor-de-vga-a-hdmi-treqa-hdv-552/,pendiente_mejora,por verificar,selección automática,Original y producción visual pendientes; Verificar autenticidad de la unidad
ADAP059,Adaptador Convertidor Displayport A VGA,,,No aprobada,10.90,12.54,https://conectatech-ec.github.io/productos/adap059-adaptador-convertidor-displayport-a-vga/,pendiente_mejora,por verificar,selección automática,Original y producción visual pendientes; Verificar autenticidad de la unidad
ADAP029,Adaptador Convertidor Hdmi A RCA,,,No aprobada,6.50,7.48,https://conectatech-ec.github.io/productos/adap029-adaptador-convertidor-hdmi-a-rca/,pendiente_mejora,por verificar,selección automática,Original y producción visual pendientes; Verificar autenticidad de la unidad
ADAP037,Adaptador Convertidor Hdmi A VGA,,,No aprobada,9.00,10.35,https://conectatech-ec.github.io/productos/adap037-adaptador-convertidor-hdmi-a-vga/,pendiente_mejora,por verificar,selección automática,Original y producción visual pendientes; Verificar autenticidad de la unidad
ADAP040,Adaptador Convertidor Hdmi A VGA SGL,,,No aprobada,12.16,13.98,https://conectatech-ec.github.io/productos/adap040-adaptador-convertidor-hdmi-a-vga-sgl/,pendiente_mejora,por verificar,selección automática,Original y producción visual pendientes; Verificar autenticidad de la unidad
ADAP050,Adaptador Convertidor RCA A Hdmi ADA618 Aiwa,,,No aprobada,9.50,10.93,https://conectatech-ec.github.io/productos/adap050-adaptador-convertidor-rca-a-hdmi-ada618-aiwa/,pendiente_mejora,por verificar,selección automática,Original y producción visual pendientes; Verificar autenticidad de la unidad
ADAP002,Adaptador DE 2 Macho A 3 Hembra Latinoamerica,,,No aprobada,2.00,2.30,https://conectatech-ec.github.io/productos/adap002-adaptador-de-2-macho-a-3-hembra-latinoamerica/,pendiente_mejora,por verificar,selección automática,Original y producción visual pendientes; Verificar autenticidad de la unidad
ADAP032,Adaptador DE 3.5MM Macho A Doble 3.5MM Hembra,,,No aprobada,3.50,4.03,https://conectatech-ec.github.io/productos/adap032-adaptador-de-3-5mm-macho-a-doble-3-5mm-hembra/,pendiente_mejora,por verificar,selección automática,Original y producción visual pendientes; Verificar autenticidad de la unidad
ADAP033,Adaptador DE 3.5MM Macho A Doble RCA Hembra,,,No aprobada,2.50,2.88,https://conectatech-ec.github.io/productos/adap033-adaptador-de-3-5mm-macho-a-doble-rca-hembra/,pendiente_mejora,por verificar,selección automática,Original y producción visual pendientes; Verificar autenticidad de la unidad
ADAP084,Adaptador DE Corriente 12V 2A Orvesion,,,No aprobada,11.99,13.79,https://conectatech-ec.github.io/productos/adap084-adaptador-de-corriente-12v-2a-orvesion/,pendiente_mejora,por verificar,selección automática,Original y producción visual pendientes; Verificar autenticidad de la unidad
ADAP085,Adaptador DE Corriente 12V 5A Orvesion,,,No aprobada,15.00,17.25,https://conectatech-ec.github.io/productos/adap085-adaptador-de-corriente-12v-5a-orvesion/,pendiente_mejora,por verificar,selección automática,Original y producción visual pendientes; Verificar autenticidad de la unidad
ADAP082,Adaptador DE Corriente 5V 2A Orvesion,,,No aprobada,8.00,9.20,https://conectatech-ec.github.io/productos/adap082-adaptador-de-corriente-5v-2a-orvesion/,pendiente_mejora,por verificar,selección automática,Original y producción visual pendientes; Verificar autenticidad de la unidad
ADAP083,Adaptador DE Corriente 9V 2A Orvesion,,,No aprobada,9.00,10.35,https://conectatech-ec.github.io/productos/adap083-adaptador-de-corriente-9v-2a-orvesion/,pendiente_mejora,por verificar,selección automática,Original y producción visual pendientes; Verificar autenticidad de la unidad
ADAP075,Adaptador DE RED RJ45 DE 1 A 2 Salidas,,,No aprobada,4.85,5.58,https://conectatech-ec.github.io/productos/adap075-adaptador-de-red-rj45-de-1-a-2-salidas/,pendiente_mejora,por verificar,selección automática,Original y producción visual pendientes; Verificar autenticidad de la unidad
ADAP097,Adaptador DE Usb-c A Ethernet,,,No aprobada,11.90,13.69,https://conectatech-ec.github.io/productos/adap097-adaptador-de-usb-c-a-ethernet/,pendiente_mejora,por verificar,selección automática,Original y producción visual pendientes; Verificar autenticidad de la unidad
ADAP056,Adaptador Divisor DE 3.5MM Macho A Doble 3.5MM Hembra,,,No aprobada,4.35,5.00,https://conectatech-ec.github.io/productos/adap056-adaptador-divisor-de-3-5mm-macho-a-doble-3-5mm-hembra/,pendiente_mejora,por verificar,selección automática,Original y producción visual pendientes; Verificar autenticidad de la unidad
ADAP073,Adaptador Enchufe 110 A 12V Socket CAR,,,No aprobada,3.55,4.08,https://conectatech-ec.github.io/productos/adap073-adaptador-enchufe-110-a-12v-socket-car/,pendiente_mejora,por verificar,selección automática,Original y producción visual pendientes; Verificar autenticidad de la unidad
ADAP007,Adaptador Lightning A 3.5MM,,,No aprobada,6.00,6.90,https://conectatech-ec.github.io/productos/adap007-adaptador-lightning-a-3-5mm/,pendiente_mejora,por verificar,selección automática,Original y producción visual pendientes; Verificar autenticidad de la unidad
ADAP065,Adaptador Lightning A Doble Lightning,,,No aprobada,5.00,5.75,https://conectatech-ec.github.io/productos/adap065-adaptador-lightning-a-doble-lightning/,pendiente_mejora,por verificar,selección automática,Original y producción visual pendientes; Verificar autenticidad de la unidad
ADAP027,Adaptador Mini-hdmi Macho A Hdmi Hembra,,,No aprobada,6.90,7.94,https://conectatech-ec.github.io/productos/adap027-adaptador-mini-hdmi-macho-a-hdmi-hembra/,pendiente_mejora,por verificar,selección automática,Original y producción visual pendientes; Verificar autenticidad de la unidad
ADAP068,Adaptador Multiadaptadores Baten Modelo CB-201,,,No aprobada,14.90,17.14,https://conectatech-ec.github.io/productos/adap068-adaptador-multiadaptadores-baten-modelo-cb-201/,pendiente_mejora,por verificar,selección automática,Original y producción visual pendientes; Verificar autenticidad de la unidad
ADAP046,Adaptador OTG 3 EN 1,,,No aprobada,7.25,8.34,https://conectatech-ec.github.io/productos/adap046-adaptador-otg-3-en-1/,pendiente_mejora,por verificar,selección automática,Original y producción visual pendientes; Verificar autenticidad de la unidad
ADAP009,Adaptador OTG Lightning,,,No aprobada,6.00,6.90,https://conectatech-ec.github.io/productos/adap009-adaptador-otg-lightning/,pendiente_mejora,por verificar,selección automática,Original y producción visual pendientes; Verificar autenticidad de la unidad
ADAP011,Adaptador OTG Micro-usb,,,No aprobada,4.00,4.60,https://conectatech-ec.github.io/productos/adap011-adaptador-otg-micro-usb/,pendiente_mejora,por verificar,selección automática,Original y producción visual pendientes; Verificar autenticidad de la unidad
ADAP058,Adaptador OTG Micro-usb Xtech,,,No aprobada,3.25,3.74,https://conectatech-ec.github.io/productos/adap058-adaptador-otg-micro-usb-xtech/,pendiente_mejora,por verificar,selección automática,Original y producción visual pendientes; Verificar autenticidad de la unidad
ADAP080,Adaptador OTG Mini-usb V3,,,No aprobada,6.90,7.94,https://conectatech-ec.github.io/productos/adap080-adaptador-otg-mini-usb-v3/,pendiente_mejora,por verificar,selección automática,Original y producción visual pendientes; Verificar autenticidad de la unidad
ADAP089,Adaptador Receptor Antena Wifi Tp-link 150 Mbps,,,No aprobada,14.85,17.08,https://conectatech-ec.github.io/productos/adap089-adaptador-receptor-antena-wifi-tp-link-150-mbps/,pendiente_mejora,por verificar,selección automática,Original y producción visual pendientes; Verificar autenticidad de la unidad
ADAP017,Adaptador Receptor Wifi USB Antena Dual Band 1300MBPS,,,No aprobada,21.45,24.67,https://conectatech-ec.github.io/productos/adap017-adaptador-receptor-wifi-usb-antena-dual-band-1300mbps/,pendiente_mejora,por verificar,selección automática,Original y producción visual pendientes; Verificar autenticidad de la unidad
ADAP016,Adaptador Receptor Wifi USB Antena Dual Band 600MBPS,,,No aprobada,16.50,18.98,https://conectatech-ec.github.io/productos/adap016-adaptador-receptor-wifi-usb-antena-dual-band-600mbps/,pendiente_mejora,por verificar,selección automática,Original y producción visual pendientes; Verificar autenticidad de la unidad
ADAP071,Adaptador Splitter Hdmi 1080 Orvesion DOS Salidas,,,No aprobada,13.90,15.99,https://conectatech-ec.github.io/productos/adap071-adaptador-splitter-hdmi-1080-orvesion-dos-salidas/,pendiente_mejora,por verificar,selección automática,Original y producción visual pendientes; Verificar autenticidad de la unidad
ADAP063,Adaptador Splitter Hdmi 4 Salidas Tipo Cajetin,,,No aprobada,13.50,15.53,https://conectatech-ec.github.io/productos/adap063-adaptador-splitter-hdmi-4-salidas-tipo-cajetin/,pendiente_mejora,por verificar,selección automática,Original y producción visual pendientes; Verificar autenticidad de la unidad
ADAP060,Adaptador Splitter Hdmi A Doble Hdmi Hembra Orvesion,,,No aprobada,6.50,7.48,https://conectatech-ec.github.io/productos/adap060-adaptador-splitter-hdmi-a-doble-hdmi-hembra-orvesion/,pendiente_mejora,por verificar,selección automática,Original y producción visual pendientes; Verificar autenticidad de la unidad
ADAP081,Adaptador Splitter Switch Hdmi Bidireccional ENV,,,No aprobada,23.15,26.62,https://conectatech-ec.github.io/productos/adap081-adaptador-splitter-switch-hdmi-bidireccional-env/,pendiente_mejora,por verificar,selección automática,Original y producción visual pendientes; Verificar autenticidad de la unidad
ADAP066,Adaptador Switch Hdmi 3 Entradas 1 Salida,,,No aprobada,13.90,15.99,https://conectatech-ec.github.io/productos/adap066-adaptador-switch-hdmi-3-entradas-1-salida/,pendiente_mejora,por verificar,selección automática,Original y producción visual pendientes; Verificar autenticidad de la unidad
ADAP061,Adaptador Switch Hdmi 4K HP,,,No aprobada,20.00,23.00,https://conectatech-ec.github.io/productos/adap061-adaptador-switch-hdmi-4k-hp/,pendiente_mejora,por verificar,selección automática,Original y producción visual pendientes; Verificar autenticidad de la unidad
ADAP025,Adaptador Union 3.5MM DE Metal Coupler,,,No aprobada,2.90,3.34,https://conectatech-ec.github.io/productos/adap025-adaptador-union-3-5mm-de-metal-coupler/,pendiente_mejora,por verificar,selección automática,Original y producción visual pendientes; Verificar autenticidad de la unidad
ADAP024,Adaptador Union 3.5MM Plastico Negro Coupler,,,No aprobada,2.50,2.88,https://conectatech-ec.github.io/productos/adap024-adaptador-union-3-5mm-plastico-negro-coupler/,pendiente_mejora,por verificar,selección automática,Original y producción visual pendientes; Verificar autenticidad de la unidad
ADAP076,Adaptador Union Coupler DE RED RJ45 Beige,,,No aprobada,1.50,1.73,https://conectatech-ec.github.io/productos/adap076-adaptador-union-coupler-de-red-rj45-beige/,pendiente_mejora,por verificar,selección automática,Original y producción visual pendientes; Verificar autenticidad de la unidad
ADAP077,Adaptador Union Coupler DE RED RJ45 Blindado Negro,,,No aprobada,4.35,5.00,https://conectatech-ec.github.io/productos/adap077-adaptador-union-coupler-de-red-rj45-blindado-negro/,pendiente_mejora,por verificar,selección automática,Original y producción visual pendientes; Verificar autenticidad de la unidad
ADAP018,Adaptador Union Coupler Hdmi,,,No aprobada,4.35,5.00,https://conectatech-ec.github.io/productos/adap018-adaptador-union-coupler-hdmi/,pendiente_mejora,por verificar,selección automática,Original y producción visual pendientes; Verificar autenticidad de la unidad
ADAP070,Adaptador Union Coupler Hdmi 4K Gris,,,No aprobada,5.50,6.33,https://conectatech-ec.github.io/productos/adap070-adaptador-union-coupler-hdmi-4k-gris/,pendiente_mejora,por verificar,selección automática,Original y producción visual pendientes; Verificar autenticidad de la unidad
ADAP026,Adaptador Union RCA A RCA Hembra,,,No aprobada,1.25,1.44,https://conectatech-ec.github.io/productos/adap026-adaptador-union-rca-a-rca-hembra/,pendiente_mejora,por verificar,selección automática,Original y producción visual pendientes; Verificar autenticidad de la unidad
ADAP022,Adaptador Union RCA DE Audio (doble),,,No aprobada,2.50,2.88,https://conectatech-ec.github.io/productos/adap022-adaptador-union-rca-de-audio-doble/,pendiente_mejora,por verificar,selección automática,Original y producción visual pendientes; Verificar autenticidad de la unidad
ADAP023,Adaptador Union RCA DE Audio Y Video (triple),,,No aprobada,2.90,3.34,https://conectatech-ec.github.io/productos/adap023-adaptador-union-rca-de-audio-y-video-triple/,pendiente_mejora,por verificar,selección automática,Original y producción visual pendientes; Verificar autenticidad de la unidad
ADAP072,Adaptador Usb-a A Hdmi,,,No aprobada,14.90,17.14,https://conectatech-ec.github.io/productos/adap072-adaptador-usb-a-a-hdmi/,pendiente_mejora,por verificar,selección automática,Original y producción visual pendientes; Verificar autenticidad de la unidad
ADAP047,Adaptador Usb-a A Usb-c Hembra Earldom 0T91A,,,No aprobada,5.85,6.73,https://conectatech-ec.github.io/productos/adap047-adaptador-usb-a-a-usb-c-hembra-earldom-0t91a/,pendiente_mejora,por verificar,selección automática,Original y producción visual pendientes; Verificar autenticidad de la unidad
ADAP067,Adaptador Usb-a A Usb-c Hembra Ldnio Star,,,No aprobada,7.50,8.63,https://conectatech-ec.github.io/productos/adap067-adaptador-usb-a-a-usb-c-hembra-ldnio-star/,pendiente_mejora,por verificar,selección automática,Original y producción visual pendientes; Verificar autenticidad de la unidad
ADAP087,Adaptador Usb-a A Usb-c Ldnio,,,No aprobada,6.90,7.94,https://conectatech-ec.github.io/productos/adap087-adaptador-usb-a-a-usb-c-ldnio/,pendiente_mejora,por verificar,selección automática,Original y producción visual pendientes; Verificar autenticidad de la unidad
ADAP062,Adaptador Usb-a Antena Wifi Alfa UW06,,,No aprobada,11.99,13.79,https://conectatech-ec.github.io/productos/adap062-adaptador-usb-a-antena-wifi-alfa-uw06/,pendiente_mejora,por verificar,selección automática,Original y producción visual pendientes; Verificar autenticidad de la unidad
ADAP019,Adaptador Usb-c A 3.5MM,,,No aprobada,6.50,7.48,https://conectatech-ec.github.io/productos/adap019-adaptador-usb-c-a-3-5mm/,pendiente_mejora,por verificar,selección automática,Original y producción visual pendientes; Verificar autenticidad de la unidad
ADAP012,Adaptador Usb-c A 3.5MM + Usb-c JH-031,,,No aprobada,9.50,10.93,https://conectatech-ec.github.io/productos/adap012-adaptador-usb-c-a-3-5mm-usb-c-jh-031/,pendiente_mejora,por verificar,selección automática,Original y producción visual pendientes; Verificar autenticidad de la unidad
ADAP020,Adaptador Usb-c A 3.5MM Negro,,,No aprobada,4.26,4.90,https://conectatech-ec.github.io/productos/adap020-adaptador-usb-c-a-3-5mm-negro/,pendiente_mejora,por verificar,selección automática,Original y producción visual pendientes; Verificar autenticidad de la unidad
ADAP014,Adaptador Usb-c A Hdmi HP 3.1 DHC-CT202,,,No aprobada,33.01,37.96,https://conectatech-ec.github.io/productos/adap014-adaptador-usb-c-a-hdmi-hp-3-1-dhc-ct202/,pendiente_mejora,por verificar,selección automática,Original y producción visual pendientes; Verificar autenticidad de la unidad
ADAP064,Adaptador Usb-c A Hdmi Marca Monster,,,No aprobada,19.15,22.02,https://conectatech-ec.github.io/productos/adap064-adaptador-usb-c-a-hdmi-marca-monster/,pendiente_mejora,por verificar,selección automática,Original y producción visual pendientes; Verificar autenticidad de la unidad
ADAP042,Adaptador Viajero Travel World Internacional,,,No aprobada,7.90,9.09,https://conectatech-ec.github.io/productos/adap042-adaptador-viajero-travel-world-internacional/,pendiente_mejora,por verificar,selección automática,Original y producción visual pendientes; Verificar autenticidad de la unidad
ADAP099,Adaptador Viajero Travel World Internacional 30W Klip Xtreme,,,No aprobada,49.15,56.52,https://conectatech-ec.github.io/productos/adap099-adaptador-viajero-travel-world-internacional-30w-klip-xtreme/,pendiente_mejora,por verificar,selección automática,Original y producción visual pendientes; Verificar autenticidad de la unidad
ADAP043,Adaptador Viajero Travel World Internacional Earldom 3.5A,,,No aprobada,33.45,38.47,https://conectatech-ec.github.io/productos/adap043-adaptador-viajero-travel-world-internacional-earldom-3-5a/,pendiente_mejora,por verificar,selección automática,Original y producción visual pendientes; Verificar autenticidad de la unidad
ADAP044,Adaptador Viajero Travel World Internacional RCA,,,No aprobada,21.40,24.61,https://conectatech-ec.github.io/productos/adap044-adaptador-viajero-travel-world-internacional-rca/,pendiente_mejora,por verificar,selección automática,Original y producción visual pendientes; Verificar autenticidad de la unidad
AIRT002,Airtag DE Billetera Loshall,,,No aprobada,29.00,33.35,https://conectatech-ec.github.io/productos/airt002-airtag-de-billetera-loshall/,pendiente_mejora,por verificar,selección automática,Original y producción visual pendientes; Verificar autenticidad de la unidad
AIRT004,Airtag Portatil Tipo Llavero Cuadrado,,,No aprobada,14.15,16.27,https://conectatech-ec.github.io/productos/airt004-airtag-portatil-tipo-llavero-cuadrado/,pendiente_mejora,por verificar,selección automática,Original y producción visual pendientes; Verificar autenticidad de la unidad
AIRT001,Airtag Sling Find MY IP,,,No aprobada,13.90,15.99,https://conectatech-ec.github.io/productos/airt001-airtag-sling-find-my-ip/,pendiente_mejora,por verificar,selección automática,Original y producción visual pendientes; Verificar autenticidad de la unidad
AIRT003,Airtag Ugreen Find MY IP,,,No aprobada,29.00,33.35,https://conectatech-ec.github.io/productos/airt003-airtag-ugreen-find-my-ip/,pendiente_mejora,por verificar,selección automática,Original y producción visual pendientes; Verificar autenticidad de la unidad
ALEX004,Alexa Amazon Echo Show 8 8.7 Pulgadas,,,No aprobada,253.15,291.12,https://conectatech-ec.github.io/productos/alex004-alexa-amazon-echo-show-8-8-7-pulgadas/,pendiente_mejora,por verificar,selección automática,Original y producción visual pendientes; Verificar autenticidad de la unidad
ALEX001,Alexa Echo DOT,,,No aprobada,86.91,99.95,https://conectatech-ec.github.io/productos/alex001-alexa-echo-dot/,pendiente_mejora,por verificar,selección automática,Original y producción visual pendientes; Verificar autenticidad de la unidad
ALEX002,Alexa Echo POP,,,No aprobada,63.80,73.37,https://conectatech-ec.github.io/productos/alex002-alexa-echo-pop/,pendiente_mejora,por verificar,selección automática,Original y producción visual pendientes; Verificar autenticidad de la unidad
BAL001,Balon DE Futbol Grande,,,No aprobada,9.86,11.34,https://conectatech-ec.github.io/productos/bal001-balon-de-futbol-grande/,pendiente_mejora,por verificar,selección automática,Original y producción visual pendientes; Verificar autenticidad de la unidad
BAL002,Balon DE Futbol Indoor,,,No aprobada,6.35,7.30,https://conectatech-ec.github.io/productos/bal002-balon-de-futbol-indoor/,pendiente_mejora,por verificar,selección automática,Original y producción visual pendientes; Verificar autenticidad de la unidad
BARR002,Barra DE Sonido Klipxtreme Thunder Zound,,,No aprobada,89.15,102.52,https://conectatech-ec.github.io/productos/barr002-barra-de-sonido-klipxtreme-thunder-zound/,pendiente_mejora,por verificar,selección automática,Original y producción visual pendientes; Verificar autenticidad de la unidad
BASE005,Base DE Carga Inalambrica 2 EN 1 Ugreen,,,No aprobada,77.15,88.72,https://conectatech-ec.github.io/productos/base005-base-de-carga-inalambrica-2-en-1-ugreen/,pendiente_mejora,por verificar,selección automática,Original y producción visual pendientes; Verificar autenticidad de la unidad
BASE003,Base Inalambrica DE Carga 3 EN 1,,,No aprobada,22.00,25.30,https://conectatech-ec.github.io/productos/base003-base-inalambrica-de-carga-3-en-1/,pendiente_mejora,por verificar,selección automática,Original y producción visual pendientes; Verificar autenticidad de la unidad
BASE004,Base Inalambrica DE Carga 3 EN 1 Cuadrada Monster WX632,,,No aprobada,28.70,33.01,https://conectatech-ec.github.io/productos/base004-base-inalambrica-de-carga-3-en-1-cuadrada-monster-wx632/,pendiente_mejora,por verificar,selección automática,Original y producción visual pendientes; Verificar autenticidad de la unidad
BASE006,Base Inalambrica DE Carga 3 EN 1 Metal-flexible,,,No aprobada,29.35,33.75,https://conectatech-ec.github.io/productos/base006-base-inalambrica-de-carga-3-en-1-metal-flexible/,pendiente_mejora,por verificar,selección automática,Original y producción visual pendientes; Verificar autenticidad de la unidad
BASE002,Base Inalambrica DE Carga Multifuncional 3 EN 1 Monster,,,No aprobada,24.30,27.95,https://conectatech-ec.github.io/productos/base002-base-inalambrica-de-carga-multifuncional-3-en-1-monster/,pendiente_mejora,por verificar,selección automática,Original y producción visual pendientes; Verificar autenticidad de la unidad
BILL004,Billetera Animada,,,No aprobada,9.00,10.35,https://conectatech-ec.github.io/productos/bill004-billetera-animada/,pendiente_mejora,por verificar,selección automática,Original y producción visual pendientes; Verificar autenticidad de la unidad
BILL008,Billetera Animada Toad,,,No aprobada,12.90,14.84,https://conectatech-ec.github.io/productos/bill008-billetera-animada-toad/,pendiente_mejora,por verificar,selección automática,Original y producción visual pendientes; Verificar autenticidad de la unidad
BILL006,Billetera CON Magsafe HDD Marron CON Soporte Wallet,,,No aprobada,15.00,17.25,https://conectatech-ec.github.io/productos/bill006-billetera-con-magsafe-hdd-marron-con-soporte-wallet/,pendiente_mejora,por verificar,selección automática,Original y producción visual pendientes; Verificar autenticidad de la unidad
BILL002,Billetera Magsafe IPH Silicon Wallet,,,No aprobada,11.99,13.79,https://conectatech-ec.github.io/productos/bill002-billetera-magsafe-iph-silicon-wallet/,pendiente_mejora,por verificar,selección automática,Original y producción visual pendientes; Verificar autenticidad de la unidad
BINO001,Binoculares 8X40,,,No aprobada,26.00,29.90,https://conectatech-ec.github.io/productos/bino001-binoculares-8x40/,pendiente_mejora,por verificar,selección automática,Original y producción visual pendientes; Verificar autenticidad de la unidad
BRAZ001,Brazalete Deportivo Para Celular Brazo,,,No aprobada,9.45,10.87,https://conectatech-ec.github.io/productos/braz001-brazalete-deportivo-para-celular-brazo/,pendiente_mejora,por verificar,selección automática,Original y producción visual pendientes; Verificar autenticidad de la unidad
CARP001,CAR Play XO-CZ026 Mini,,,No aprobada,42.85,49.28,https://conectatech-ec.github.io/productos/carp001-car-play-xo-cz026-mini/,pendiente_mejora,por verificar,selección automática,Original y producción visual pendientes; Verificar autenticidad de la unidad
CABL087,Cable 1/4 A 1/4 Para Guitarra 3M,,,No aprobada,9.55,10.98,https://conectatech-ec.github.io/productos/cabl087-cable-1-4-a-1-4-para-guitarra-3m/,pendiente_mejora,por verificar,selección automática,Original y producción visual pendientes; Verificar autenticidad de la unidad
CABL086,Cable 1/4 Mono A XLR Canon Para Microfono,,,No aprobada,9.86,11.34,https://conectatech-ec.github.io/productos/cabl086-cable-1-4-mono-a-xlr-canon-para-microfono/,pendiente_mejora,por verificar,selección automática,Original y producción visual pendientes; Verificar autenticidad de la unidad
CABL049,Cable 3.5MM A AV 1.50M,,,No aprobada,3.25,3.74,https://conectatech-ec.github.io/productos/cabl049-cable-3-5mm-a-av-1-50m/,pendiente_mejora,por verificar,selección automática,Original y producción visual pendientes; Verificar autenticidad de la unidad
CABL090,Cable AV PS2 Play Station 2,,,No aprobada,5.90,6.79,https://conectatech-ec.github.io/productos/cabl090-cable-av-ps2-play-station-2/,pendiente_mejora,por verificar,selección automática,Original y producción visual pendientes; Verificar autenticidad de la unidad
CABL001,Cable Adaptador DE Lightning A 3.5MM,,,No aprobada,9.00,10.35,https://conectatech-ec.github.io/productos/cabl001-cable-adaptador-de-lightning-a-3-5mm/,pendiente_mejora,por verificar,selección automática,Original y producción visual pendientes; Verificar autenticidad de la unidad
CABL002,Cable Adaptador DE Usb-c A 3.5MM,,,No aprobada,8.50,9.78,https://conectatech-ec.github.io/productos/cabl002-cable-adaptador-de-usb-c-a-3-5mm/,pendiente_mejora,por verificar,selección automática,Original y producción visual pendientes; Verificar autenticidad de la unidad
CABL053,Cable Audio 3.5MM A RCA 0.90M,,,No aprobada,3.25,3.74,https://conectatech-ec.github.io/productos/cabl053-cable-audio-3-5mm-a-rca-0-90m/,pendiente_mejora,por verificar,selección automática,Original y producción visual pendientes; Verificar autenticidad de la unidad
CABL054,Cable Audio 3.5MM A RCA 1.50M,,,No aprobada,4.00,4.60,https://conectatech-ec.github.io/productos/cabl054-cable-audio-3-5mm-a-rca-1-50m/,pendiente_mejora,por verificar,selección automática,Original y producción visual pendientes; Verificar autenticidad de la unidad
CABL055,Cable Audio 3.5MM A RCA 3M,,,No aprobada,5.50,6.33,https://conectatech-ec.github.io/productos/cabl055-cable-audio-3-5mm-a-rca-3m/,pendiente_mejora,por verificar,selección automática,Original y producción visual pendientes; Verificar autenticidad de la unidad
CABL056,Cable Audio 3.5MM A RCA 5M,,,No aprobada,6.90,7.94,https://conectatech-ec.github.io/productos/cabl056-cable-audio-3-5mm-a-rca-5m/,pendiente_mejora,por verificar,selección automática,Original y producción visual pendientes; Verificar autenticidad de la unidad
CABL050,Cable Audio Y Video AV 1.5M,,,No aprobada,3.25,3.74,https://conectatech-ec.github.io/productos/cabl050-cable-audio-y-video-av-1-5m/,pendiente_mejora,por verificar,selección automática,Original y producción visual pendientes; Verificar autenticidad de la unidad
CABL051,Cable Audio Y Video AV 3M,,,No aprobada,3.90,4.49,https://conectatech-ec.github.io/productos/cabl051-cable-audio-y-video-av-3m/,pendiente_mejora,por verificar,selección automática,Original y producción visual pendientes; Verificar autenticidad de la unidad
CABL006,Cable Auxiliar 3.5MM 2M HP DHC AU02,,,No aprobada,8.20,9.43,https://conectatech-ec.github.io/productos/cabl006-cable-auxiliar-3-5mm-2m-hp-dhc-au02/,pendiente_mejora,por verificar,selección automática,Original y producción visual pendientes; Verificar autenticidad de la unidad
CABL079,Cable Auxiliar Earldom 1M AUX08,,,No aprobada,5.50,6.33,https://conectatech-ec.github.io/productos/cabl079-cable-auxiliar-earldom-1m-aux08/,pendiente_mejora,por verificar,selección automática,Original y producción visual pendientes; Verificar autenticidad de la unidad
CABL098,Cable Auxiliar Earldom 1M Modelo Elbow AUX 21 Punta L,,,No aprobada,7.85,9.03,https://conectatech-ec.github.io/productos/cabl098-cable-auxiliar-earldom-1m-modelo-elbow-aux-21-punta-l/,pendiente_mejora,por verificar,selección automática,Original y producción visual pendientes; Verificar autenticidad de la unidad
CABL067,Cable Auxiliar Earldom 2M AUX10,,,No aprobada,6.50,7.48,https://conectatech-ec.github.io/productos/cabl067-cable-auxiliar-earldom-2m-aux10/,pendiente_mejora,por verificar,selección automática,Original y producción visual pendientes; Verificar autenticidad de la unidad
CABL080,Cable Auxiliar KIN 1.2M KY-213,,,No aprobada,4.50,5.18,https://conectatech-ec.github.io/productos/cabl080-cable-auxiliar-kin-1-2m-ky-213/,pendiente_mejora,por verificar,selección automática,Original y producción visual pendientes; Verificar autenticidad de la unidad
CABL078,Cable Auxiliar Treqa CA-1019,,,No aprobada,2.25,2.59,https://conectatech-ec.github.io/productos/cabl078-cable-auxiliar-treqa-ca-1019/,pendiente_mejora,por verificar,selección automática,Original y producción visual pendientes; Verificar autenticidad de la unidad
CABL072,Cable Convertidor Hdmi A RCA Thunder Sound 1.5M,,,No aprobada,11.99,13.79,https://conectatech-ec.github.io/productos/cabl072-cable-convertidor-hdmi-a-rca-thunder-sound-1-5m/,pendiente_mejora,por verificar,selección automática,Original y producción visual pendientes; Verificar autenticidad de la unidad
CABL100,Cable DE Audio Coaxial Digital 1.8M,,,No aprobada,7.90,9.09,https://conectatech-ec.github.io/productos/cabl100-cable-de-audio-coaxial-digital-1-8m/,pendiente_mejora,por verificar,selección automática,Original y producción visual pendientes; Verificar autenticidad de la unidad
CABL060,Cable DE Audio RCA 1.8M,,,No aprobada,3.90,4.49,https://conectatech-ec.github.io/productos/cabl060-cable-de-audio-rca-1-8m/,pendiente_mejora,por verificar,selección automática,Original y producción visual pendientes; Verificar autenticidad de la unidad
CABL059,Cable DE Audio RCA 3M,,,No aprobada,4.75,5.46,https://conectatech-ec.github.io/productos/cabl059-cable-de-audio-rca-3m/,pendiente_mejora,por verificar,selección automática,Original y producción visual pendientes; Verificar autenticidad de la unidad
CABL013,Cable DE Extension Usb-a 1.5M Mindpure,,,No aprobada,3.90,4.49,https://conectatech-ec.github.io/productos/cabl013-cable-de-extension-usb-a-1-5m-mindpure/,pendiente_mejora,por verificar,selección automática,Original y producción visual pendientes; Verificar autenticidad de la unidad
CABL014,Cable DE Extension Usb-a 3M Mindpure,,,No aprobada,5.30,6.10,https://conectatech-ec.github.io/productos/cabl014-cable-de-extension-usb-a-3m-mindpure/,pendiente_mejora,por verificar,selección automática,Original y producción visual pendientes; Verificar autenticidad de la unidad
CABL116,Cable DE Impresora Usb-a A Usb-b 10M Mindpure,,,No aprobada,19.85,22.83,https://conectatech-ec.github.io/productos/cabl116-cable-de-impresora-usb-a-a-usb-b-10m-mindpure/,pendiente_mejora,por verificar,selección automática,Original y producción visual pendientes; Verificar autenticidad de la unidad
CABL118,Cable DE Impresora Usb-a A Usb-b 3M Mindpure,,,No aprobada,9.30,10.70,https://conectatech-ec.github.io/productos/cabl118-cable-de-impresora-usb-a-a-usb-b-3m-mindpure/,pendiente_mejora,por verificar,selección automática,Original y producción visual pendientes; Verificar autenticidad de la unidad
CABL117,Cable DE Impresora Usb-a A Usb-b 5M Mindpure,,,No aprobada,15.35,17.65,https://conectatech-ec.github.io/productos/cabl117-cable-de-impresora-usb-a-a-usb-b-5m-mindpure/,pendiente_mejora,por verificar,selección automática,Original y producción visual pendientes; Verificar autenticidad de la unidad
CABL057,Cable DE Impresora Usb-b Azul,,,No aprobada,5.26,6.05,https://conectatech-ec.github.io/productos/cabl057-cable-de-impresora-usb-b-azul/,pendiente_mejora,por verificar,selección automática,Original y producción visual pendientes; Verificar autenticidad de la unidad
CABL121,Cable DE Impresora Usb-c A Usb-a 3M,,,No aprobada,9.50,10.93,https://conectatech-ec.github.io/productos/cabl121-cable-de-impresora-usb-c-a-usb-a-3m/,pendiente_mejora,por verificar,selección automática,Original y producción visual pendientes; Verificar autenticidad de la unidad
CABL120,Cable DE Impresora Usb-c A Usb-b 1.5M,,,No aprobada,7.90,9.09,https://conectatech-ec.github.io/productos/cabl120-cable-de-impresora-usb-c-a-usb-b-1-5m/,pendiente_mejora,por verificar,selección automática,Original y producción visual pendientes; Verificar autenticidad de la unidad
CABL018,Cable DE Poder Blanco,,,No aprobada,5.00,5.75,https://conectatech-ec.github.io/productos/cabl018-cable-de-poder-blanco/,pendiente_mejora,por verificar,selección automática,Original y producción visual pendientes; Verificar autenticidad de la unidad
CABL163,Cable DE Poder Negro,,,No aprobada,3.25,3.74,https://conectatech-ec.github.io/productos/cabl163-cable-de-poder-negro/,pendiente_mejora,por verificar,selección automática,Original y producción visual pendientes; Verificar autenticidad de la unidad
CABL017,Cable DE Poder Tipo 8 DE 1.5M,,,No aprobada,3.50,4.03,https://conectatech-ec.github.io/productos/cabl017-cable-de-poder-tipo-8-de-1-5m/,pendiente_mejora,por verificar,selección automática,Original y producción visual pendientes; Verificar autenticidad de la unidad
CABL016,Cable DE Poder Tipo 8 DE 1M,,,No aprobada,3.00,3.45,https://conectatech-ec.github.io/productos/cabl016-cable-de-poder-tipo-8-de-1m/,pendiente_mejora,por verificar,selección automática,Original y producción visual pendientes; Verificar autenticidad de la unidad
CABL015,Cable DE Poder Trebol,,,No aprobada,3.50,4.03,https://conectatech-ec.github.io/productos/cabl015-cable-de-poder-trebol/,pendiente_mejora,por verificar,selección automática,Original y producción visual pendientes; Verificar autenticidad de la unidad
CABL164,Cable DE Poder Trebol Plano,,,No aprobada,3.90,4.49,https://conectatech-ec.github.io/productos/cabl164-cable-de-poder-trebol-plano/,pendiente_mejora,por verificar,selección automática,Original y producción visual pendientes; Verificar autenticidad de la unidad
CABL169,Cable DE RED 10M Monster CAT 6,,,No aprobada,13.19,15.17,https://conectatech-ec.github.io/productos/cabl169-cable-de-red-10m-monster-cat-6/,pendiente_mejora,por verificar,selección automática,Original y producción visual pendientes; Verificar autenticidad de la unidad
CABL130,Cable DE RED 15M PLH Color Azul CAT6E,,,No aprobada,10.35,11.90,https://conectatech-ec.github.io/productos/cabl130-cable-de-red-15m-plh-color-azul-cat6e/,pendiente_mejora,por verificar,selección automática,Original y producción visual pendientes; Verificar autenticidad de la unidad
CABL133,Cable DE RED 20M CAT 6E Cabo Series,,,No aprobada,15.35,17.65,https://conectatech-ec.github.io/productos/cabl133-cable-de-red-20m-cat-6e-cabo-series/,pendiente_mejora,por verificar,selección automática,Original y producción visual pendientes; Verificar autenticidad de la unidad
CABL146,Cable DE RED 25M Andowl,,,No aprobada,19.85,22.83,https://conectatech-ec.github.io/productos/cabl146-cable-de-red-25m-andowl/,pendiente_mejora,por verificar,selección automática,Original y producción visual pendientes; Verificar autenticidad de la unidad
CABL147,Cable DE RED 30M Andowl,,,No aprobada,22.34,25.69,https://conectatech-ec.github.io/productos/cabl147-cable-de-red-30m-andowl/,pendiente_mejora,por verificar,selección automática,Original y producción visual pendientes; Verificar autenticidad de la unidad
CABL167,Cable DE RED 3M Monster CAT6,,,No aprobada,7.13,8.20,https://conectatech-ec.github.io/productos/cabl167-cable-de-red-3m-monster-cat6/,pendiente_mejora,por verificar,selección automática,Original y producción visual pendientes; Verificar autenticidad de la unidad
CABL019,Cable DE RED 5M Azul CAT 5,,,No aprobada,4.00,4.60,https://conectatech-ec.github.io/productos/cabl019-cable-de-red-5m-azul-cat-5/,pendiente_mejora,por verificar,selección automática,Original y producción visual pendientes; Verificar autenticidad de la unidad
CABL126,Cable DE RED 5M CAT6 PLH,,,No aprobada,6.15,7.07,https://conectatech-ec.github.io/productos/cabl126-cable-de-red-5m-cat6-plh/,pendiente_mejora,por verificar,selección automática,Original y producción visual pendientes; Verificar autenticidad de la unidad
CABL168,Cable DE RED 5M Monster CAT 6,,,No aprobada,9.37,10.78,https://conectatech-ec.github.io/productos/cabl168-cable-de-red-5m-monster-cat-6/,pendiente_mejora,por verificar,selección automática,Original y producción visual pendientes; Verificar autenticidad de la unidad
CABL134,Cable DE RED DE 10M CAT 5 Cabo Series,,,No aprobada,7.00,8.05,https://conectatech-ec.github.io/productos/cabl134-cable-de-red-de-10m-cat-5-cabo-series/,pendiente_mejora,por verificar,selección automática,Original y producción visual pendientes; Verificar autenticidad de la unidad
CABL135,Cable DE RED DE 10M CAT 6 It-blue Cabo Series,,,No aprobada,9.50,10.93,https://conectatech-ec.github.io/productos/cabl135-cable-de-red-de-10m-cat-6-it-blue-cabo-series/,pendiente_mejora,por verificar,selección automática,Original y producción visual pendientes; Verificar autenticidad de la unidad
CABL082,Cable DE RED Gris CAT6 15M,,,No aprobada,8.35,9.60,https://conectatech-ec.github.io/productos/cabl082-cable-de-red-gris-cat6-15m/,pendiente_mejora,por verificar,selección automática,Original y producción visual pendientes; Verificar autenticidad de la unidad
CABL042,Cable DE RED HP CAT 5 C5E Color Gris C5E246060361,,,No aprobada,9.86,11.34,https://conectatech-ec.github.io/productos/cabl042-cable-de-red-hp-cat-5-c5e-color-gris-c5e246060361/,pendiente_mejora,por verificar,selección automática,Original y producción visual pendientes; Verificar autenticidad de la unidad
CABL039,Cable DE RED HP CAT 6 3M,,,No aprobada,11.99,13.79,https://conectatech-ec.github.io/productos/cabl039-cable-de-red-hp-cat-6-3m/,pendiente_mejora,por verificar,selección automática,Original y producción visual pendientes; Verificar autenticidad de la unidad
CABL041,Cable DE RED HP CAT 6 Morado CAT624508H353,,,No aprobada,11.50,13.23,https://conectatech-ec.github.io/productos/cabl041-cable-de-red-hp-cat-6-morado-cat624508h353/,pendiente_mejora,por verificar,selección automática,Original y producción visual pendientes; Verificar autenticidad de la unidad
CABL127,Cable Extension 3.5MM DE 3 Lineas,,,No aprobada,9.50,10.93,https://conectatech-ec.github.io/productos/cabl127-cable-extension-3-5mm-de-3-lineas/,pendiente_mejora,por verificar,selección automática,Original y producción visual pendientes; Verificar autenticidad de la unidad
CABL123,Cable Extension Auxiliar 1.5M,,,No aprobada,4.50,5.18,https://conectatech-ec.github.io/productos/cabl123-cable-extension-auxiliar-1-5m/,pendiente_mejora,por verificar,selección automática,Original y producción visual pendientes; Verificar autenticidad de la unidad
CABL124,Cable Extension Auxiliar 3M American Xtreme,,,No aprobada,6.90,7.94,https://conectatech-ec.github.io/productos/cabl124-cable-extension-auxiliar-3m-american-xtreme/,pendiente_mejora,por verificar,selección automática,Original y producción visual pendientes; Verificar autenticidad de la unidad
CABL115,Cable Extension Usb-a Macho A Usb-a Hembra Amplificada 8M,,,No aprobada,20.15,23.17,https://conectatech-ec.github.io/productos/cabl115-cable-extension-usb-a-macho-a-usb-a-hembra-amplificada-8m/,pendiente_mejora,por verificar,selección automática,Original y producción visual pendientes; Verificar autenticidad de la unidad
CABL076,Cable Hdmi 1.5M Orvesion AWX-1008A,,,No aprobada,6.50,7.48,https://conectatech-ec.github.io/productos/cabl076-cable-hdmi-1-5m-orvesion-awx-1008a/,pendiente_mejora,por verificar,selección automática,Original y producción visual pendientes; Verificar autenticidad de la unidad
CABL114,Cable Hdmi 20M,,,No aprobada,21.36,24.56,https://conectatech-ec.github.io/productos/cabl114-cable-hdmi-20m/,pendiente_mejora,por verificar,selección automática,Original y producción visual pendientes; Verificar autenticidad de la unidad
CABL144,Cable Hdmi 2M Orvesion Plano,,,No aprobada,8.90,10.24,https://conectatech-ec.github.io/productos/cabl144-cable-hdmi-2m-orvesion-plano/,pendiente_mejora,por verificar,selección automática,Original y producción visual pendientes; Verificar autenticidad de la unidad
CABL110,Cable Hdmi 3M Andowl 4K,,,No aprobada,11.99,13.79,https://conectatech-ec.github.io/productos/cabl110-cable-hdmi-3m-andowl-4k/,pendiente_mejora,por verificar,selección automática,Original y producción visual pendientes; Verificar autenticidad de la unidad
CABL111,Cable Hdmi 3M Orvesion 2K Y 4K,,,No aprobada,11.50,13.23,https://conectatech-ec.github.io/productos/cabl111-cable-hdmi-3m-orvesion-2k-y-4k/,pendiente_mejora,por verificar,selección automática,Original y producción visual pendientes; Verificar autenticidad de la unidad
CABL143,Cable Hdmi 3M Orvesion 8K,,,No aprobada,11.35,13.05,https://conectatech-ec.github.io/productos/cabl143-cable-hdmi-3m-orvesion-8k/,pendiente_mejora,por verificar,selección automática,Original y producción visual pendientes; Verificar autenticidad de la unidad
CABL142,Cable Hdmi 5M Orvesion 8K,,,No aprobada,13.50,15.53,https://conectatech-ec.github.io/productos/cabl142-cable-hdmi-5m-orvesion-8k/,pendiente_mejora,por verificar,selección automática,Original y producción visual pendientes; Verificar autenticidad de la unidad
CABL073,Cable Hdmi A DVI HP,,,No aprobada,13.00,14.95,https://conectatech-ec.github.io/productos/cabl073-cable-hdmi-a-dvi-hp/,pendiente_mejora,por verificar,selección automática,Original y producción visual pendientes; Verificar autenticidad de la unidad
CABL094,Cable Hdmi A Displayport 3M,,,No aprobada,18.25,20.99,https://conectatech-ec.github.io/productos/cabl094-cable-hdmi-a-displayport-3m/,pendiente_mejora,por verificar,selección automática,Original y producción visual pendientes; Verificar autenticidad de la unidad
CABL131,Cable Hdmi A Displayport 4K X 2K,,,No aprobada,12.90,14.84,https://conectatech-ec.github.io/productos/cabl131-cable-hdmi-a-displayport-4k-x-2k/,pendiente_mejora,por verificar,selección automática,Original y producción visual pendientes; Verificar autenticidad de la unidad
CABL125,Cable Hdmi A Displayport ENV 1.8M,,,No aprobada,22.00,25.30,https://conectatech-ec.github.io/productos/cabl125-cable-hdmi-a-displayport-env-1-8m/,pendiente_mejora,por verificar,selección automática,Original y producción visual pendientes; Verificar autenticidad de la unidad
CABL069,Cable Hdmi A VGA SGL,,,No aprobada,15.00,17.25,https://conectatech-ec.github.io/productos/cabl069-cable-hdmi-a-vga-sgl/,pendiente_mejora,por verificar,selección automática,Original y producción visual pendientes; Verificar autenticidad de la unidad
CABL138,Cable Hdmi Belkin 4K 18GBPS 2M,,,No aprobada,19.30,22.20,https://conectatech-ec.github.io/productos/cabl138-cable-hdmi-belkin-4k-18gbps-2m/,pendiente_mejora,por verificar,selección automática,Original y producción visual pendientes; Verificar autenticidad de la unidad
CABL092,Cable Hdmi Orvesion 3M Plano,,,No aprobada,10.01,11.51,https://conectatech-ec.github.io/productos/cabl092-cable-hdmi-orvesion-3m-plano/,pendiente_mejora,por verificar,selección automática,Original y producción visual pendientes; Verificar autenticidad de la unidad
CABL093,Cable Hdmi Orvesion 5M Plano,,,No aprobada,11.75,13.51,https://conectatech-ec.github.io/productos/cabl093-cable-hdmi-orvesion-5m-plano/,pendiente_mejora,por verificar,selección automática,Original y producción visual pendientes; Verificar autenticidad de la unidad
CABL024,Cable IIN ZII Micro-usb 2M 8821,,,No aprobada,6.50,7.48,https://conectatech-ec.github.io/productos/cabl024-cable-iin-zii-micro-usb-2m-8821/,pendiente_mejora,por verificar,selección automática,Original y producción visual pendientes; Verificar autenticidad de la unidad
CABL032,Cable IIN ZII Micro-usb C8901,,,No aprobada,4.00,4.60,https://conectatech-ec.github.io/productos/cabl032-cable-iin-zii-micro-usb-c8901/,pendiente_mejora,por verificar,selección automática,Original y producción visual pendientes; Verificar autenticidad de la unidad
CABL083,Cable IIN ZII Usb-a A Usb-c 8831 3M,,,No aprobada,8.30,9.55,https://conectatech-ec.github.io/productos/cabl083-cable-iin-zii-usb-a-a-usb-c-8831-3m/,pendiente_mejora,por verificar,selección automática,Original y producción visual pendientes; Verificar autenticidad de la unidad
CABL025,Cable IIN ZII Usb-c 1.20M 8822,,,No aprobada,5.90,6.79,https://conectatech-ec.github.io/productos/cabl025-cable-iin-zii-usb-c-1-20m-8822/,pendiente_mejora,por verificar,selección automática,Original y producción visual pendientes; Verificar autenticidad de la unidad
CABL026,Cable IIN ZII Usb-c 1M 8826,,,No aprobada,6.50,7.48,https://conectatech-ec.github.io/productos/cabl026-cable-iin-zii-usb-c-1m-8826/,pendiente_mejora,por verificar,selección automática,Original y producción visual pendientes; Verificar autenticidad de la unidad
CABL027,Cable IIN ZII Usb-c 1M 8827,,,No aprobada,6.90,7.94,https://conectatech-ec.github.io/productos/cabl027-cable-iin-zii-usb-c-1m-8827/,pendiente_mejora,por verificar,selección automática,Original y producción visual pendientes; Verificar autenticidad de la unidad
CABL074,Cable IPH Usb-a A Lightning 1M,,,No aprobada,8.25,9.49,https://conectatech-ec.github.io/productos/cabl074-cable-iph-usb-a-a-lightning-1m/,pendiente_mejora,por verificar,selección automática,Original y producción visual pendientes; Verificar autenticidad de la unidad
CABL068,Cable IPH Usb-c A Usb-c 1M 60W,,,No aprobada,13.50,15.53,https://conectatech-ec.github.io/productos/cabl068-cable-iph-usb-c-a-usb-c-1m-60w/,pendiente_mejora,por verificar,selección automática,Original y producción visual pendientes; Verificar autenticidad de la unidad
CABL004,Cable IPH Usb-c A Usb-c 2M,,,No aprobada,6.00,6.90,https://conectatech-ec.github.io/productos/cabl004-cable-iph-usb-c-a-usb-c-2m/,pendiente_mejora,por verificar,selección automática,Original y producción visual pendientes; Verificar autenticidad de la unidad
CABL005,Cable Lightning A Usb-a 2M,,,No aprobada,6.90,7.94,https://conectatech-ec.github.io/productos/cabl005-cable-lightning-a-usb-a-2m/,pendiente_mejora,por verificar,selección automática,Original y producción visual pendientes; Verificar autenticidad de la unidad
CABL063,Cable Mini Hdmi A Hdmi,,,No aprobada,11.01,12.66,https://conectatech-ec.github.io/productos/cabl063-cable-mini-hdmi-a-hdmi/,pendiente_mejora,por verificar,selección automática,Original y producción visual pendientes; Verificar autenticidad de la unidad
CABL096,Cable Mini Hdmi A Hdmi Century 3M,,,No aprobada,11.99,13.79,https://conectatech-ec.github.io/productos/cabl096-cable-mini-hdmi-a-hdmi-century-3m/,pendiente_mejora,por verificar,selección automática,Original y producción visual pendientes; Verificar autenticidad de la unidad
CABL044,Cable Multiple + Cargador Inalambrico Vidvie CB4026,,,No aprobada,23.00,26.45,https://conectatech-ec.github.io/productos/cabl044-cable-multiple-cargador-inalambrico-vidvie-cb4026/,pendiente_mejora,por verificar,selección automática,Original y producción visual pendientes; Verificar autenticidad de la unidad
CABL046,Cable Multiple 3 EN 1 120W 6A S219,,,No aprobada,14.90,17.14,https://conectatech-ec.github.io/productos/cabl046-cable-multiple-3-en-1-120w-6a-s219/,pendiente_mejora,por verificar,selección automática,Original y producción visual pendientes; Verificar autenticidad de la unidad
CABL045,Cable Multiple 3 EN 1 Super Charging,,,No aprobada,10.01,11.51,https://conectatech-ec.github.io/productos/cabl045-cable-multiple-3-en-1-super-charging/,pendiente_mejora,por verificar,selección automática,Original y producción visual pendientes; Verificar autenticidad de la unidad
CABL159,Cable Multiple 4 EN 1 65W/27W,,,No aprobada,11.85,13.63,https://conectatech-ec.github.io/productos/cabl159-cable-multiple-4-en-1-65w-27w/,pendiente_mejora,por verificar,selección automática,Original y producción visual pendientes; Verificar autenticidad de la unidad
CABL158,Cable Para Rasuradora 5V 1.5M EDN,,,No aprobada,3.25,3.74,https://conectatech-ec.github.io/productos/cabl158-cable-para-rasuradora-5v-1-5m-edn/,pendiente_mejora,por verificar,selección automática,Original y producción visual pendientes; Verificar autenticidad de la unidad
CABL165,Cable Para Rasuradora Corriente Directa,,,No aprobada,2.90,3.34,https://conectatech-ec.github.io/productos/cabl165-cable-para-rasuradora-corriente-directa/,pendiente_mejora,por verificar,selección automática,Original y producción visual pendientes; Verificar autenticidad de la unidad
CABL037,Cable Samsung Usb-c A Usb-c 5A 1.8M,,,No aprobada,9.50,10.93,https://conectatech-ec.github.io/productos/cabl037-cable-samsung-usb-c-a-usb-c-5a-1-8m/,pendiente_mejora,por verificar,selección automática,Original y producción visual pendientes; Verificar autenticidad de la unidad
CABL033,Cable Stark Usb-c A Usb-c LC121C,,,No aprobada,6.00,6.90,https://conectatech-ec.github.io/productos/cabl033-cable-stark-usb-c-a-usb-c-lc121c/,pendiente_mejora,por verificar,selección automática,Original y producción visual pendientes; Verificar autenticidad de la unidad
CABL122,Cable Usb-a A Hdmi,,,No aprobada,12.90,14.84,https://conectatech-ec.github.io/productos/cabl122-cable-usb-a-a-hdmi/,pendiente_mejora,por verificar,selección automática,Original y producción visual pendientes; Verificar autenticidad de la unidad
CABL089,Cable Usb-a A Lightning Baten CB-102,,,No aprobada,5.00,5.75,https://conectatech-ec.github.io/productos/cabl089-cable-usb-a-a-lightning-baten-cb-102/,pendiente_mejora,por verificar,selección automática,Original y producción visual pendientes; Verificar autenticidad de la unidad
CABL099,Cable Usb-a A Lightning Earldom 1M Negro,,,No aprobada,6.00,6.90,https://conectatech-ec.github.io/productos/cabl099-cable-usb-a-a-lightning-earldom-1m-negro/,pendiente_mejora,por verificar,selección automática,Original y producción visual pendientes; Verificar autenticidad de la unidad
CABL075,Cable Usb-a A Mini-usb V3 1M Negro,,,No aprobada,3.15,3.62,https://conectatech-ec.github.io/productos/cabl075-cable-usb-a-a-mini-usb-v3-1m-negro/,pendiente_mejora,por verificar,selección automática,Original y producción visual pendientes; Verificar autenticidad de la unidad
CABL071,Cable Usb-a A Mini-usb V3 2M Azul,,,No aprobada,3.50,4.03,https://conectatech-ec.github.io/productos/cabl071-cable-usb-a-a-mini-usb-v3-2m-azul/,pendiente_mejora,por verificar,selección automática,Original y producción visual pendientes; Verificar autenticidad de la unidad
CABL048,Cable Usb-a A Usb-a Macho A Macho,,,No aprobada,3.25,3.74,https://conectatech-ec.github.io/productos/cabl048-cable-usb-a-a-usb-a-macho-a-macho/,pendiente_mejora,por verificar,selección automática,Original y producción visual pendientes; Verificar autenticidad de la unidad
CABL085,Cable Usb-a A Usb-c 2M 8A Braided CB85,,,No aprobada,8.50,9.78,https://conectatech-ec.github.io/productos/cabl085-cable-usb-a-a-usb-c-2m-8a-braided-cb85/,pendiente_mejora,por verificar,selección automática,Original y producción visual pendientes; Verificar autenticidad de la unidad
CABL137,Cable Usb-a A Usb-c 3M Klipxtreme Powergo 050 KAC-050-10FT,,,No aprobada,11.35,13.05,https://conectatech-ec.github.io/productos/cabl137-cable-usb-a-a-usb-c-3m-klipxtreme-powergo-050-kac-050-10ft/,pendiente_mejora,por verificar,selección automática,Original y producción visual pendientes; Verificar autenticidad de la unidad
CABL145,Cable Usb-a A Usb-c 3M Treqa,,,No aprobada,9.86,11.34,https://conectatech-ec.github.io/productos/cabl145-cable-usb-a-a-usb-c-3m-treqa/,pendiente_mejora,por verificar,selección automática,Original y producción visual pendientes; Verificar autenticidad de la unidad
CABL136,Cable Usb-a A Usb-c Klipxtreme 1M 30W Powergo 050,,,No aprobada,8.35,9.60,https://conectatech-ec.github.io/productos/cabl136-cable-usb-a-a-usb-c-klipxtreme-1m-30w-powergo-050/,pendiente_mejora,por verificar,selección automática,Original y producción visual pendientes; Verificar autenticidad de la unidad
CABL162,Cable Usb-c A 3.5MM Earldom AC01,,,No aprobada,10.45,12.02,https://conectatech-ec.github.io/productos/cabl162-cable-usb-c-a-3-5mm-earldom-ac01/,pendiente_mejora,por verificar,selección automática,Original y producción visual pendientes; Verificar autenticidad de la unidad
CABL129,Cable Usb-c A Displayport,,,No aprobada,19.85,22.83,https://conectatech-ec.github.io/productos/cabl129-cable-usb-c-a-displayport/,pendiente_mejora,por verificar,selección automática,Original y producción visual pendientes; Verificar autenticidad de la unidad
CABL128,Cable Usb-c A Hdmi 2M Andowl,,,No aprobada,23.90,27.49,https://conectatech-ec.github.io/productos/cabl128-cable-usb-c-a-hdmi-2m-andowl/,pendiente_mejora,por verificar,selección automática,Original y producción visual pendientes; Verificar autenticidad de la unidad
CABL030,Cable Usb-c A Lightning 2M,,,No aprobada,9.00,10.35,https://conectatech-ec.github.io/productos/cabl030-cable-usb-c-a-lightning-2m/,pendiente_mejora,por verificar,selección automática,Original y producción visual pendientes; Verificar autenticidad de la unidad
CABL166,Cable Usb-c A Lightning VER.2,,,No aprobada,12.45,14.32,https://conectatech-ec.github.io/productos/cabl166-cable-usb-c-a-lightning-ver-2/,pendiente_mejora,por verificar,selección automática,Original y producción visual pendientes; Verificar autenticidad de la unidad
CABL097,Cable Usb-c A Usb-c + Adaptador Usb-c Hembra A Lightning,,,No aprobada,6.85,7.88,https://conectatech-ec.github.io/productos/cabl097-cable-usb-c-a-usb-c-adaptador-usb-c-hembra-a-lightning/,pendiente_mejora,por verificar,selección automática,Original y producción visual pendientes; Verificar autenticidad de la unidad
CABL035,Cable Usb-c A Usb-c 2M Monster Power Flex,,,No aprobada,7.50,8.63,https://conectatech-ec.github.io/productos/cabl035-cable-usb-c-a-usb-c-2m-monster-power-flex/,pendiente_mejora,por verificar,selección automática,Original y producción visual pendientes; Verificar autenticidad de la unidad
CABL141,Cable Usb-c A Usb-c 60W Color Naranja,,,No aprobada,12.60,14.49,https://conectatech-ec.github.io/productos/cabl141-cable-usb-c-a-usb-c-60w-color-naranja/,pendiente_mejora,por verificar,selección automática,Original y producción visual pendientes; Verificar autenticidad de la unidad
CABL009,Cable Usb-c A Usb-c Gerlax GD-46T,,,No aprobada,11.99,13.79,https://conectatech-ec.github.io/productos/cabl009-cable-usb-c-a-usb-c-gerlax-gd-46t/,pendiente_mejora,por verificar,selección automática,Original y producción visual pendientes; Verificar autenticidad de la unidad
CABL108,Cable Usb-c A Usb-c Klipxtreme 1.8M 100W,,,No aprobada,14.35,16.50,https://conectatech-ec.github.io/productos/cabl108-cable-usb-c-a-usb-c-klipxtreme-1-8m-100w/,pendiente_mejora,por verificar,selección automática,Original y producción visual pendientes; Verificar autenticidad de la unidad
CABL107,Cable Usb-c A Usb-c Klipxtreme 1.8M 240W,,,No aprobada,18.15,20.87,https://conectatech-ec.github.io/productos/cabl107-cable-usb-c-a-usb-c-klipxtreme-1-8m-240w/,pendiente_mejora,por verificar,selección automática,Original y producción visual pendientes; Verificar autenticidad de la unidad
CABL103,Cable Usb-c A Usb-c Klipxtreme 1.8M 60W,,,No aprobada,13.10,15.07,https://conectatech-ec.github.io/productos/cabl103-cable-usb-c-a-usb-c-klipxtreme-1-8m-60w/,pendiente_mejora,por verificar,selección automática,Original y producción visual pendientes; Verificar autenticidad de la unidad
CABL105,Cable Usb-c A Usb-c Klipxtreme 3M 100W,,,No aprobada,15.85,18.23,https://conectatech-ec.github.io/productos/cabl105-cable-usb-c-a-usb-c-klipxtreme-3m-100w/,pendiente_mejora,por verificar,selección automática,Original y producción visual pendientes; Verificar autenticidad de la unidad
CABL106,Cable Usb-c A Usb-c Klipxtreme 3M 240W,,,No aprobada,19.30,22.20,https://conectatech-ec.github.io/productos/cabl106-cable-usb-c-a-usb-c-klipxtreme-3m-240w/,pendiente_mejora,por verificar,selección automática,Original y producción visual pendientes; Verificar autenticidad de la unidad
CABL104,Cable Usb-c A Usb-c Klipxtreme 3M 60W,,,No aprobada,13.90,15.99,https://conectatech-ec.github.io/productos/cabl104-cable-usb-c-a-usb-c-klipxtreme-3m-60w/,pendiente_mejora,por verificar,selección automática,Original y producción visual pendientes; Verificar autenticidad de la unidad
CABL084,Cable Usb-c A Usb-c Samsung 1.8M 5A,,,No aprobada,8.50,9.78,https://conectatech-ec.github.io/productos/cabl084-cable-usb-c-a-usb-c-samsung-1-8m-5a/,pendiente_mejora,por verificar,selección automática,Original y producción visual pendientes; Verificar autenticidad de la unidad
CABL052,Cable VGA 1.5M,,,No aprobada,4.50,5.18,https://conectatech-ec.github.io/productos/cabl052-cable-vga-1-5m/,pendiente_mejora,por verificar,selección automática,Original y producción visual pendientes; Verificar autenticidad de la unidad
CABL101,Cable Ven-dens 60W RGB CON LUZ Modelo VD-DCF05,,,No aprobada,13.90,15.99,https://conectatech-ec.github.io/productos/cabl101-cable-ven-dens-60w-rgb-con-luz-modelo-vd-dcf05/,pendiente_mejora,por verificar,selección automática,Original y producción visual pendientes; Verificar autenticidad de la unidad
CABL088,Cable XLR Macho A XLR Hembra Canon,,,No aprobada,10.01,11.51,https://conectatech-ec.github.io/productos/cabl088-cable-xlr-macho-a-xlr-hembra-canon/,pendiente_mejora,por verificar,selección automática,Original y producción visual pendientes; Verificar autenticidad de la unidad
CALC003,Calculadora CON PAD DE Escritura,,,No aprobada,19.00,21.85,https://conectatech-ec.github.io/productos/calc003-calculadora-con-pad-de-escritura/,pendiente_mejora,por verificar,selección automática,Original y producción visual pendientes; Verificar autenticidad de la unidad
CALC002,Calculadora Casio HL-815L,,,No aprobada,9.90,11.39,https://conectatech-ec.github.io/productos/calc002-calculadora-casio-hl-815l/,pendiente_mejora,por verificar,selección automática,Original y producción visual pendientes; Verificar autenticidad de la unidad
CALC001,Calculadora Casio MX-8B,,,No aprobada,13.25,15.24,https://conectatech-ec.github.io/productos/calc001-calculadora-casio-mx-8b/,pendiente_mejora,por verificar,selección automática,Original y producción visual pendientes; Verificar autenticidad de la unidad
CAMA003,Camara DE Seguridad BW300 Xiaomi,,,No aprobada,73.90,84.99,https://conectatech-ec.github.io/productos/cama003-camara-de-seguridad-bw300-xiaomi/,pendiente_mejora,por verificar,selección automática,Original y producción visual pendientes; Verificar autenticidad de la unidad
CAMA002,Camara DE Seguridad HD Tipo Foco,,,No aprobada,26.85,30.88,https://conectatech-ec.github.io/productos/cama002-camara-de-seguridad-hd-tipo-foco/,pendiente_mejora,por verificar,selección automática,Original y producción visual pendientes; Verificar autenticidad de la unidad
CAMA001,Camara DE Seguridad Mini Webcam HD,,,No aprobada,18.00,20.70,https://conectatech-ec.github.io/productos/cama001-camara-de-seguridad-mini-webcam-hd/,pendiente_mejora,por verificar,selección automática,Original y producción visual pendientes; Verificar autenticidad de la unidad
CAMA007,Camara DE Seguridad Nexxt Indoor 2K,,,No aprobada,29.85,34.33,https://conectatech-ec.github.io/productos/cama007-camara-de-seguridad-nexxt-indoor-2k/,pendiente_mejora,por verificar,selección automática,Original y producción visual pendientes; Verificar autenticidad de la unidad
CAMA008,Camara DE Seguridad TP Link Tapo Full HD 1080,,,No aprobada,36.70,42.21,https://conectatech-ec.github.io/productos/cama008-camara-de-seguridad-tp-link-tapo-full-hd-1080/,pendiente_mejora,por verificar,selección automática,Original y producción visual pendientes; Verificar autenticidad de la unidad
CAMA009,Camara DE Seguridad Vigi BY TP Link Outdoor Fullcolor Easycam C320,,,No aprobada,29.15,33.52,https://conectatech-ec.github.io/productos/cama009-camara-de-seguridad-vigi-by-tp-link-outdoor-fullcolor-easycam-c320/,pendiente_mejora,por verificar,selección automática,Original y producción visual pendientes; Verificar autenticidad de la unidad
CAMA005,Camara DE Seguridad Xiaomi C301 Para Interiores,,,No aprobada,59.85,68.83,https://conectatech-ec.github.io/productos/cama005-camara-de-seguridad-xiaomi-c301-para-interiores/,pendiente_mejora,por verificar,selección automática,Original y producción visual pendientes; Verificar autenticidad de la unidad
CAMA010,Camara Para Vehiculo Dashcam Andowl,,,No aprobada,34.16,39.28,https://conectatech-ec.github.io/productos/cama010-camara-para-vehiculo-dashcam-andowl/,pendiente_mejora,por verificar,selección automática,Original y producción visual pendientes; Verificar autenticidad de la unidad
CAND001,Candado Para Laptop Blot C Klip Xtreme,,,No aprobada,14.90,17.14,https://conectatech-ec.github.io/productos/cand001-candado-para-laptop-blot-c-klip-xtreme/,pendiente_mejora,por verificar,selección automática,Original y producción visual pendientes; Verificar autenticidad de la unidad
CAPT002,Capturadora DE Video Usb-a A Audio Y Video AV,,,No aprobada,18.15,20.87,https://conectatech-ec.github.io/productos/capt002-capturadora-de-video-usb-a-a-audio-y-video-av/,pendiente_mejora,por verificar,selección automática,Original y producción visual pendientes; Verificar autenticidad de la unidad
CARG036,Cargador 120W XIA GAN Charger SET,,,No aprobada,19.85,22.83,https://conectatech-ec.github.io/productos/carg036-cargador-120w-xia-gan-charger-set/,pendiente_mejora,por verificar,selección automática,Original y producción visual pendientes; Verificar autenticidad de la unidad
CARG040,Cargador 120W XIA Usb-c + Usb-c + Usb-a,,,No aprobada,24.90,28.64,https://conectatech-ec.github.io/productos/carg040-cargador-120w-xia-usb-c-usb-c-usb-a/,pendiente_mejora,por verificar,selección automática,Original y producción visual pendientes; Verificar autenticidad de la unidad
CARG053,Cargador 30W Usb-c CON Cable 1HORA,,,No aprobada,13.85,15.93,https://conectatech-ec.github.io/productos/carg053-cargador-30w-usb-c-con-cable-1hora/,pendiente_mejora,por verificar,selección automática,Original y producción visual pendientes; Verificar autenticidad de la unidad
CARG010,Cargador 45W SAM CON Cable Usb-c A Usb-c,,,No aprobada,18.00,20.70,https://conectatech-ec.github.io/productos/carg010-cargador-45w-sam-con-cable-usb-c-a-usb-c/,pendiente_mejora,por verificar,selección automática,Original y producción visual pendientes; Verificar autenticidad de la unidad
CARG015,Cargador 65W Power Trio SAM,,,No aprobada,25.00,28.75,https://conectatech-ec.github.io/productos/carg015-cargador-65w-power-trio-sam/,pendiente_mejora,por verificar,selección automática,Original y producción visual pendientes; Verificar autenticidad de la unidad
CARG054,Cargador 65W Usb-c + Usb-c + Usb-a 1HORA,,,No aprobada,32.00,36.80,https://conectatech-ec.github.io/productos/carg054-cargador-65w-usb-c-usb-c-usb-a-1hora/,pendiente_mejora,por verificar,selección automática,Original y producción visual pendientes; Verificar autenticidad de la unidad
CARG055,Cargador 65W Usb-c + Usb-c Doble 1HORA Plano,,,No aprobada,34.99,40.24,https://conectatech-ec.github.io/productos/carg055-cargador-65w-usb-c-usb-c-doble-1hora-plano/,pendiente_mejora,por verificar,selección automática,Original y producción visual pendientes; Verificar autenticidad de la unidad
CARG016,Cargador BATEN CX-305 PD 25 W con cable USB-C,imagenes/carg016/original-a03603a64b6ef585.jpg; imagenes/carg016/original-281a4fd26421849e.jpg,/imagenes/carg016/CARG016-01.webp,"1200x1200 WebP; sin ampliación; fuente [1000, 1167]; 124662 bytes",14.00,16.10,https://conectatech-ec.github.io/productos/carg016-cargador-baten-25w-cx-305/,publicado_verificado,por verificar,sin caja,Verificar autenticidad de la unidad
CARG033,Cargador IIN ZII C536 CON Cable Usb-c,,,No aprobada,11.75,13.51,https://conectatech-ec.github.io/productos/carg033-cargador-iin-zii-c536-con-cable-usb-c/,pendiente_mejora,por verificar,selección automática,Original y producción visual pendientes; Verificar autenticidad de la unidad
CARG028,Cargador IPH 14PM 20W Usb-c A Lightning,,,No aprobada,14.90,17.14,https://conectatech-ec.github.io/productos/carg028-cargador-iph-14pm-20w-usb-c-a-lightning/,pendiente_mejora,por verificar,selección automática,Original y producción visual pendientes; Verificar autenticidad de la unidad
CARG048,Cargador IPH 16PH 35W Usb-c A Usb-c,,,No aprobada,22.00,25.30,https://conectatech-ec.github.io/productos/carg048-cargador-iph-16ph-35w-usb-c-a-usb-c/,pendiente_mejora,por verificar,selección automática,Original y producción visual pendientes; Verificar autenticidad de la unidad
CARG049,Cargador IPH 17PM 40W,,,No aprobada,28.00,32.20,https://conectatech-ec.github.io/productos/carg049-cargador-iph-17pm-40w/,pendiente_mejora,por verificar,selección automática,Original y producción visual pendientes; Verificar autenticidad de la unidad
CARG034,Cargador IPH 25W 15PM Usb-c A Usb-c,,,No aprobada,18.50,21.28,https://conectatech-ec.github.io/productos/carg034-cargador-iph-25w-15pm-usb-c-a-usb-c/,pendiente_mejora,por verificar,selección automática,Original y producción visual pendientes; Verificar autenticidad de la unidad
CARG001,Cargador IPH 35W Doble Conector Usb-c + Usb-c Y Cable Usb-c A Lightning,,,No aprobada,25.00,28.75,https://conectatech-ec.github.io/productos/carg001-cargador-iph-35w-doble-conector-usb-c-usb-c-y-cable-usb-c-a-lightning/,pendiente_mejora,por verificar,selección automática,Original y producción visual pendientes; Verificar autenticidad de la unidad
CARG046,Cargador IPH 50W Usb-c + Usb-c,,,No aprobada,25.00,28.75,https://conectatech-ec.github.io/productos/carg046-cargador-iph-50w-usb-c-usb-c/,pendiente_mejora,por verificar,selección automática,Original y producción visual pendientes; Verificar autenticidad de la unidad
CARG004,Cargador Inalambrico DE Mesa RCA Stand,,,No aprobada,14.90,17.14,https://conectatech-ec.github.io/productos/carg004-cargador-inalambrico-de-mesa-rca-stand/,pendiente_mejora,por verificar,selección automática,Original y producción visual pendientes; Verificar autenticidad de la unidad
CARG056,Cargador Micro-usb Realme CON Cable Incorporado V8,,,No aprobada,5.00,5.75,https://conectatech-ec.github.io/productos/carg056-cargador-micro-usb-realme-con-cable-incorporado-v8/,pendiente_mejora,por verificar,selección automática,Original y producción visual pendientes; Verificar autenticidad de la unidad
CARG057,Cargador Micro-usb V8 XIA,,,No aprobada,6.90,7.94,https://conectatech-ec.github.io/productos/carg057-cargador-micro-usb-v8-xia/,pendiente_mejora,por verificar,selección automática,Original y producción visual pendientes; Verificar autenticidad de la unidad
CARG006,Cargador Multiple Marca EVL Para AA + AAA + 9V AD-517,,,No aprobada,13.00,14.95,https://conectatech-ec.github.io/productos/carg006-cargador-multiple-marca-evl-para-aa-aaa-9v-ad-517/,pendiente_mejora,por verificar,selección automática,Original y producción visual pendientes; Verificar autenticidad de la unidad
CARG063,Cargador PRO 40 4G + 67W,,,No aprobada,23.00,26.45,https://conectatech-ec.github.io/productos/carg063-cargador-pro-40-4g-67w/,pendiente_mejora,por verificar,selección automática,Original y producción visual pendientes; Verificar autenticidad de la unidad
CARG007,Cargador Para AA + AAA Incluye AAA JB-212 Jiabao,,,No aprobada,11.99,13.79,https://conectatech-ec.github.io/productos/carg007-cargador-para-aa-aaa-incluye-aaa-jb-212-jiabao/,pendiente_mejora,por verificar,selección automática,Original y producción visual pendientes; Verificar autenticidad de la unidad
CARG058,Cargador Para MAC Magsafe 2 85W,,,No aprobada,43.00,49.45,https://conectatech-ec.github.io/productos/carg058-cargador-para-mac-magsafe-2-85w/,pendiente_mejora,por verificar,selección automática,Original y producción visual pendientes; Verificar autenticidad de la unidad
CARG059,Cargador Para MAC Usb-c 96W,,,No aprobada,52.90,60.84,https://conectatech-ec.github.io/productos/carg059-cargador-para-mac-usb-c-96w/,pendiente_mejora,por verificar,selección automática,Original y producción visual pendientes; Verificar autenticidad de la unidad
CARG050,Cargador para carro Klip Xtreme PowerCar 60 · 60 W,imagenes/carg050/original-2198e76769db1a1e.png,/imagenes/carg050/CARG050-01.webp,"1200x1200 WebP; sin ampliación; fuente [1254, 1254]; 87438 bytes",17.30,19.90,https://conectatech-ec.github.io/productos/carg050-cargador-para-vehiculo-60w-klipxtreme-powercar-060/,publicado_verificado,por verificar,con caja,Verificar autenticidad de la unidad
CARG045,Cargador Para Vehiculo Baten 38W BT-C42 Usb-c + Usb-a,,,No aprobada,22.00,25.30,https://conectatech-ec.github.io/productos/carg045-cargador-para-vehiculo-baten-38w-bt-c42-usb-c-usb-a/,pendiente_mejora,por verificar,selección automática,Original y producción visual pendientes; Verificar autenticidad de la unidad
CARG064,Cargador Para Vehiculo Belkin 42W,,,No aprobada,33.20,38.18,https://conectatech-ec.github.io/productos/carg064-cargador-para-vehiculo-belkin-42w/,pendiente_mejora,por verificar,selección automática,Original y producción visual pendientes; Verificar autenticidad de la unidad
CARG025,Cargador Para Vehiculo Earldom ES-123 Usb-a Doble,,,No aprobada,11.99,13.79,https://conectatech-ec.github.io/productos/carg025-cargador-para-vehiculo-earldom-es-123-usb-a-doble/,pendiente_mejora,por verificar,selección automática,Original y producción visual pendientes; Verificar autenticidad de la unidad
CARG035,Cargador Para Vehiculo IIN ZII IZ-C221 Usb-a Doble,,,No aprobada,8.50,9.78,https://conectatech-ec.github.io/productos/carg035-cargador-para-vehiculo-iin-zii-iz-c221-usb-a-doble/,pendiente_mejora,por verificar,selección automática,Original y producción visual pendientes; Verificar autenticidad de la unidad
CARG041,Cargador Para Vehiculo Ldnio 30W C105 Usb-a + Cable Usb-c,,,No aprobada,13.90,15.99,https://conectatech-ec.github.io/productos/carg041-cargador-para-vehiculo-ldnio-30w-c105-usb-a-cable-usb-c/,pendiente_mejora,por verificar,selección automática,Original y producción visual pendientes; Verificar autenticidad de la unidad
CARG042,Cargador Para Vehiculo Ldnio 60W C104 Usb-c Doble + Cable Usb-c A Usb-c,,,No aprobada,19.00,21.85,https://conectatech-ec.github.io/productos/carg042-cargador-para-vehiculo-ldnio-60w-c104-usb-c-doble-cable-usb-c-a-usb-c/,pendiente_mejora,por verificar,selección automática,Original y producción visual pendientes; Verificar autenticidad de la unidad
CARG014,Cargador Para Vehiculo Marca Monster 38W Usb-c + Usb-a,,,No aprobada,18.00,20.70,https://conectatech-ec.github.io/productos/carg014-cargador-para-vehiculo-marca-monster-38w-usb-c-usb-a/,pendiente_mejora,por verificar,selección automática,Original y producción visual pendientes; Verificar autenticidad de la unidad
CARG039,Cargador Para Vehiculo Multiple 4 EN 1,,,No aprobada,24.35,28.00,https://conectatech-ec.github.io/productos/carg039-cargador-para-vehiculo-multiple-4-en-1/,pendiente_mejora,por verificar,selección automática,Original y producción visual pendientes; Verificar autenticidad de la unidad
CARG051,Cargador Para Vehiculo Multiple CON Extension Powercar 100W Klipxtreme,,,No aprobada,28.70,33.01,https://conectatech-ec.github.io/productos/carg051-cargador-para-vehiculo-multiple-con-extension-powercar-100w-klipxtreme/,pendiente_mejora,por verificar,selección automática,Original y producción visual pendientes; Verificar autenticidad de la unidad
CARG019,Cargador Para Vehiculo ONE Must OM-CA03,,,No aprobada,15.00,17.25,https://conectatech-ec.github.io/productos/carg019-cargador-para-vehiculo-one-must-om-ca03/,pendiente_mejora,por verificar,selección automática,Original y producción visual pendientes; Verificar autenticidad de la unidad
CARG070,Cargador Para Vehiculo Powercar 140 Klipxtreme,,,No aprobada,36.90,42.44,https://conectatech-ec.github.io/productos/carg070-cargador-para-vehiculo-powercar-140-klipxtreme/,pendiente_mejora,por verificar,selección automática,Original y producción visual pendientes; Verificar autenticidad de la unidad
CARG047,Cargador Para Vehiculo SGS Modelo CC10,,,No aprobada,16.00,18.40,https://conectatech-ec.github.io/productos/carg047-cargador-para-vehiculo-sgs-modelo-cc10/,pendiente_mejora,por verificar,selección automática,Original y producción visual pendientes; Verificar autenticidad de la unidad
CARG065,Cargador Para Vehiculo Ugreen 52.5W,,,No aprobada,29.20,33.58,https://conectatech-ec.github.io/productos/carg065-cargador-para-vehiculo-ugreen-52-5w/,pendiente_mejora,por verificar,selección automática,Original y producción visual pendientes; Verificar autenticidad de la unidad
CARG068,Cargador Samsung Cubo 45W + Cable Usb-c A Usb-c,,,No aprobada,34.99,40.24,https://conectatech-ec.github.io/productos/carg068-cargador-samsung-cubo-45w-cable-usb-c-a-usb-c/,pendiente_mejora,por verificar,selección automática,Original y producción visual pendientes; Verificar autenticidad de la unidad
CARG038,Cargador Turbopower Moto,,,No aprobada,13.75,15.81,https://conectatech-ec.github.io/productos/carg038-cargador-turbopower-moto/,pendiente_mejora,por verificar,selección automática,Original y producción visual pendientes; Verificar autenticidad de la unidad
CARG062,Cargador Universal Para Laptop 65W,,,No aprobada,35.90,41.29,https://conectatech-ec.github.io/productos/carg062-cargador-universal-para-laptop-65w/,pendiente_mejora,por verificar,selección automática,Original y producción visual pendientes; Verificar autenticidad de la unidad
CARG044,Cargador Voltrax 30W Usb-c + Cable,,,No aprobada,16.50,18.98,https://conectatech-ec.github.io/productos/carg044-cargador-voltrax-30w-usb-c-cable/,pendiente_mejora,por verificar,selección automática,Original y producción visual pendientes; Verificar autenticidad de la unidad
CHIP004,Chip Simcard CNT,,,No aprobada,5.00,5.75,https://conectatech-ec.github.io/productos/chip004-chip-simcard-cnt/,pendiente_mejora,por verificar,selección automática,Original y producción visual pendientes; Verificar autenticidad de la unidad
CHIP001,Chip Simcard Claro,,,No aprobada,5.00,5.75,https://conectatech-ec.github.io/productos/chip001-chip-simcard-claro/,pendiente_mejora,por verificar,selección automática,Original y producción visual pendientes; Verificar autenticidad de la unidad
CHIP002,Chip Simcard Movistar,,,No aprobada,5.00,5.75,https://conectatech-ec.github.io/productos/chip002-chip-simcard-movistar/,pendiente_mejora,por verificar,selección automática,Original y producción visual pendientes; Verificar autenticidad de la unidad
CHIP003,Chip Simcard Tuenti,,,No aprobada,5.00,5.75,https://conectatech-ec.github.io/productos/chip003-chip-simcard-tuenti/,pendiente_mejora,por verificar,selección automática,Original y producción visual pendientes; Verificar autenticidad de la unidad
COBE006,Cobertor - Estuche Airpods PRO 2 Floreados,,,No aprobada,10.01,11.51,https://conectatech-ec.github.io/productos/cobe006-cobertor-estuche-airpods-pro-2-floreados/,pendiente_mejora,por verificar,selección automática,Original y producción visual pendientes; Verificar autenticidad de la unidad
COBE002,Cobertor - Estuche Airpods PRO 2 Mickey,,,No aprobada,14.35,16.50,https://conectatech-ec.github.io/productos/cobe002-cobertor-estuche-airpods-pro-2-mickey/,pendiente_mejora,por verificar,selección automática,Original y producción visual pendientes; Verificar autenticidad de la unidad
COBE009,Cobertor - Estuche Airpods PRO 2 Spigen,,,No aprobada,10.01,11.51,https://conectatech-ec.github.io/productos/cobe009-cobertor-estuche-airpods-pro-2-spigen/,pendiente_mejora,por verificar,selección automática,Original y producción visual pendientes; Verificar autenticidad de la unidad
COBE007,Cobertor - Estuche Para Airpods Blister Varios Colores,,,No aprobada,10.01,11.51,https://conectatech-ec.github.io/productos/cobe007-cobertor-estuche-para-airpods-blister-varios-colores/,pendiente_mejora,por verificar,selección automática,Original y producción visual pendientes; Verificar autenticidad de la unidad
COBE001,Cobertor - Estuche Para Cargadores Varios Modelos,,,No aprobada,6.50,7.48,https://conectatech-ec.github.io/productos/cobe001-cobertor-estuche-para-cargadores-varios-modelos/,pendiente_mejora,por verificar,selección automática,Original y producción visual pendientes; Verificar autenticidad de la unidad
CORR007,Correa Para Reloj Smarwatch Varios Modelos - Colores,,,No aprobada,10.01,11.51,https://conectatech-ec.github.io/productos/corr007-correa-para-reloj-smarwatch-varios-modelos-colores/,pendiente_mejora,por verificar,selección automática,Original y producción visual pendientes; Verificar autenticidad de la unidad
CORT01,Cortapicos Ldnio Multienchufes 6 Puertos Usb-a CS3604,,,No aprobada,23.90,27.49,https://conectatech-ec.github.io/productos/cort01-cortapicos-ldnio-multienchufes-6-puertos-usb-a-cs3604/,pendiente_mejora,por verificar,selección automática,Original y producción visual pendientes; Verificar autenticidad de la unidad
CORT03,Cortapicos Modelo K37 Power Socket,,,No aprobada,17.00,19.55,https://conectatech-ec.github.io/productos/cort03-cortapicos-modelo-k37-power-socket/,pendiente_mejora,por verificar,selección automática,Original y producción visual pendientes; Verificar autenticidad de la unidad
CORT04,Cortapicos Power Socket Usb-c X2 + Usb-a X2,,,No aprobada,11.35,13.05,https://conectatech-ec.github.io/productos/cort04-cortapicos-power-socket-usb-c-x2-usb-a-x2/,pendiente_mejora,por verificar,selección automática,Original y producción visual pendientes; Verificar autenticidad de la unidad
CORT06,Cortapicos Regleta Negra Megastar,,,No aprobada,9.86,11.34,https://conectatech-ec.github.io/productos/cort06-cortapicos-regleta-negra-megastar/,pendiente_mejora,por verificar,selección automática,Original y producción visual pendientes; Verificar autenticidad de la unidad
CUBO021,Cubo 40W Usb-c,,,No aprobada,20.00,23.00,https://conectatech-ec.github.io/productos/cubo021-cubo-40w-usb-c/,pendiente_mejora,por verificar,selección automática,Original y producción visual pendientes; Verificar autenticidad de la unidad
CUBO018,Cubo Cargador 20W Monster Usbc + Usb-a,,,No aprobada,11.72,13.48,https://conectatech-ec.github.io/productos/cubo018-cubo-cargador-20w-monster-usbc-usb-a/,pendiente_mejora,por verificar,selección automática,Original y producción visual pendientes; Verificar autenticidad de la unidad
CUBO013,Cubo Cargador 25W Monster RC252 1A1C,,,No aprobada,19.30,22.20,https://conectatech-ec.github.io/productos/cubo013-cubo-cargador-25w-monster-rc252-1a1c/,pendiente_mejora,por verificar,selección automática,Original y producción visual pendientes; Verificar autenticidad de la unidad
CUBO009,Cubo Cargador 33W XIA,,,No aprobada,8.00,9.20,https://conectatech-ec.github.io/productos/cubo009-cubo-cargador-33w-xia/,pendiente_mejora,por verificar,selección automática,Original y producción visual pendientes; Verificar autenticidad de la unidad
CUBO008,Cubo Cargador 35W Usb-c + Usb-c Doble,,,No aprobada,19.00,21.85,https://conectatech-ec.github.io/productos/cubo008-cubo-cargador-35w-usb-c-usb-c-doble/,pendiente_mejora,por verificar,selección automática,Original y producción visual pendientes; Verificar autenticidad de la unidad
CUBO010,Cubo Cargador 67W XIA,,,No aprobada,9.00,10.35,https://conectatech-ec.github.io/productos/cubo010-cubo-cargador-67w-xia/,pendiente_mejora,por verificar,selección automática,Original y producción visual pendientes; Verificar autenticidad de la unidad
CUBO003,Cubo Cargador IIN ZII 45W IZ-C523,,,No aprobada,15.50,17.83,https://conectatech-ec.github.io/productos/cubo003-cubo-cargador-iin-zii-45w-iz-c523/,pendiente_mejora,por verificar,selección automática,Original y producción visual pendientes; Verificar autenticidad de la unidad
CUBO016,Cubo Cargador IIN ZII C536,,,No aprobada,5.00,5.75,https://conectatech-ec.github.io/productos/cubo016-cubo-cargador-iin-zii-c536/,pendiente_mejora,por verificar,selección automática,Original y producción visual pendientes; Verificar autenticidad de la unidad
CUBO005,Cubo Cargador IPH 15PM 35W 5G,,,No aprobada,14.00,16.10,https://conectatech-ec.github.io/productos/cubo005-cubo-cargador-iph-15pm-35w-5g/,pendiente_mejora,por verificar,selección automática,Original y producción visual pendientes; Verificar autenticidad de la unidad
CUBO002,Cubo Cargador Marca Ventev,,,No aprobada,12.85,14.78,https://conectatech-ec.github.io/productos/cubo002-cubo-cargador-marca-ventev/,pendiente_mejora,por verificar,selección automática,Original y producción visual pendientes; Verificar autenticidad de la unidad
CUBO015,Cubo Cargador Onemust 30W OM-A02,,,No aprobada,15.90,18.29,https://conectatech-ec.github.io/productos/cubo015-cubo-cargador-onemust-30w-om-a02/,pendiente_mejora,por verificar,selección automática,Original y producción visual pendientes; Verificar autenticidad de la unidad
CUBO019,Cubo Cargador Samsung 25W,,,No aprobada,15.85,18.23,https://conectatech-ec.github.io/productos/cubo019-cubo-cargador-samsung-25w/,pendiente_mejora,por verificar,selección automática,Original y producción visual pendientes; Verificar autenticidad de la unidad
CUBO023,Cubo DE Carga 20W Klipxtreme,,,No aprobada,9.90,11.39,https://conectatech-ec.github.io/productos/cubo023-cubo-de-carga-20w-klipxtreme/,pendiente_mejora,por verificar,selección automática,Original y producción visual pendientes; Verificar autenticidad de la unidad
CUBO024,Cubo DE Carga IPH 17PM 35W Usb-c,,,No aprobada,16.35,18.80,https://conectatech-ec.github.io/productos/cubo024-cubo-de-carga-iph-17pm-35w-usb-c/,pendiente_mejora,por verificar,selección automática,Original y producción visual pendientes; Verificar autenticidad de la unidad
CUBO025,Cubo Samsung 45W 23132,,,No aprobada,16.15,18.57,https://conectatech-ec.github.io/productos/cubo025-cubo-samsung-45w-23132/,pendiente_mejora,por verificar,selección automática,Original y producción visual pendientes; Verificar autenticidad de la unidad
CUBO011,Cubo USB Power Adapter 5W Usb-a 18245,,,No aprobada,8.75,10.06,https://conectatech-ec.github.io/productos/cubo011-cubo-usb-power-adapter-5w-usb-a-18245/,pendiente_mejora,por verificar,selección automática,Original y producción visual pendientes; Verificar autenticidad de la unidad
DEST001,Destornilladores Universales DE Precision,,,No aprobada,9.15,10.52,https://conectatech-ec.github.io/productos/dest001-destornilladores-universales-de-precision/,pendiente_mejora,por verificar,selección automática,Original y producción visual pendientes; Verificar autenticidad de la unidad
JUGU167,Dinosaurio Coelccionable Varios Modelos,,,No aprobada,12.75,14.66,https://conectatech-ec.github.io/productos/jugu167-dinosaurio-coelccionable-varios-modelos/,pendiente_mejora,por verificar,selección automática,Original y producción visual pendientes; Verificar autenticidad de la unidad
ESTAB007,Estabilizador C08,,,No aprobada,33.15,38.12,https://conectatech-ec.github.io/productos/estab007-estabilizador-c08/,pendiente_mejora,por verificar,selección automática,Original y producción visual pendientes; Verificar autenticidad de la unidad
ESTAB005,Estabilizador CM8,,,No aprobada,73.20,84.18,https://conectatech-ec.github.io/productos/estab005-estabilizador-cm8/,pendiente_mejora,por verificar,selección automática,Original y producción visual pendientes; Verificar autenticidad de la unidad
ESTAB002,Estabilizador M1,,,No aprobada,66.36,76.31,https://conectatech-ec.github.io/productos/estab002-estabilizador-m1/,pendiente_mejora,por verificar,selección automática,Original y producción visual pendientes; Verificar autenticidad de la unidad
ESTAB006,Estabilizador Q18,,,No aprobada,52.30,60.15,https://conectatech-ec.github.io/productos/estab006-estabilizador-q18/,pendiente_mejora,por verificar,selección automática,Original y producción visual pendientes; Verificar autenticidad de la unidad
ESTA002,Estacion DE Carga GAN PRO 6 Puertos Usb-c X3 + Usb-a X3,,,No aprobada,38.25,43.99,https://conectatech-ec.github.io/productos/esta002-estacion-de-carga-gan-pro-6-puertos-usb-c-x3-usb-a-x3/,pendiente_mejora,por verificar,selección automática,Original y producción visual pendientes; Verificar autenticidad de la unidad
ESTU091,Estruche Para Iphone CON Magsafe Semitransparente Gear,,,No aprobada,15.00,17.25,https://conectatech-ec.github.io/productos/estu091-estruche-para-iphone-con-magsafe-semitransparente-gear/,pendiente_mejora,por verificar,selección automática,Original y producción visual pendientes; Verificar autenticidad de la unidad
ESTU102,Estuche Agenda 360 7-9 Pulgadas,,,No aprobada,10.50,12.08,https://conectatech-ec.github.io/productos/estu102-estuche-agenda-360-7-9-pulgadas/,pendiente_mejora,por verificar,selección automática,Original y producción visual pendientes; Verificar autenticidad de la unidad
ESTU009,Estuche IPH DE Cuero Leather CON Magsafe Para Iphone Varios Modelos,,,No aprobada,15.00,17.25,https://conectatech-ec.github.io/productos/estu009-estuche-iph-de-cuero-leather-con-magsafe-para-iphone-varios-modelos/,pendiente_mejora,por verificar,selección automática,Original y producción visual pendientes; Verificar autenticidad de la unidad
ESTU057,Estuche Magsafe Para Iphone Ag-glass Premium CON Protector DE Camara,,,No aprobada,17.50,20.13,https://conectatech-ec.github.io/productos/estu057-estuche-magsafe-para-iphone-ag-glass-premium-con-protector-de-camara/,pendiente_mejora,por verificar,selección automática,Original y producción visual pendientes; Verificar autenticidad de la unidad
ESTU060,Estuche Magsafe Para Iphone Borde Plateado Varios Diseos,,,No aprobada,14.85,17.08,https://conectatech-ec.github.io/productos/estu060-estuche-magsafe-para-iphone-borde-plateado-varios-diseos/,pendiente_mejora,por verificar,selección automática,Original y producción visual pendientes; Verificar autenticidad de la unidad
ESTU065,Estuche Magsafe Para Iphone CON Soporte I-like,,,No aprobada,14.15,16.27,https://conectatech-ec.github.io/productos/estu065-estuche-magsafe-para-iphone-con-soporte-i-like/,pendiente_mejora,por verificar,selección automática,Original y producción visual pendientes; Verificar autenticidad de la unidad
ESTU064,Estuche Magsafe Para Iphone GEAR4 Varios Colores,,,No aprobada,15.50,17.83,https://conectatech-ec.github.io/productos/estu064-estuche-magsafe-para-iphone-gear4-varios-colores/,pendiente_mejora,por verificar,selección automática,Original y producción visual pendientes; Verificar autenticidad de la unidad
ESTU053,Estuche Magsafe Para Iphone Transparente CON Bordes DE Colores,,,No aprobada,11.99,13.79,https://conectatech-ec.github.io/productos/estu053-estuche-magsafe-para-iphone-transparente-con-bordes-de-colores/,pendiente_mejora,por verificar,selección automática,Original y producción visual pendientes; Verificar autenticidad de la unidad
ESTU059,Estuche Magsafe Para Iphone Transparente Resistente CON Brillos Anew Dress,,,No aprobada,15.50,17.83,https://conectatech-ec.github.io/productos/estu059-estuche-magsafe-para-iphone-transparente-resistente-con-brillos-anew-dress/,pendiente_mejora,por verificar,selección automática,Original y producción visual pendientes; Verificar autenticidad de la unidad
ESTU062,Estuche Magsafe Para Iphone Transparente Rigido CON Bordes DE Colores,,,No aprobada,15.00,17.25,https://conectatech-ec.github.io/productos/estu062-estuche-magsafe-para-iphone-transparente-rigido-con-bordes-de-colores/,pendiente_mejora,por verificar,selección automática,Original y producción visual pendientes; Verificar autenticidad de la unidad
ESTU054,Estuche Magsafe Para Iphone Transparete Semi-rigido,,,No aprobada,15.00,17.25,https://conectatech-ec.github.io/productos/estu054-estuche-magsafe-para-iphone-transparete-semi-rigido/,pendiente_mejora,por verificar,selección automática,Original y producción visual pendientes; Verificar autenticidad de la unidad
ESTU055,Estuche Magsafe Transaparente Para Iphone Tipo Silicon,,,No aprobada,11.99,13.79,https://conectatech-ec.github.io/productos/estu055-estuche-magsafe-transaparente-para-iphone-tipo-silicon/,pendiente_mejora,por verificar,selección automática,Original y producción visual pendientes; Verificar autenticidad de la unidad
ESTU073,Estuche Para Iphone 360 Completo Ultra-resistente,,,No aprobada,22.00,25.30,https://conectatech-ec.github.io/productos/estu073-estuche-para-iphone-360-completo-ultra-resistente/,pendiente_mejora,por verificar,selección automática,Original y producción visual pendientes; Verificar autenticidad de la unidad
ESTU092,Estuche Para Iphone Acuerado HDD,,,No aprobada,12.90,14.84,https://conectatech-ec.github.io/productos/estu092-estuche-para-iphone-acuerado-hdd/,pendiente_mejora,por verificar,selección automática,Original y producción visual pendientes; Verificar autenticidad de la unidad
ESTU022,Estuche Para Iphone Acuerdado CON Soporte Ring 360,,,No aprobada,19.50,22.43,https://conectatech-ec.github.io/productos/estu022-estuche-para-iphone-acuerdado-con-soporte-ring-360/,pendiente_mejora,por verificar,selección automática,Original y producción visual pendientes; Verificar autenticidad de la unidad
ESTU076,Estuche Para Iphone Acuerdado CON Wallet,,,No aprobada,19.85,22.83,https://conectatech-ec.github.io/productos/estu076-estuche-para-iphone-acuerdado-con-wallet/,pendiente_mejora,por verificar,selección automática,Original y producción visual pendientes; Verificar autenticidad de la unidad
ESTU087,Estuche Para Iphone Acuerdado CON Wallet,,,No aprobada,15.90,18.29,https://conectatech-ec.github.io/productos/estu087-estuche-para-iphone-acuerdado-con-wallet/,pendiente_mejora,por verificar,selección automática,Original y producción visual pendientes; Verificar autenticidad de la unidad
ESTU078,Estuche Para Iphone CON Brillos Presidio,,,No aprobada,16.35,18.80,https://conectatech-ec.github.io/productos/estu078-estuche-para-iphone-con-brillos-presidio/,pendiente_mejora,por verificar,selección automática,Original y producción visual pendientes; Verificar autenticidad de la unidad
ESTU100,Estuche Para Iphone CON Magsafe Case Completo Rigido Elegant,,,No aprobada,19.25,22.14,https://conectatech-ec.github.io/productos/estu100-estuche-para-iphone-con-magsafe-case-completo-rigido-elegant/,pendiente_mejora,por verificar,selección automática,Original y producción visual pendientes; Verificar autenticidad de la unidad
ESTU084,Estuche Para Iphone CON Magsafe Mate Varios Colores,,,No aprobada,11.99,13.79,https://conectatech-ec.github.io/productos/estu084-estuche-para-iphone-con-magsafe-mate-varios-colores/,pendiente_mejora,por verificar,selección automática,Original y producción visual pendientes; Verificar autenticidad de la unidad
ESTU086,Estuche Para Iphone CON Magsafe Moderno Naranja,,,No aprobada,18.50,21.28,https://conectatech-ec.github.io/productos/estu086-estuche-para-iphone-con-magsafe-moderno-naranja/,pendiente_mejora,por verificar,selección automática,Original y producción visual pendientes; Verificar autenticidad de la unidad
ESTU085,Estuche Para Iphone CON Magsafe Resistente Premium Tornasol,,,No aprobada,17.85,20.53,https://conectatech-ec.github.io/productos/estu085-estuche-para-iphone-con-magsafe-resistente-premium-tornasol/,pendiente_mejora,por verificar,selección automática,Original y producción visual pendientes; Verificar autenticidad de la unidad
ESTU096,Estuche Para Iphone CON Magsafe Transparente Belkin,,,No aprobada,14.55,16.73,https://conectatech-ec.github.io/productos/estu096-estuche-para-iphone-con-magsafe-transparente-belkin/,pendiente_mejora,por verificar,selección automática,Original y producción visual pendientes; Verificar autenticidad de la unidad
ESTU094,Estuche Para Iphone CON Magsafe Y Brillos NEW Case,,,No aprobada,12.25,14.09,https://conectatech-ec.github.io/productos/estu094-estuche-para-iphone-con-magsafe-y-brillos-new-case/,pendiente_mejora,por verificar,selección automática,Original y producción visual pendientes; Verificar autenticidad de la unidad
ESTU088,Estuche Para Iphone CON Magsafe Y Soporte,,,No aprobada,13.25,15.24,https://conectatech-ec.github.io/productos/estu088-estuche-para-iphone-con-magsafe-y-soporte/,pendiente_mejora,por verificar,selección automática,Original y producción visual pendientes; Verificar autenticidad de la unidad
ESTU063,Estuche Para Iphone CON Soporte Ring 360,,,No aprobada,14.35,16.50,https://conectatech-ec.github.io/productos/estu063-estuche-para-iphone-con-soporte-ring-360/,pendiente_mejora,por verificar,selección automática,Original y producción visual pendientes; Verificar autenticidad de la unidad
ESTU066,Estuche Para Iphone D Elegant CON Soporte Ring 360,,,No aprobada,19.75,22.71,https://conectatech-ec.github.io/productos/estu066-estuche-para-iphone-d-elegant-con-soporte-ring-360/,pendiente_mejora,por verificar,selección automática,Original y producción visual pendientes; Verificar autenticidad de la unidad
ESTU098,Estuche Para Iphone Elegant CON Protector DE Camara,,,No aprobada,15.25,17.54,https://conectatech-ec.github.io/productos/estu098-estuche-para-iphone-elegant-con-protector-de-camara/,pendiente_mejora,por verificar,selección automática,Original y producción visual pendientes; Verificar autenticidad de la unidad
ESTU082,Estuche Para Iphone Escarhados Dingend,,,No aprobada,16.91,19.45,https://conectatech-ec.github.io/productos/estu082-estuche-para-iphone-escarhados-dingend/,pendiente_mejora,por verificar,selección automática,Original y producción visual pendientes; Verificar autenticidad de la unidad
ESTU079,Estuche Para Iphone Fiesta Series Core,,,No aprobada,7.85,9.03,https://conectatech-ec.github.io/productos/estu079-estuche-para-iphone-fiesta-series-core/,pendiente_mejora,por verificar,selección automática,Original y producción visual pendientes; Verificar autenticidad de la unidad
ESTU075,Estuche Para Iphone Ipefet,,,No aprobada,15.00,17.25,https://conectatech-ec.github.io/productos/estu075-estuche-para-iphone-ipefet/,pendiente_mejora,por verificar,selección automática,Original y producción visual pendientes; Verificar autenticidad de la unidad
ESTU099,Estuche Para Iphone Magnetico Delgado,,,No aprobada,12.80,14.72,https://conectatech-ec.github.io/productos/estu099-estuche-para-iphone-magnetico-delgado/,pendiente_mejora,por verificar,selección automática,Original y producción visual pendientes; Verificar autenticidad de la unidad
ESTU090,Estuche Para Iphone Magsafe CON Soporte,,,No aprobada,11.16,12.83,https://conectatech-ec.github.io/productos/estu090-estuche-para-iphone-magsafe-con-soporte/,pendiente_mejora,por verificar,selección automática,Original y producción visual pendientes; Verificar autenticidad de la unidad
ESTU093,Estuche Para Iphone Magsafe Spigen PRO Case,,,No aprobada,14.90,17.14,https://conectatech-ec.github.io/productos/estu093-estuche-para-iphone-magsafe-spigen-pro-case/,pendiente_mejora,por verificar,selección automática,Original y producción visual pendientes; Verificar autenticidad de la unidad
ESTU074,Estuche Para Iphone Moderno,,,No aprobada,12.50,14.38,https://conectatech-ec.github.io/productos/estu074-estuche-para-iphone-moderno/,pendiente_mejora,por verificar,selección automática,Original y producción visual pendientes; Verificar autenticidad de la unidad
ESTU089,Estuche Para Iphone Moderno Adidas,,,No aprobada,15.00,17.25,https://conectatech-ec.github.io/productos/estu089-estuche-para-iphone-moderno-adidas/,pendiente_mejora,por verificar,selección automática,Original y producción visual pendientes; Verificar autenticidad de la unidad
ESTU058,Estuche Para Iphone Protective Case Classic Desing,,,No aprobada,13.50,15.53,https://conectatech-ec.github.io/productos/estu058-estuche-para-iphone-protective-case-classic-desing/,pendiente_mejora,por verificar,selección automática,Original y producción visual pendientes; Verificar autenticidad de la unidad
ESTU071,Estuche Para Iphone Semitransparente CON Ring 360 Varios Colores,,,No aprobada,13.50,15.53,https://conectatech-ec.github.io/productos/estu071-estuche-para-iphone-semitransparente-con-ring-360-varios-colores/,pendiente_mejora,por verificar,selección automática,Original y producción visual pendientes; Verificar autenticidad de la unidad
ESTU068,Estuche Para Iphone Spigen CON Soporte,,,No aprobada,12.90,14.84,https://conectatech-ec.github.io/productos/estu068-estuche-para-iphone-spigen-con-soporte/,pendiente_mejora,por verificar,selección automática,Original y producción visual pendientes; Verificar autenticidad de la unidad
ESTU070,Estuche Para Iphone Spigen Premum Varios Modelos - Diseos,,,No aprobada,15.95,18.34,https://conectatech-ec.github.io/productos/estu070-estuche-para-iphone-spigen-premum-varios-modelos-diseos/,pendiente_mejora,por verificar,selección automática,Original y producción visual pendientes; Verificar autenticidad de la unidad
ESTU081,Estuche Para Iphone Transparente Resistente CON Protectores DE Camara,,,No aprobada,14.90,17.14,https://conectatech-ec.github.io/productos/estu081-estuche-para-iphone-transparente-resistente-con-protectores-de-camara/,pendiente_mejora,por verificar,selección automática,Original y producción visual pendientes; Verificar autenticidad de la unidad
ESTU072,Estuche Para Iphone Transparente Resitente CON Magsafe Y Protector DE Camara,,,No aprobada,15.00,17.25,https://conectatech-ec.github.io/productos/estu072-estuche-para-iphone-transparente-resitente-con-magsafe-y-protector-de-camara/,pendiente_mejora,por verificar,selección automática,Original y producción visual pendientes; Verificar autenticidad de la unidad
ESTU097,Estuche Para Iphone Ultra Resistente Lifeproof Varios Colores,,,No aprobada,19.85,22.83,https://conectatech-ec.github.io/productos/estu097-estuche-para-iphone-ultra-resistente-lifeproof-varios-colores/,pendiente_mejora,por verificar,selección automática,Original y producción visual pendientes; Verificar autenticidad de la unidad
ESTU095,Estuche Para Iphone Varios Disenos,,,No aprobada,12.95,14.89,https://conectatech-ec.github.io/productos/estu095-estuche-para-iphone-varios-disenos/,pendiente_mejora,por verificar,selección automática,Original y producción visual pendientes; Verificar autenticidad de la unidad
ESTU083,Estuche Para Iphone Verde CON Ring 360,,,No aprobada,12.16,13.98,https://conectatech-ec.github.io/productos/estu083-estuche-para-iphone-verde-con-ring-360/,pendiente_mejora,por verificar,selección automática,Original y producción visual pendientes; Verificar autenticidad de la unidad
ESTU080,Estuche Para Iphone Y Samsung CON Rayas Intercaladas,,,No aprobada,17.91,20.60,https://conectatech-ec.github.io/productos/estu080-estuche-para-iphone-y-samsung-con-rayas-intercaladas/,pendiente_mejora,por verificar,selección automática,Original y producción visual pendientes; Verificar autenticidad de la unidad
ESTU061,Estuche Para Magsafe Para Iphone Premium Desing,,,No aprobada,20.00,23.00,https://conectatech-ec.github.io/productos/estu061-estuche-para-magsafe-para-iphone-premium-desing/,pendiente_mejora,por verificar,selección automática,Original y producción visual pendientes; Verificar autenticidad de la unidad
ESTU067,Estuche Resistente Para Iphone Reforzado Drop Plus,,,No aprobada,18.00,20.70,https://conectatech-ec.github.io/productos/estu067-estuche-resistente-para-iphone-reforzado-drop-plus/,pendiente_mejora,por verificar,selección automática,Original y producción visual pendientes; Verificar autenticidad de la unidad
ESTU030,Estuche Tipo Agenda Marca Melking 8 Pulgadas,,,No aprobada,11.99,13.79,https://conectatech-ec.github.io/productos/estu030-estuche-tipo-agenda-marca-melking-8-pulgadas/,pendiente_mejora,por verificar,selección automática,Original y producción visual pendientes; Verificar autenticidad de la unidad
ESTU052,Estuche Transparente Esencial Para Iphone,,,No aprobada,5.85,6.73,https://conectatech-ec.github.io/productos/estu052-estuche-transparente-esencial-para-iphone/,pendiente_mejora,por verificar,selección automática,Original y producción visual pendientes; Verificar autenticidad de la unidad
ESTU051,Estuche Transparente Premium Para Iphone,,,No aprobada,12.50,14.38,https://conectatech-ec.github.io/productos/estu051-estuche-transparente-premium-para-iphone/,pendiente_mejora,por verificar,selección automática,Original y producción visual pendientes; Verificar autenticidad de la unidad
ESTU040,Estuche Universal DE Cinturon Universales Varios Tamaos,,,No aprobada,10.01,11.51,https://conectatech-ec.github.io/productos/estu040-estuche-universal-de-cinturon-universales-varios-tamaos/,pendiente_mejora,por verificar,selección automática,Original y producción visual pendientes; Verificar autenticidad de la unidad
ESTU021,Estuche Universal Tipo Agenda 8 Pulgadas,,,No aprobada,9.99,11.49,https://conectatech-ec.github.io/productos/estu021-estuche-universal-tipo-agenda-8-pulgadas/,pendiente_mejora,por verificar,selección automática,Original y producción visual pendientes; Verificar autenticidad de la unidad
ESTU026,Estuche Universal Tipo Agenda 8 Pulgadas DE Corazones,,,No aprobada,14.00,16.10,https://conectatech-ec.github.io/productos/estu026-estuche-universal-tipo-agenda-8-pulgadas-de-corazones/,pendiente_mejora,por verificar,selección automática,Original y producción visual pendientes; Verificar autenticidad de la unidad
ESTU020,Estuche Universal Tipo Agenda 9 Pulgadas,,,No aprobada,9.99,11.49,https://conectatech-ec.github.io/productos/estu020-estuche-universal-tipo-agenda-9-pulgadas/,pendiente_mejora,por verificar,selección automática,Original y producción visual pendientes; Verificar autenticidad de la unidad
ESTU029,Estuche Universal Tipo Agenda Animado 7-8 Pulgadas,,,No aprobada,9.99,11.49,https://conectatech-ec.github.io/productos/estu029-estuche-universal-tipo-agenda-animado-7-8-pulgadas/,pendiente_mejora,por verificar,selección automática,Original y producción visual pendientes; Verificar autenticidad de la unidad
ESTU035,Estuche Universal Tipo Agenda CON Teclado Notrackpad,,,No aprobada,25.00,28.75,https://conectatech-ec.github.io/productos/estu035-estuche-universal-tipo-agenda-con-teclado-notrackpad/,pendiente_mejora,por verificar,selección automática,Original y producción visual pendientes; Verificar autenticidad de la unidad
ESTU036,Estuche Universal Tipo Agenda CON Teclado Trackpad,,,No aprobada,32.00,36.80,https://conectatech-ec.github.io/productos/estu036-estuche-universal-tipo-agenda-con-teclado-trackpad/,pendiente_mejora,por verificar,selección automática,Original y producción visual pendientes; Verificar autenticidad de la unidad
ESTU037,Estuche Universales DE Goma 9-10-11-12 Pulgadas,,,No aprobada,11.25,12.94,https://conectatech-ec.github.io/productos/estu037-estuche-universales-de-goma-9-10-11-12-pulgadas/,pendiente_mejora,por verificar,selección automática,Original y producción visual pendientes; Verificar autenticidad de la unidad
EXTE003,Extensor DE Wifi 1200MBPS 6 Antenas,,,No aprobada,21.15,24.32,https://conectatech-ec.github.io/productos/exte003-extensor-de-wifi-1200mbps-6-antenas/,pendiente_mejora,por verificar,selección automática,Original y producción visual pendientes; Verificar autenticidad de la unidad
EXTE002,Extensor DE Wifi 2.4GHZ Pix-link Modelo WR41Q,,,No aprobada,19.30,22.20,https://conectatech-ec.github.io/productos/exte002-extensor-de-wifi-2-4ghz-pix-link-modelo-wr41q/,pendiente_mejora,por verificar,selección automática,Original y producción visual pendientes; Verificar autenticidad de la unidad
FOCO001,Foco Recargable CON Boquilla 20W Duralight,,,No aprobada,16.00,18.40,https://conectatech-ec.github.io/productos/foco001-foco-recargable-con-boquilla-20w-duralight/,pendiente_mejora,por verificar,selección automática,Original y producción visual pendientes; Verificar autenticidad de la unidad
FOCO002,Foco Recargable DE Mano CON Panel Solar Astro,,,No aprobada,22.00,25.30,https://conectatech-ec.github.io/productos/foco002-foco-recargable-de-mano-con-panel-solar-astro/,pendiente_mejora,por verificar,selección automática,Original y producción visual pendientes; Verificar autenticidad de la unidad
FREI001,Freidora DE Aire ENV 3 Litros 1000W Envase DE Vidrio,,,No aprobada,59.35,68.25,https://conectatech-ec.github.io/productos/frei001-freidora-de-aire-env-3-litros-1000w-envase-de-vidrio/,pendiente_mejora,por verificar,selección automática,Original y producción visual pendientes; Verificar autenticidad de la unidad
FUND002,Funda Cobertor DE Laptop 14.5,,,No aprobada,6.00,6.90,https://conectatech-ec.github.io/productos/fund002-funda-cobertor-de-laptop-14-5/,pendiente_mejora,por verificar,selección automática,Original y producción visual pendientes; Verificar autenticidad de la unidad
FUND005,Funda Cobertora DE Laptop 10-12 Pulgadas,,,No aprobada,5.50,6.33,https://conectatech-ec.github.io/productos/fund005-funda-cobertora-de-laptop-10-12-pulgadas/,pendiente_mejora,por verificar,selección automática,Original y producción visual pendientes; Verificar autenticidad de la unidad
GADG004,Gadget Odometro Para Bicicleta Sunding,,,No aprobada,19.85,22.83,https://conectatech-ec.github.io/productos/gadg004-gadget-odometro-para-bicicleta-sunding/,pendiente_mejora,por verificar,selección automática,Original y producción visual pendientes; Verificar autenticidad de la unidad
GADG008,Gadget Pantalla Magnetica Para Produccion Y Selfie,,,No aprobada,45.20,51.98,https://conectatech-ec.github.io/productos/gadg008-gadget-pantalla-magnetica-para-produccion-y-selfie/,pendiente_mejora,por verificar,selección automática,Original y producción visual pendientes; Verificar autenticidad de la unidad
GADG001,Gadget Taza Game Over Blanca,,,No aprobada,11.99,13.79,https://conectatech-ec.github.io/productos/gadg001-gadget-taza-game-over-blanca/,pendiente_mejora,por verificar,selección automática,Original y producción visual pendientes; Verificar autenticidad de la unidad
GANC001,Gancho DE Mano Deportivo Para Ejercitar,,,No aprobada,6.00,6.90,https://conectatech-ec.github.io/productos/ganc001-gancho-de-mano-deportivo-para-ejercitar/,pendiente_mejora,por verificar,selección automática,Original y producción visual pendientes; Verificar autenticidad de la unidad
GRAM004,Gramera Mediana Tipo Plato,,,No aprobada,13.50,15.53,https://conectatech-ec.github.io/productos/gram004-gramera-mediana-tipo-plato/,pendiente_mejora,por verificar,selección automática,Original y producción visual pendientes; Verificar autenticidad de la unidad
GRAM002,Gramera Para Comida CON Envase,,,No aprobada,20.00,23.00,https://conectatech-ec.github.io/productos/gram002-gramera-para-comida-con-envase/,pendiente_mejora,por verificar,selección automática,Original y producción visual pendientes; Verificar autenticidad de la unidad
GRAM003,Gramera Tipo Gancho,,,No aprobada,12.31,14.16,https://conectatech-ec.github.io/productos/gram003-gramera-tipo-gancho/,pendiente_mejora,por verificar,selección automática,Original y producción visual pendientes; Verificar autenticidad de la unidad
HUB005,HUB 3.0 8 IN 2 Usb-c + Usb-a Adapter,,,No aprobada,17.91,20.60,https://conectatech-ec.github.io/productos/hub005-hub-3-0-8-in-2-usb-c-usb-a-adapter/,pendiente_mejora,por verificar,selección automática,Original y producción visual pendientes; Verificar autenticidad de la unidad
HUB017,HUB 3.0 Usb-a A LAN Ethernet RJ45,,,No aprobada,11.90,13.69,https://conectatech-ec.github.io/productos/hub017-hub-3-0-usb-a-a-lan-ethernet-rj45/,pendiente_mejora,por verificar,selección automática,Original y producción visual pendientes; Verificar autenticidad de la unidad
HUB001,HUB 3.0 Usb-a A Usb-a X4 Puertos,,,No aprobada,8.50,9.78,https://conectatech-ec.github.io/productos/hub001-hub-3-0-usb-a-a-usb-a-x4-puertos/,pendiente_mejora,por verificar,selección automática,Original y producción visual pendientes; Verificar autenticidad de la unidad
HUB011,HUB USB 11 EN 1 Fast,,,No aprobada,28.00,32.20,https://conectatech-ec.github.io/productos/hub011-hub-usb-11-en-1-fast/,pendiente_mejora,por verificar,selección automática,Original y producción visual pendientes; Verificar autenticidad de la unidad
HUB008,HUB USB 3.0 7 Puertos Orvesion,,,No aprobada,11.25,12.94,https://conectatech-ec.github.io/productos/hub008-hub-usb-3-0-7-puertos-orvesion/,pendiente_mejora,por verificar,selección automática,Original y producción visual pendientes; Verificar autenticidad de la unidad
HUB020,HUB USB 6 Ports Fast PD + Ethernet RJ45,,,No aprobada,29.00,33.35,https://conectatech-ec.github.io/productos/hub020-hub-usb-6-ports-fast-pd-ethernet-rj45/,pendiente_mejora,por verificar,selección automática,Original y producción visual pendientes; Verificar autenticidad de la unidad
HUB030,HUB USB Belkin 4K 5 Puertos 100W,,,No aprobada,39.15,45.02,https://conectatech-ec.github.io/productos/hub030-hub-usb-belkin-4k-5-puertos-100w/,pendiente_mejora,por verificar,selección automática,Original y producción visual pendientes; Verificar autenticidad de la unidad
HUB015,HUB USB HP 2.0 Usb-a X4,,,No aprobada,14.90,17.14,https://conectatech-ec.github.io/productos/hub015-hub-usb-hp-2-0-usb-a-x4/,pendiente_mejora,por verificar,selección automática,Original y producción visual pendientes; Verificar autenticidad de la unidad
HUB014,HUB USB Targus 2.0 Usb-a X4,,,No aprobada,16.35,18.80,https://conectatech-ec.github.io/productos/hub014-hub-usb-targus-2-0-usb-a-x4/,pendiente_mejora,por verificar,selección automática,Original y producción visual pendientes; Verificar autenticidad de la unidad
HUB025,HUB Usb-a A RED Ethernet RJ45,,,No aprobada,9.86,11.34,https://conectatech-ec.github.io/productos/hub025-hub-usb-a-a-red-ethernet-rj45/,pendiente_mejora,por verificar,selección automática,Original y producción visual pendientes; Verificar autenticidad de la unidad
HUB022,HUB Usb-a A Usb-a X4 A-809,,,No aprobada,7.90,9.09,https://conectatech-ec.github.io/productos/hub022-hub-usb-a-a-usb-a-x4-a-809/,pendiente_mejora,por verificar,selección automática,Original y producción visual pendientes; Verificar autenticidad de la unidad
HUB029,HUB Usb-a A Usb-a X4 Orvesion,,,No aprobada,9.15,10.52,https://conectatech-ec.github.io/productos/hub029-hub-usb-a-a-usb-a-x4-orvesion/,pendiente_mejora,por verificar,selección automática,Original y producción visual pendientes; Verificar autenticidad de la unidad
HUB027,HUB Usb-a A Usb-a X7 Puertos,,,No aprobada,14.85,17.08,https://conectatech-ec.github.io/productos/hub027-hub-usb-a-a-usb-a-x7-puertos/,pendiente_mejora,por verificar,selección automática,Original y producción visual pendientes; Verificar autenticidad de la unidad
HUB010,HUB Usb-c 3 EN 1 Salida C / USB,,,No aprobada,18.00,20.70,https://conectatech-ec.github.io/productos/hub010-hub-usb-c-3-en-1-salida-c-usb/,pendiente_mejora,por verificar,selección automática,Original y producción visual pendientes; Verificar autenticidad de la unidad
HUB004,HUB Usb-c 4 Puertos RCA HB01,,,No aprobada,8.50,9.78,https://conectatech-ec.github.io/productos/hub004-hub-usb-c-4-puertos-rca-hb01/,pendiente_mejora,por verificar,selección automática,Original y producción visual pendientes; Verificar autenticidad de la unidad
HUB012,HUB Usb-c A Hdmi + VGA Orvesion,,,No aprobada,23.49,27.01,https://conectatech-ec.github.io/productos/hub012-hub-usb-c-a-hdmi-vga-orvesion/,pendiente_mejora,por verificar,selección automática,Original y producción visual pendientes; Verificar autenticidad de la unidad
HUB006,HUB Usb-c A Usb-a X3 + Ethernet Orvesion,,,No aprobada,13.25,15.24,https://conectatech-ec.github.io/productos/hub006-hub-usb-c-a-usb-a-x3-ethernet-orvesion/,pendiente_mejora,por verificar,selección automática,Original y producción visual pendientes; Verificar autenticidad de la unidad
HUB016,HUB Usb-c A Usb-a X3 + USB C S/R,,,No aprobada,11.99,13.79,https://conectatech-ec.github.io/productos/hub016-hub-usb-c-a-usb-a-x3-usb-c-s-r/,pendiente_mejora,por verificar,selección automática,Original y producción visual pendientes; Verificar autenticidad de la unidad
HUB021,HUB Usb-c A Usb-a X4 C-809,,,No aprobada,8.50,9.78,https://conectatech-ec.github.io/productos/hub021-hub-usb-c-a-usb-a-x4-c-809/,pendiente_mejora,por verificar,selección automática,Original y producción visual pendientes; Verificar autenticidad de la unidad
HUB028,HUB Usb-c A Usb-a X4 Orvesion,,,No aprobada,10.01,11.51,https://conectatech-ec.github.io/productos/hub028-hub-usb-c-a-usb-a-x4-orvesion/,pendiente_mejora,por verificar,selección automática,Original y producción visual pendientes; Verificar autenticidad de la unidad
HUB009,HUB Usb-c A Usb-a X4 Puertos Yourz MU7,,,No aprobada,9.50,10.93,https://conectatech-ec.github.io/productos/hub009-hub-usb-c-a-usb-a-x4-puertos-yourz-mu7/,pendiente_mejora,por verificar,selección automática,Original y producción visual pendientes; Verificar autenticidad de la unidad
HUB007,HUB Usb-c A Usb-c Hembra + Usb-a Orvesion,,,No aprobada,16.76,19.27,https://conectatech-ec.github.io/productos/hub007-hub-usb-c-a-usb-c-hembra-usb-a-orvesion/,pendiente_mejora,por verificar,selección automática,Original y producción visual pendientes; Verificar autenticidad de la unidad
HUB026,HUB Usb-c Ugreen 4K 60HZ 6 EN 1,,,No aprobada,49.15,56.52,https://conectatech-ec.github.io/productos/hub026-hub-usb-c-ugreen-4k-60hz-6-en-1/,pendiente_mejora,por verificar,selección automática,Original y producción visual pendientes; Verificar autenticidad de la unidad
HUB024,HUB Usb-c Ugreen CON Ethernet RJ45 1000MBPS,,,No aprobada,33.01,37.96,https://conectatech-ec.github.io/productos/hub024-hub-usb-c-ugreen-con-ethernet-rj45-1000mbps/,pendiente_mejora,por verificar,selección automática,Original y producción visual pendientes; Verificar autenticidad de la unidad
INVE002,Inversor DE Voltaje Para Vehiculo DC 12 A 110V + Usb-a,,,No aprobada,22.90,26.34,https://conectatech-ec.github.io/productos/inve002-inversor-de-voltaje-para-vehiculo-dc-12-a-110v-usb-a/,pendiente_mejora,por verificar,selección automática,Original y producción visual pendientes; Verificar autenticidad de la unidad
JUGU109,Juguete .carrito Pichirilo Coleccionable EN Caja,,,No aprobada,9.00,10.35,https://conectatech-ec.github.io/productos/jugu109-juguete-carrito-pichirilo-coleccionable-en-caja/,pendiente_mejora,por verificar,selección automática,Original y producción visual pendientes; Verificar autenticidad de la unidad
JUGU115,Juguete Armable Carros F1,,,No aprobada,12.85,14.78,https://conectatech-ec.github.io/productos/jugu115-juguete-armable-carros-f1/,pendiente_mejora,por verificar,selección automática,Original y producción visual pendientes; Verificar autenticidad de la unidad
JUGU157,Juguete Armable Castillo DE Princesa 848 PCS,,,No aprobada,29.15,33.52,https://conectatech-ec.github.io/productos/jugu157-juguete-armable-castillo-de-princesa-848-pcs/,pendiente_mejora,por verificar,selección automática,Original y producción visual pendientes; Verificar autenticidad de la unidad
JUGU101,Juguete Armable DE Auto 244 Piezas NO.33001,,,No aprobada,13.10,15.07,https://conectatech-ec.github.io/productos/jugu101-juguete-armable-de-auto-244-piezas-no-33001/,pendiente_mejora,por verificar,selección automática,Original y producción visual pendientes; Verificar autenticidad de la unidad
JUGU050,Juguete Armable DE Personajes Variados - Varios Modelos,,,No aprobada,11.99,13.79,https://conectatech-ec.github.io/productos/jugu050-juguete-armable-de-personajes-variados-varios-modelos/,pendiente_mejora,por verificar,selección automática,Original y producción visual pendientes; Verificar autenticidad de la unidad
JUGU148,Juguete Armable Florero 109 Piezas,,,No aprobada,19.25,22.14,https://conectatech-ec.github.io/productos/jugu148-juguete-armable-florero-109-piezas/,pendiente_mejora,por verificar,selección automática,Original y producción visual pendientes; Verificar autenticidad de la unidad
JUGU149,Juguete Armable Florero Pequeo 309 Piezas,,,No aprobada,14.50,16.68,https://conectatech-ec.github.io/productos/jugu149-juguete-armable-florero-pequeo-309-piezas/,pendiente_mejora,por verificar,selección automática,Original y producción visual pendientes; Verificar autenticidad de la unidad
JUGU105,Juguete Armable Moto BMW 255 Piezas,,,No aprobada,17.91,20.60,https://conectatech-ec.github.io/productos/jugu105-juguete-armable-moto-bmw-255-piezas/,pendiente_mejora,por verificar,selección automática,Original y producción visual pendientes; Verificar autenticidad de la unidad
JUGU159,Juguete Armable Pastel Cake 344 Piezas,,,No aprobada,21.36,24.56,https://conectatech-ec.github.io/productos/jugu159-juguete-armable-pastel-cake-344-piezas/,pendiente_mejora,por verificar,selección automática,Original y producción visual pendientes; Verificar autenticidad de la unidad
JUGU114,Juguete Armable Racecar Mingdi,,,No aprobada,11.25,12.94,https://conectatech-ec.github.io/productos/jugu114-juguete-armable-racecar-mingdi/,pendiente_mejora,por verificar,selección automática,Original y producción visual pendientes; Verificar autenticidad de la unidad
JUGU153,Juguete Armable Street View Coctelera DE Jugos,,,No aprobada,19.00,21.85,https://conectatech-ec.github.io/productos/jugu153-juguete-armable-street-view-coctelera-de-jugos/,pendiente_mejora,por verificar,selección automática,Original y producción visual pendientes; Verificar autenticidad de la unidad
JUGU090,Juguete Armable Transformer Avion Y Mueco 689 Piezas,,,No aprobada,39.00,44.85,https://conectatech-ec.github.io/productos/jugu090-juguete-armable-transformer-avion-y-mueco-689-piezas/,pendiente_mejora,por verificar,selección automática,Original y producción visual pendientes; Verificar autenticidad de la unidad
JUGU038,Juguete Auto Armable Ferrari Rojo,,,No aprobada,49.00,56.35,https://conectatech-ec.github.io/productos/jugu038-juguete-auto-armable-ferrari-rojo/,pendiente_mejora,por verificar,selección automática,Original y producción visual pendientes; Verificar autenticidad de la unidad
JUGU103,Juguete BUS Escolar Pequeo,,,No aprobada,8.35,9.60,https://conectatech-ec.github.io/productos/jugu103-juguete-bus-escolar-pequeo/,pendiente_mejora,por verificar,selección automática,Original y producción visual pendientes; Verificar autenticidad de la unidad
JUGU112,Juguete Bicicleta Armable,,,No aprobada,15.76,18.12,https://conectatech-ec.github.io/productos/jugu112-juguete-bicicleta-armable/,pendiente_mejora,por verificar,selección automática,Original y producción visual pendientes; Verificar autenticidad de la unidad
JUGU002,Juguete Bicicleta Hyper Realista Coleccionable,,,No aprobada,11.99,13.79,https://conectatech-ec.github.io/productos/jugu002-juguete-bicicleta-hyper-realista-coleccionable/,pendiente_mejora,por verificar,selección automática,Original y producción visual pendientes; Verificar autenticidad de la unidad
JUGU108,Juguete Bicicleta Montanera Coleccionable,,,No aprobada,13.90,15.99,https://conectatech-ec.github.io/productos/jugu108-juguete-bicicleta-montanera-coleccionable/,pendiente_mejora,por verificar,selección automática,Original y producción visual pendientes; Verificar autenticidad de la unidad
JUGU127,Juguete Camara Instantanea Para Nios(as),,,No aprobada,49.15,56.52,https://conectatech-ec.github.io/productos/jugu127-juguete-camara-instantanea-para-nios-as/,pendiente_mejora,por verificar,selección automática,Original y producción visual pendientes; Verificar autenticidad de la unidad
JUGU133,Juguete Caminoneta Coleccionable Jeep Grande,,,No aprobada,28.30,32.55,https://conectatech-ec.github.io/productos/jugu133-juguete-caminoneta-coleccionable-jeep-grande/,pendiente_mejora,por verificar,selección automática,Original y producción visual pendientes; Verificar autenticidad de la unidad
JUGU040,Juguete Camioneta Combi Coleccionable Grande,,,No aprobada,21.51,24.74,https://conectatech-ec.github.io/productos/jugu040-juguete-camioneta-combi-coleccionable-grande/,pendiente_mejora,por verificar,selección automática,Original y producción visual pendientes; Verificar autenticidad de la unidad
JUGU042,Juguete Camioneta Combi Coleccionable Mediana,,,No aprobada,11.35,13.05,https://conectatech-ec.github.io/productos/jugu042-juguete-camioneta-combi-coleccionable-mediana/,pendiente_mejora,por verificar,selección automática,Original y producción visual pendientes; Verificar autenticidad de la unidad
JUGU041,Juguete Camioneta Combi Coleccionable Semi Mediana,,,No aprobada,11.99,13.79,https://conectatech-ec.github.io/productos/jugu041-juguete-camioneta-combi-coleccionable-semi-mediana/,pendiente_mejora,por verificar,selección automática,Original y producción visual pendientes; Verificar autenticidad de la unidad
JUGU089,Juguete Camioneta Tesla,,,No aprobada,19.00,21.85,https://conectatech-ec.github.io/productos/jugu089-juguete-camioneta-tesla/,pendiente_mejora,por verificar,selección automática,Original y producción visual pendientes; Verificar autenticidad de la unidad
JUGU075,Juguete Camioneta Truck Pickup,,,No aprobada,8.00,9.20,https://conectatech-ec.github.io/productos/jugu075-juguete-camioneta-truck-pickup/,pendiente_mejora,por verificar,selección automática,Original y producción visual pendientes; Verificar autenticidad de la unidad
JUGU104,Juguete Camioneta Vans Greddy,,,No aprobada,25.00,28.75,https://conectatech-ec.github.io/productos/jugu104-juguete-camioneta-vans-greddy/,pendiente_mejora,por verificar,selección automática,Original y producción visual pendientes; Verificar autenticidad de la unidad
JUGU110,Juguete Carrito Coleccionable Swat Policia Pequeo,,,No aprobada,7.85,9.03,https://conectatech-ec.github.io/productos/jugu110-juguete-carrito-coleccionable-swat-policia-pequeo/,pendiente_mejora,por verificar,selección automática,Original y producción visual pendientes; Verificar autenticidad de la unidad
JUGU102,Juguete Carrito DE Personaje Dinosuario Retractil,,,No aprobada,9.00,10.35,https://conectatech-ec.github.io/productos/jugu102-juguete-carrito-de-personaje-dinosuario-retractil/,pendiente_mejora,por verificar,selección automática,Original y producción visual pendientes; Verificar autenticidad de la unidad
JUGU074,Juguete Carrito Rayo Mcqueen Mediano,,,No aprobada,6.50,7.48,https://conectatech-ec.github.io/productos/jugu074-juguete-carrito-rayo-mcqueen-mediano/,pendiente_mejora,por verificar,selección automática,Original y producción visual pendientes; Verificar autenticidad de la unidad
JUGU085,Juguete Carrito Rayo Mcqueen Pequeo,,,No aprobada,3.80,4.37,https://conectatech-ec.github.io/productos/jugu085-juguete-carrito-rayo-mcqueen-pequeo/,pendiente_mejora,por verificar,selección automática,Original y producción visual pendientes; Verificar autenticidad de la unidad
JUGU146,Juguete Carro A Control Remoto Verde Xuda RC CAR,,,No aprobada,29.15,33.52,https://conectatech-ec.github.io/productos/jugu146-juguete-carro-a-control-remoto-verde-xuda-rc-car/,pendiente_mejora,por verificar,selección automática,Original y producción visual pendientes; Verificar autenticidad de la unidad
JUGU076,Juguete Carro Antiguo Lada,,,No aprobada,6.50,7.48,https://conectatech-ec.github.io/productos/jugu076-juguete-carro-antiguo-lada/,pendiente_mejora,por verificar,selección automática,Original y producción visual pendientes; Verificar autenticidad de la unidad
JUGU059,Juguete Carro Coleccionable CON Trailer Y Gasolinera,,,No aprobada,34.99,40.24,https://conectatech-ec.github.io/productos/jugu059-juguete-carro-coleccionable-con-trailer-y-gasolinera/,pendiente_mejora,por verificar,selección automática,Original y producción visual pendientes; Verificar autenticidad de la unidad
JUGU088,Juguete Carro Coleccionable Camaro,,,No aprobada,26.00,29.90,https://conectatech-ec.github.io/productos/jugu088-juguete-carro-coleccionable-camaro/,pendiente_mejora,por verificar,selección automática,Original y producción visual pendientes; Verificar autenticidad de la unidad
JUGU134,Juguete Carro Coleccionable Camaro Tornasol,,,No aprobada,29.15,33.52,https://conectatech-ec.github.io/productos/jugu134-juguete-carro-coleccionable-camaro-tornasol/,pendiente_mejora,por verificar,selección automática,Original y producción visual pendientes; Verificar autenticidad de la unidad
JUGU093,Juguete Carro Coleccionable Camioneta F150 Pequea,,,No aprobada,9.50,10.93,https://conectatech-ec.github.io/productos/jugu093-juguete-carro-coleccionable-camioneta-f150-pequea/,pendiente_mejora,por verificar,selección automática,Original y producción visual pendientes; Verificar autenticidad de la unidad
JUGU095,Juguete Carro Coleccionable Camioneta Toyota FJ,,,No aprobada,10.84,12.47,https://conectatech-ec.github.io/productos/jugu095-juguete-carro-coleccionable-camioneta-toyota-fj/,pendiente_mejora,por verificar,selección automática,Original y producción visual pendientes; Verificar autenticidad de la unidad
JUGU116,Juguete Carro Coleccionable DE Metal Lamborghini Mediano Purpura,,,No aprobada,15.85,18.23,https://conectatech-ec.github.io/productos/jugu116-juguete-carro-coleccionable-de-metal-lamborghini-mediano-purpura/,pendiente_mejora,por verificar,selección automática,Original y producción visual pendientes; Verificar autenticidad de la unidad
JUGU094,Juguete Carro Coleccionable Deportivo Amarillo,,,No aprobada,9.50,10.93,https://conectatech-ec.github.io/productos/jugu094-juguete-carro-coleccionable-deportivo-amarillo/,pendiente_mejora,por verificar,selección automática,Original y producción visual pendientes; Verificar autenticidad de la unidad
JUGU091,Juguete Carro Coleccionable Deportivo Semi Mediano Varios Modelos,,,No aprobada,7.25,8.34,https://conectatech-ec.github.io/productos/jugu091-juguete-carro-coleccionable-deportivo-semi-mediano-varios-modelos/,pendiente_mejora,por verificar,selección automática,Original y producción visual pendientes; Verificar autenticidad de la unidad
JUGU081,Juguete Carro Coleccionable Mercedes Benz,,,No aprobada,26.00,29.90,https://conectatech-ec.github.io/productos/jugu081-juguete-carro-coleccionable-mercedes-benz/,pendiente_mejora,por verificar,selección automática,Original y producción visual pendientes; Verificar autenticidad de la unidad
JUGU096,Juguete Carro Coleccionable Mercedes Benz Deportivo CON Stickers,,,No aprobada,29.00,33.35,https://conectatech-ec.github.io/productos/jugu096-juguete-carro-coleccionable-mercedes-benz-deportivo-con-stickers/,pendiente_mejora,por verificar,selección automática,Original y producción visual pendientes; Verificar autenticidad de la unidad
JUGU072,Juguete Carro Coleccionable Mercedes Benz Pequeo,,,No aprobada,6.35,7.30,https://conectatech-ec.github.io/productos/jugu072-juguete-carro-coleccionable-mercedes-benz-pequeo/,pendiente_mejora,por verificar,selección automática,Original y producción visual pendientes; Verificar autenticidad de la unidad
JUGU045,Juguete Carro Coleccionable Porsche,,,No aprobada,26.00,29.90,https://conectatech-ec.github.io/productos/jugu045-juguete-carro-coleccionable-porsche/,pendiente_mejora,por verificar,selección automática,Original y producción visual pendientes; Verificar autenticidad de la unidad
JUGU049,Juguete Carro Coleccionable Rapido Y Furioso Blanco,,,No aprobada,20.00,23.00,https://conectatech-ec.github.io/productos/jugu049-juguete-carro-coleccionable-rapido-y-furioso-blanco/,pendiente_mejora,por verificar,selección automática,Original y producción visual pendientes; Verificar autenticidad de la unidad
JUGU077,Juguete Carro Coleccionable Shelby Rayas,,,No aprobada,28.00,32.20,https://conectatech-ec.github.io/productos/jugu077-juguete-carro-coleccionable-shelby-rayas/,pendiente_mejora,por verificar,selección automática,Original y producción visual pendientes; Verificar autenticidad de la unidad
JUGU135,Juguete Carro Coleccionale Skyline Racing,,,No aprobada,32.00,36.80,https://conectatech-ec.github.io/productos/jugu135-juguete-carro-coleccionale-skyline-racing/,pendiente_mejora,por verificar,selección automática,Original y producción visual pendientes; Verificar autenticidad de la unidad
JUGU082,Juguete Carro DE Coleccion Mercedes AM30,,,No aprobada,11.99,13.79,https://conectatech-ec.github.io/productos/jugu082-juguete-carro-de-coleccion-mercedes-am30/,pendiente_mejora,por verificar,selección automática,Original y producción visual pendientes; Verificar autenticidad de la unidad
JUGU084,Juguete Carro DE Coleccion Mercedes Benz Deportivo,,,No aprobada,28.00,32.20,https://conectatech-ec.github.io/productos/jugu084-juguete-carro-de-coleccion-mercedes-benz-deportivo/,pendiente_mejora,por verificar,selección automática,Original y producción visual pendientes; Verificar autenticidad de la unidad
JUGU036,Juguete Carro DE Coleccion Pichirilo Grande,,,No aprobada,26.00,29.90,https://conectatech-ec.github.io/productos/jugu036-juguete-carro-de-coleccion-pichirilo-grande/,pendiente_mejora,por verificar,selección automática,Original y producción visual pendientes; Verificar autenticidad de la unidad
JUGU037,Juguete Carro DE Coleccion Tamao Mercedes Benz Antiguo Grande,,,No aprobada,25.00,28.75,https://conectatech-ec.github.io/productos/jugu037-juguete-carro-de-coleccion-tamao-mercedes-benz-antiguo-grande/,pendiente_mejora,por verificar,selección automática,Original y producción visual pendientes; Verificar autenticidad de la unidad
JUGU152,Juguete Carro Grande EN Contenedor Naranja Varios Modelos,,,No aprobada,32.00,36.80,https://conectatech-ec.github.io/productos/jugu152-juguete-carro-grande-en-contenedor-naranja-varios-modelos/,pendiente_mejora,por verificar,selección automática,Original y producción visual pendientes; Verificar autenticidad de la unidad
JUGU005,Juguete Carro Mini Model,,,No aprobada,5.50,6.33,https://conectatech-ec.github.io/productos/jugu005-juguete-carro-mini-model/,pendiente_mejora,por verificar,selección automática,Original y producción visual pendientes; Verificar autenticidad de la unidad
JUGU160,Juguete Carrusel Creative Music BOX,,,No aprobada,39.45,45.37,https://conectatech-ec.github.io/productos/jugu160-juguete-carrusel-creative-music-box/,pendiente_mejora,por verificar,selección automática,Original y producción visual pendientes; Verificar autenticidad de la unidad
JUGU065,Juguete Cuadro CON Brillos Personajes Animados Varios Modelos,,,No aprobada,3.45,3.97,https://conectatech-ec.github.io/productos/jugu065-juguete-cuadro-con-brillos-personajes-animados-varios-modelos/,pendiente_mejora,por verificar,selección automática,Original y producción visual pendientes; Verificar autenticidad de la unidad
JUGU113,Juguete Cubo Rubik,,,No aprobada,10.15,11.67,https://conectatech-ec.github.io/productos/jugu113-juguete-cubo-rubik/,pendiente_mejora,por verificar,selección automática,Original y producción visual pendientes; Verificar autenticidad de la unidad
JUGU161,Juguete DE Combate,,,No aprobada,24.85,28.58,https://conectatech-ec.github.io/productos/jugu161-juguete-de-combate/,pendiente_mejora,por verificar,selección automática,Original y producción visual pendientes; Verificar autenticidad de la unidad
JUGU058,Juguete Dinosaurio Armable NO13087 1268 Piezas,,,No aprobada,37.29,42.88,https://conectatech-ec.github.io/productos/jugu058-juguete-dinosaurio-armable-no13087-1268-piezas/,pendiente_mejora,por verificar,selección automática,Original y producción visual pendientes; Verificar autenticidad de la unidad
JUGU154,Juguete Excavadora A Control Remoto,,,No aprobada,26.00,29.90,https://conectatech-ec.github.io/productos/jugu154-juguete-excavadora-a-control-remoto/,pendiente_mejora,por verificar,selección automática,Original y producción visual pendientes; Verificar autenticidad de la unidad
JUGU143,Juguete KIT Escolar Funda Kpop,,,No aprobada,11.90,13.69,https://conectatech-ec.github.io/productos/jugu143-juguete-kit-escolar-funda-kpop/,pendiente_mejora,por verificar,selección automática,Original y producción visual pendientes; Verificar autenticidad de la unidad
JUGU165,Juguete Libro Para Colorear Guerreras Kpop,,,No aprobada,2.90,3.34,https://conectatech-ec.github.io/productos/jugu165-juguete-libro-para-colorear-guerreras-kpop/,pendiente_mejora,por verificar,selección automática,Original y producción visual pendientes; Verificar autenticidad de la unidad
JUGU123,Juguete Mario Kart Grande Personaje Luigi,,,No aprobada,11.85,13.63,https://conectatech-ec.github.io/productos/jugu123-juguete-mario-kart-grande-personaje-luigi/,pendiente_mejora,por verificar,selección automática,Original y producción visual pendientes; Verificar autenticidad de la unidad
JUGU122,Juguete Mario Kart Grande Personaje Mario,,,No aprobada,11.85,13.63,https://conectatech-ec.github.io/productos/jugu122-juguete-mario-kart-grande-personaje-mario/,pendiente_mejora,por verificar,selección automática,Original y producción visual pendientes; Verificar autenticidad de la unidad
JUGU023,Juguete Mini Consola DE Video Juegos Power BOX G3 800 EN 1,,,No aprobada,28.00,32.20,https://conectatech-ec.github.io/productos/jugu023-juguete-mini-consola-de-video-juegos-power-box-g3-800-en-1/,pendiente_mejora,por verificar,selección automática,Original y producción visual pendientes; Verificar autenticidad de la unidad
JUGU021,Juguete Mini Consola DE Videojuegos D20S 500 IN 1 CON Control,,,No aprobada,33.01,37.96,https://conectatech-ec.github.io/productos/jugu021-juguete-mini-consola-de-videojuegos-d20s-500-in-1-con-control/,pendiente_mejora,por verificar,selección automática,Original y producción visual pendientes; Verificar autenticidad de la unidad
JUGU014,Juguete Mini Consola DE Videojuegos F4,,,No aprobada,26.00,29.90,https://conectatech-ec.github.io/productos/jugu014-juguete-mini-consola-de-videojuegos-f4/,pendiente_mejora,por verificar,selección automática,Original y producción visual pendientes; Verificar autenticidad de la unidad
JUGU012,Juguete Mini Consola DE Videojuegos F5,,,No aprobada,24.00,27.60,https://conectatech-ec.github.io/productos/jugu012-juguete-mini-consola-de-videojuegos-f5/,pendiente_mejora,por verificar,selección automática,Original y producción visual pendientes; Verificar autenticidad de la unidad
JUGU020,Juguete Mini Consola DE Videojuegos Gameboy G620,,,No aprobada,25.00,28.75,https://conectatech-ec.github.io/productos/jugu020-juguete-mini-consola-de-videojuegos-gameboy-g620/,pendiente_mejora,por verificar,selección automática,Original y producción visual pendientes; Verificar autenticidad de la unidad
JUGU121,Juguete Mini Consola DE Videojuegos J36 Ultra,,,No aprobada,79.01,90.86,https://conectatech-ec.github.io/productos/jugu121-juguete-mini-consola-de-videojuegos-j36-ultra/,pendiente_mejora,por verificar,selección automática,Original y producción visual pendientes; Verificar autenticidad de la unidad
JUGU015,Juguete Mini Consola DE Videojuegos K36,,,No aprobada,85.00,97.75,https://conectatech-ec.github.io/productos/jugu015-juguete-mini-consola-de-videojuegos-k36/,pendiente_mejora,por verificar,selección automática,Original y producción visual pendientes; Verificar autenticidad de la unidad
JUGU131,Juguete Mini Consola DE Videojuegos M26,,,No aprobada,89.00,102.35,https://conectatech-ec.github.io/productos/jugu131-juguete-mini-consola-de-videojuegos-m26/,pendiente_mejora,por verificar,selección automática,Original y producción visual pendientes; Verificar autenticidad de la unidad
JUGU130,Juguete Mini Consola DE Videojuegos M27,,,No aprobada,99.00,113.85,https://conectatech-ec.github.io/productos/jugu130-juguete-mini-consola-de-videojuegos-m27/,pendiente_mejora,por verificar,selección automática,Original y producción visual pendientes; Verificar autenticidad de la unidad
JUGU067,Juguete Mini Consola DE Videojuegos M3 SUP,,,No aprobada,14.90,17.14,https://conectatech-ec.github.io/productos/jugu067-juguete-mini-consola-de-videojuegos-m3-sup/,pendiente_mejora,por verificar,selección automática,Original y producción visual pendientes; Verificar autenticidad de la unidad
JUGU017,Juguete Mini Consola DE Videojuegos Mario Q8 520 IN 1,,,No aprobada,23.00,26.45,https://conectatech-ec.github.io/productos/jugu017-juguete-mini-consola-de-videojuegos-mario-q8-520-in-1/,pendiente_mejora,por verificar,selección automática,Original y producción visual pendientes; Verificar autenticidad de la unidad
JUGU022,Juguete Mini Consola DE Videojuegos Portatil Mini 500 Games,,,No aprobada,26.00,29.90,https://conectatech-ec.github.io/productos/jugu022-juguete-mini-consola-de-videojuegos-portatil-mini-500-games/,pendiente_mejora,por verificar,selección automática,Original y producción visual pendientes; Verificar autenticidad de la unidad
JUGU027,Juguete Mini Consola DE Videojuegos R36S,,,No aprobada,59.00,67.85,https://conectatech-ec.github.io/productos/jugu027-juguete-mini-consola-de-videojuegos-r36s/,pendiente_mejora,por verificar,selección automática,Original y producción visual pendientes; Verificar autenticidad de la unidad
JUGU125,Juguete Mini Consola DE Videojuegos R36XX,,,No aprobada,75.00,86.25,https://conectatech-ec.github.io/productos/jugu125-juguete-mini-consola-de-videojuegos-r36xx/,pendiente_mejora,por verificar,selección automática,Original y producción visual pendientes; Verificar autenticidad de la unidad
JUGU018,Juguete Mini Consola DE Videojuegos SUP CON Control,,,No aprobada,14.98,17.23,https://conectatech-ec.github.io/productos/jugu018-juguete-mini-consola-de-videojuegos-sup-con-control/,pendiente_mejora,por verificar,selección automática,Original y producción visual pendientes; Verificar autenticidad de la unidad
JUGU013,Juguete Mini Consola DE Videojuegos X8,,,No aprobada,59.00,67.85,https://conectatech-ec.github.io/productos/jugu013-juguete-mini-consola-de-videojuegos-x8/,pendiente_mejora,por verificar,selección automática,Original y producción visual pendientes; Verificar autenticidad de la unidad
JUGU126,Juguete Mini Consola DE Videojuegos XF40H,,,No aprobada,85.00,97.75,https://conectatech-ec.github.io/productos/jugu126-juguete-mini-consola-de-videojuegos-xf40h/,pendiente_mejora,por verificar,selección automática,Original y producción visual pendientes; Verificar autenticidad de la unidad
JUGU031,Juguete Mini Piano - Teclado Mario Bros CON Sonidos Para Ninos(as),,,No aprobada,11.99,13.79,https://conectatech-ec.github.io/productos/jugu031-juguete-mini-piano-teclado-mario-bros-con-sonidos-para-ninos-as/,pendiente_mejora,por verificar,selección automática,Original y producción visual pendientes; Verificar autenticidad de la unidad
JUGU061,Juguete Moto Armable L33022-1 Master OF Motoquick,,,No aprobada,16.00,18.40,https://conectatech-ec.github.io/productos/jugu061-juguete-moto-armable-l33022-1-master-of-motoquick/,pendiente_mejora,por verificar,selección automática,Original y producción visual pendientes; Verificar autenticidad de la unidad
JUGU119,Juguete Moto Coleccionable DE Alta Gama Harley Davison Grande,,,No aprobada,28.00,32.20,https://conectatech-ec.github.io/productos/jugu119-juguete-moto-coleccionable-de-alta-gama-harley-davison-grande/,pendiente_mejora,por verificar,selección automática,Original y producción visual pendientes; Verificar autenticidad de la unidad
JUGU140,Juguete Moto Coleccionable Deportiva Adventure CON Maletas Grande,,,No aprobada,28.70,33.01,https://conectatech-ec.github.io/productos/jugu140-juguete-moto-coleccionable-deportiva-adventure-con-maletas-grande/,pendiente_mejora,por verificar,selección automática,Original y producción visual pendientes; Verificar autenticidad de la unidad
JUGU150,Juguete Moto Coleccionable EN Contenedor Naranja,,,No aprobada,16.35,18.80,https://conectatech-ec.github.io/productos/jugu150-juguete-moto-coleccionable-en-contenedor-naranja/,pendiente_mejora,por verificar,selección automática,Original y producción visual pendientes; Verificar autenticidad de la unidad
JUGU048,Juguete Moto Coleccionable Grande,,,No aprobada,45.00,51.75,https://conectatech-ec.github.io/productos/jugu048-juguete-moto-coleccionable-grande/,pendiente_mejora,por verificar,selección automática,Original y producción visual pendientes; Verificar autenticidad de la unidad
JUGU120,Juguete Moto Coleccionable Harley Davison Mediana,,,No aprobada,9.25,10.64,https://conectatech-ec.github.io/productos/jugu120-juguete-moto-coleccionable-harley-davison-mediana/,pendiente_mejora,por verificar,selección automática,Original y producción visual pendientes; Verificar autenticidad de la unidad
JUGU087,Juguete Moto Coleccionable Mediana VER.2,,,No aprobada,23.00,26.45,https://conectatech-ec.github.io/productos/jugu087-juguete-moto-coleccionable-mediana-ver-2/,pendiente_mejora,por verificar,selección automática,Original y producción visual pendientes; Verificar autenticidad de la unidad
JUGU136,Juguete Moto Coleccionable R1M Grande Celeste,,,No aprobada,36.20,41.63,https://conectatech-ec.github.io/productos/jugu136-juguete-moto-coleccionable-r1m-grande-celeste/,pendiente_mejora,por verificar,selección automática,Original y producción visual pendientes; Verificar autenticidad de la unidad
JUGU079,Juguete Moto Coleccionable Scooter 400GT,,,No aprobada,9.00,10.35,https://conectatech-ec.github.io/productos/jugu079-juguete-moto-coleccionable-scooter-400gt/,pendiente_mejora,por verificar,selección automática,Original y producción visual pendientes; Verificar autenticidad de la unidad
JUGU106,Juguete Moto Enduro Coleccionable,,,No aprobada,19.15,22.02,https://conectatech-ec.github.io/productos/jugu106-juguete-moto-enduro-coleccionable/,pendiente_mejora,por verificar,selección automática,Original y producción visual pendientes; Verificar autenticidad de la unidad
JUGU051,Juguete Moto Mediana Coleccionable Varios Modelos,,,No aprobada,22.00,25.30,https://conectatech-ec.github.io/productos/jugu051-juguete-moto-mediana-coleccionable-varios-modelos/,pendiente_mejora,por verificar,selección automática,Original y producción visual pendientes; Verificar autenticidad de la unidad
JUGU007,Juguete Moto Pequea Clasica 6011,,,No aprobada,8.00,9.20,https://conectatech-ec.github.io/productos/jugu007-juguete-moto-pequea-clasica-6011/,pendiente_mejora,por verificar,selección automática,Original y producción visual pendientes; Verificar autenticidad de la unidad
JUGU068,Juguete Moto Vespa Coleccionable,,,No aprobada,29.35,33.75,https://conectatech-ec.github.io/productos/jugu068-juguete-moto-vespa-coleccionable/,pendiente_mejora,por verificar,selección automática,Original y producción visual pendientes; Verificar autenticidad de la unidad
JUGU030,Juguete Mueco DE Mario Grande,,,No aprobada,20.00,23.00,https://conectatech-ec.github.io/productos/jugu030-juguete-mueco-de-mario-grande/,pendiente_mejora,por verificar,selección automática,Original y producción visual pendientes; Verificar autenticidad de la unidad
JUGU156,Juguete Mueco DE TOY Story,,,No aprobada,9.75,11.21,https://conectatech-ec.github.io/productos/jugu156-juguete-mueco-de-toy-story/,pendiente_mejora,por verificar,selección automática,Original y producción visual pendientes; Verificar autenticidad de la unidad
JUGU009,Juguete Mueco Naruto,,,No aprobada,49.00,56.35,https://conectatech-ec.github.io/productos/jugu009-juguete-mueco-naruto/,pendiente_mejora,por verificar,selección automática,Original y producción visual pendientes; Verificar autenticidad de la unidad
JUGU128,Juguete Mueco Para Nios(as) DE Myworld,,,No aprobada,9.30,10.70,https://conectatech-ec.github.io/productos/jugu128-juguete-mueco-para-nios-as-de-myworld/,pendiente_mejora,por verificar,selección automática,Original y producción visual pendientes; Verificar autenticidad de la unidad
JUGU099,Juguete Mueco Personaje Luigi Caja Roja,,,No aprobada,23.00,26.45,https://conectatech-ec.github.io/productos/jugu099-juguete-mueco-personaje-luigi-caja-roja/,pendiente_mejora,por verificar,selección automática,Original y producción visual pendientes; Verificar autenticidad de la unidad
JUGU098,Juguete Mueco Personaje Mario Bros Caja Roja,,,No aprobada,23.00,26.45,https://conectatech-ec.github.io/productos/jugu098-juguete-mueco-personaje-mario-bros-caja-roja/,pendiente_mejora,por verificar,selección automática,Original y producción visual pendientes; Verificar autenticidad de la unidad
JUGU063,Juguete Mueco Personaje Mario Bros Gorra Blanca,,,No aprobada,10.01,11.51,https://conectatech-ec.github.io/productos/jugu063-juguete-mueco-personaje-mario-bros-gorra-blanca/,pendiente_mejora,por verificar,selección automática,Original y producción visual pendientes; Verificar autenticidad de la unidad
JUGU062,Juguete Mueco Personaje Wario,,,No aprobada,10.01,11.51,https://conectatech-ec.github.io/productos/jugu062-juguete-mueco-personaje-wario/,pendiente_mejora,por verificar,selección automática,Original y producción visual pendientes; Verificar autenticidad de la unidad
JUGU100,Juguete Mueco Spiderman Marvel,,,No aprobada,32.69,37.59,https://conectatech-ec.github.io/productos/jugu100-juguete-mueco-spiderman-marvel/,pendiente_mejora,por verificar,selección automática,Original y producción visual pendientes; Verificar autenticidad de la unidad
JUGU147,Juguete Perro Electronico Rosado,,,No aprobada,42.00,48.30,https://conectatech-ec.github.io/productos/jugu147-juguete-perro-electronico-rosado/,pendiente_mejora,por verificar,selección automática,Original y producción visual pendientes; Verificar autenticidad de la unidad
JUGU025,Juguete Personajes DE Mario Bros Detallados,,,No aprobada,4.50,5.18,https://conectatech-ec.github.io/productos/jugu025-juguete-personajes-de-mario-bros-detallados/,pendiente_mejora,por verificar,selección automática,Original y producción visual pendientes; Verificar autenticidad de la unidad
JUGU155,Juguete Pista DE Mario 60 Piezas,,,No aprobada,22.55,25.93,https://conectatech-ec.github.io/productos/jugu155-juguete-pista-de-mario-60-piezas/,pendiente_mejora,por verificar,selección automática,Original y producción visual pendientes; Verificar autenticidad de la unidad
JUGU057,Juguete Pizarra Electronica Para Nios(as) 8.5 LCD Panel Monito,,,No aprobada,7.50,8.63,https://conectatech-ec.github.io/productos/jugu057-juguete-pizarra-electronica-para-nios-as-8-5-lcd-panel-monito/,pendiente_mejora,por verificar,selección automática,Original y producción visual pendientes; Verificar autenticidad de la unidad
JUGU070,Juguete SET Carritos Maleta Pack 4 Unidades,,,No aprobada,9.00,10.35,https://conectatech-ec.github.io/productos/jugu070-juguete-set-carritos-maleta-pack-4-unidades/,pendiente_mejora,por verificar,selección automática,Original y producción visual pendientes; Verificar autenticidad de la unidad
JUGU069,Juguete SET Carritos Maleta Pack 8 Unidades,,,No aprobada,14.90,17.14,https://conectatech-ec.github.io/productos/jugu069-juguete-set-carritos-maleta-pack-8-unidades/,pendiente_mejora,por verificar,selección automática,Original y producción visual pendientes; Verificar autenticidad de la unidad
JUGU164,Juguete SET DE Maquillaje Guerreras Kpop,,,No aprobada,22.15,25.47,https://conectatech-ec.github.io/productos/jugu164-juguete-set-de-maquillaje-guerreras-kpop/,pendiente_mejora,por verificar,selección automática,Original y producción visual pendientes; Verificar autenticidad de la unidad
JUGU145,Juguete SET DE Maquillaje Para Nias,,,No aprobada,26.80,30.82,https://conectatech-ec.github.io/productos/jugu145-juguete-set-de-maquillaje-para-nias/,pendiente_mejora,por verificar,selección automática,Original y producción visual pendientes; Verificar autenticidad de la unidad
JUGU163,Juguete SET DE Maquillaje Para Nias Tipo Agenda,,,No aprobada,12.50,14.38,https://conectatech-ec.github.io/productos/jugu163-juguete-set-de-maquillaje-para-nias-tipo-agenda/,pendiente_mejora,por verificar,selección automática,Original y producción visual pendientes; Verificar autenticidad de la unidad
JUGU162,Juguete SET DE Maquillaje Para Nias Tipo Libro,,,No aprobada,29.35,33.75,https://conectatech-ec.github.io/productos/jugu162-juguete-set-de-maquillaje-para-nias-tipo-libro/,pendiente_mejora,por verificar,selección automática,Original y producción visual pendientes; Verificar autenticidad de la unidad
JUGU158,Juguete SET DE Muecas Kuromi,,,No aprobada,18.00,20.70,https://conectatech-ec.github.io/productos/jugu158-juguete-set-de-muecas-kuromi/,pendiente_mejora,por verificar,selección automática,Original y producción visual pendientes; Verificar autenticidad de la unidad
JUGU142,Juguete Sorpresa Kpop,,,No aprobada,1.85,2.13,https://conectatech-ec.github.io/productos/jugu142-juguete-sorpresa-kpop/,pendiente_mejora,por verificar,selección automática,Original y producción visual pendientes; Verificar autenticidad de la unidad
JUGU138,Juguete Taxi Coleccionable Amarillo Antiguo,,,No aprobada,10.90,12.54,https://conectatech-ec.github.io/productos/jugu138-juguete-taxi-coleccionable-amarillo-antiguo/,pendiente_mejora,por verificar,selección automática,Original y producción visual pendientes; Verificar autenticidad de la unidad
JUGU139,Juguete Taxi Coleccionable Deportivo Celeste,,,No aprobada,8.50,9.78,https://conectatech-ec.github.io/productos/jugu139-juguete-taxi-coleccionable-deportivo-celeste/,pendiente_mejora,por verificar,selección automática,Original y producción visual pendientes; Verificar autenticidad de la unidad
JUGU137,Juguete Taxi Pichirilo Coleccionable Amarillo,,,No aprobada,9.86,11.34,https://conectatech-ec.github.io/productos/jugu137-juguete-taxi-pichirilo-coleccionable-amarillo/,pendiente_mejora,por verificar,selección automática,Original y producción visual pendientes; Verificar autenticidad de la unidad
JUGU124,Juguetes Camioneta Coleccionable Hummer / Jeep,,,No aprobada,12.45,14.32,https://conectatech-ec.github.io/productos/jugu124-juguetes-camioneta-coleccionable-hummer-jeep/,pendiente_mejora,por verificar,selección automática,Original y producción visual pendientes; Verificar autenticidad de la unidad
JUGU151,Juguetes Carrito Pequeno EN Contenedor Naranja,,,No aprobada,6.35,7.30,https://conectatech-ec.github.io/productos/jugu151-juguetes-carrito-pequeno-en-contenedor-naranja/,pendiente_mejora,por verificar,selección automática,Original y producción visual pendientes; Verificar autenticidad de la unidad
KIT003,KIT DE Grabacion Para Celulares AY-49U,,,No aprobada,20.85,23.98,https://conectatech-ec.github.io/productos/kit003-kit-de-grabacion-para-celulares-ay-49u/,pendiente_mejora,por verificar,selección automática,Original y producción visual pendientes; Verificar autenticidad de la unidad
LED003,LED Tira LED RGB 10 Metros,,,No aprobada,16.50,18.98,https://conectatech-ec.github.io/productos/led003-led-tira-led-rgb-10-metros/,pendiente_mejora,por verificar,selección automática,Original y producción visual pendientes; Verificar autenticidad de la unidad
LED002,LED Tira LED RGB 5M,,,No aprobada,13.14,15.11,https://conectatech-ec.github.io/productos/led002-led-tira-led-rgb-5m/,pendiente_mejora,por verificar,selección automática,Original y producción visual pendientes; Verificar autenticidad de la unidad
LAMP003,Lampara LED Grande Ovalada,,,No aprobada,49.00,56.35,https://conectatech-ec.github.io/productos/lamp003-lampara-led-grande-ovalada/,pendiente_mejora,por verificar,selección automática,Original y producción visual pendientes; Verificar autenticidad de la unidad
LAMP002,Lampara Plegable DE Escritorio Pequea,,,No aprobada,14.25,16.39,https://conectatech-ec.github.io/productos/lamp002-lampara-plegable-de-escritorio-pequea/,pendiente_mejora,por verificar,selección automática,Original y producción visual pendientes; Verificar autenticidad de la unidad
LAMP001,Lampara Plegable Para Escritorio Mediana,,,No aprobada,17.35,19.95,https://conectatech-ec.github.io/productos/lamp001-lampara-plegable-para-escritorio-mediana/,pendiente_mejora,por verificar,selección automática,Original y producción visual pendientes; Verificar autenticidad de la unidad
LASE002,Laser Puntero Color Rojo Simple,,,No aprobada,2.35,2.70,https://conectatech-ec.github.io/productos/lase002-laser-puntero-color-rojo-simple/,pendiente_mejora,por verificar,selección automática,Original y producción visual pendientes; Verificar autenticidad de la unidad
LASE001,Laser Puntero Color Verde,,,No aprobada,14.15,16.27,https://conectatech-ec.github.io/productos/lase001-laser-puntero-color-verde/,pendiente_mejora,por verificar,selección automática,Original y producción visual pendientes; Verificar autenticidad de la unidad
LASE004,Laser Puntero Tipo Esfero,,,No aprobada,10.90,12.54,https://conectatech-ec.github.io/productos/lase004-laser-puntero-tipo-esfero/,pendiente_mejora,por verificar,selección automática,Original y producción visual pendientes; Verificar autenticidad de la unidad
LECT004,Lector DE Cd-dvd Externo Andowl,,,No aprobada,37.50,43.13,https://conectatech-ec.github.io/productos/lect004-lector-de-cd-dvd-externo-andowl/,pendiente_mejora,por verificar,selección automática,Original y producción visual pendientes; Verificar autenticidad de la unidad
LECT005,Lector DE Cd-dvd Externo Marca Dell,,,No aprobada,69.30,79.70,https://conectatech-ec.github.io/productos/lect005-lector-de-cd-dvd-externo-marca-dell/,pendiente_mejora,por verificar,selección automática,Original y producción visual pendientes; Verificar autenticidad de la unidad
LINT007,Linterna CON Estuche Verde,,,No aprobada,12.35,14.20,https://conectatech-ec.github.io/productos/lint007-linterna-con-estuche-verde/,pendiente_mejora,por verificar,selección automática,Original y producción visual pendientes; Verificar autenticidad de la unidad
LINT008,Linterna CON Guinda Modelo WJ-960,,,No aprobada,12.90,14.84,https://conectatech-ec.github.io/productos/lint008-linterna-con-guinda-modelo-wj-960/,pendiente_mejora,por verificar,selección automática,Original y producción visual pendientes; Verificar autenticidad de la unidad
LINT009,Linterna DE Cabeza KY-1805,,,No aprobada,14.50,16.68,https://conectatech-ec.github.io/productos/lint009-linterna-de-cabeza-ky-1805/,pendiente_mejora,por verificar,selección automática,Original y producción visual pendientes; Verificar autenticidad de la unidad
LINT010,Linterna DE Cabeza NF-611,,,No aprobada,12.90,14.84,https://conectatech-ec.github.io/productos/lint010-linterna-de-cabeza-nf-611/,pendiente_mejora,por verificar,selección automática,Original y producción visual pendientes; Verificar autenticidad de la unidad
LINT001,Linterna DE Cabeza YM 308,,,No aprobada,11.99,13.79,https://conectatech-ec.github.io/productos/lint001-linterna-de-cabeza-ym-308/,pendiente_mejora,por verificar,selección automática,Original y producción visual pendientes; Verificar autenticidad de la unidad
LINT005,Linterna Multiuso Modelo W5138 Tipo Llavero,,,No aprobada,11.90,13.69,https://conectatech-ec.github.io/productos/lint005-linterna-multiuso-modelo-w5138-tipo-llavero/,pendiente_mejora,por verificar,selección automática,Original y producción visual pendientes; Verificar autenticidad de la unidad
MICA015,Mica Antiespia Para Iphone 11 Series,,,No aprobada,7.50,8.63,https://conectatech-ec.github.io/productos/mica015-mica-antiespia-para-iphone-11-series/,pendiente_mejora,por verificar,selección automática,Original y producción visual pendientes; Verificar autenticidad de la unidad
MICA017,Mica Antiespia Para Iphone Magic Glass,,,No aprobada,11.99,13.79,https://conectatech-ec.github.io/productos/mica017-mica-antiespia-para-iphone-magic-glass/,pendiente_mejora,por verificar,selección automática,Original y producción visual pendientes; Verificar autenticidad de la unidad
MICR02,Microfono Alambrico 3.5MM MC-R1,,,No aprobada,6.90,7.94,https://conectatech-ec.github.io/productos/micr02-microfono-alambrico-3-5mm-mc-r1/,pendiente_mejora,por verificar,selección automática,Original y producción visual pendientes; Verificar autenticidad de la unidad
MICR20,Microfono Alambrico Modelo PGA58,,,No aprobada,37.80,43.47,https://conectatech-ec.github.io/productos/micr20-microfono-alambrico-modelo-pga58/,pendiente_mejora,por verificar,selección automática,Original y producción visual pendientes; Verificar autenticidad de la unidad
MICR06,Microfono Alambrico Usb-c MC-R2,,,No aprobada,7.50,8.63,https://conectatech-ec.github.io/productos/micr06-microfono-alambrico-usb-c-mc-r2/,pendiente_mejora,por verificar,selección automática,Original y producción visual pendientes; Verificar autenticidad de la unidad
MICR21,Microfono F9 Doble CON Conector Lightning,,,No aprobada,30.00,34.50,https://conectatech-ec.github.io/productos/micr21-microfono-f9-doble-con-conector-lightning/,pendiente_mejora,por verificar,selección automática,Original y producción visual pendientes; Verificar autenticidad de la unidad
MICR32,Microfono Gamer ENV Gamepod Para Pc-laptop,,,No aprobada,28.60,32.89,https://conectatech-ec.github.io/productos/micr32-microfono-gamer-env-gamepod-para-pc-laptop/,pendiente_mejora,por verificar,selección automática,Original y producción visual pendientes; Verificar autenticidad de la unidad
MICR33,Microfono Genuine Para Pc-laptop,,,No aprobada,22.15,25.47,https://conectatech-ec.github.io/productos/micr33-microfono-genuine-para-pc-laptop/,pendiente_mejora,por verificar,selección automática,Original y producción visual pendientes; Verificar autenticidad de la unidad
MICR13,Microfono Inalambrico CON Powerbank SX21,,,No aprobada,36.90,42.44,https://conectatech-ec.github.io/productos/micr13-microfono-inalambrico-con-powerbank-sx21/,pendiente_mejora,por verificar,selección automática,Original y producción visual pendientes; Verificar autenticidad de la unidad
MICR03,Microfono Inalambrico Doble Para Iphone K9,,,No aprobada,19.00,21.85,https://conectatech-ec.github.io/productos/micr03-microfono-inalambrico-doble-para-iphone-k9/,pendiente_mejora,por verificar,selección automática,Original y producción visual pendientes; Verificar autenticidad de la unidad
MICR14,Microfono Inalambrico F15-2,,,No aprobada,27.00,31.05,https://conectatech-ec.github.io/productos/micr14-microfono-inalambrico-f15-2/,pendiente_mejora,por verificar,selección automática,Original y producción visual pendientes; Verificar autenticidad de la unidad
MICR09,Microfono Inalambrico NK11,,,No aprobada,28.00,32.20,https://conectatech-ec.github.io/productos/micr09-microfono-inalambrico-nk11/,pendiente_mejora,por verificar,selección automática,Original y producción visual pendientes; Verificar autenticidad de la unidad
MICR34,Microfono Inalambrico SET 2 Sagapu TTD-M12,,,No aprobada,33.15,38.12,https://conectatech-ec.github.io/productos/micr34-microfono-inalambrico-set-2-sagapu-ttd-m12/,pendiente_mejora,por verificar,selección automática,Original y producción visual pendientes; Verificar autenticidad de la unidad
MICR12,Microfono Inalambrico Triple Conector S/R,,,No aprobada,33.01,37.96,https://conectatech-ec.github.io/productos/micr12-microfono-inalambrico-triple-conector-s-r/,pendiente_mejora,por verificar,selección automática,Original y producción visual pendientes; Verificar autenticidad de la unidad
MICR30,Microfono Inalambrico Vocal Profesional UHF,,,No aprobada,18.45,21.22,https://conectatech-ec.github.io/productos/micr30-microfono-inalambrico-vocal-profesional-uhf/,pendiente_mejora,por verificar,selección automática,Original y producción visual pendientes; Verificar autenticidad de la unidad
MICR27,Micrófono USB JBL Quantum Stream,imagenes/micr27/original-48fa3cba16d12922.png,/imagenes/micr27/MICR27-01.webp,"1200x1200 WebP; sin ampliación; fuente [1605, 1605]; 34750 bytes",102.01,117.31,https://conectatech-ec.github.io/productos/micr27-microfono-jbl-quantum-stream/,publicado_verificado,por verificar,selección automática,Verificar autenticidad de la unidad
MICR36,Microfono JBL Quantum Stream Wireless Usb-c,,,No aprobada,98.30,113.05,https://conectatech-ec.github.io/productos/micr36-microfono-jbl-quantum-stream-wireless-usb-c/,pendiente_mejora,por verificar,selección automática,Original y producción visual pendientes; Verificar autenticidad de la unidad
MICR10,Microfono K35,,,No aprobada,13.00,14.95,https://conectatech-ec.github.io/productos/micr10-microfono-k35/,pendiente_mejora,por verificar,selección automática,Original y producción visual pendientes; Verificar autenticidad de la unidad
MICR35,Microfono Lavalier ANC Magnetico,,,No aprobada,29.45,33.87,https://conectatech-ec.github.io/productos/micr35-microfono-lavalier-anc-magnetico/,pendiente_mejora,por verificar,selección automática,Original y producción visual pendientes; Verificar autenticidad de la unidad
MICR28,Microfono M6 SET 1,,,No aprobada,19.00,21.85,https://conectatech-ec.github.io/productos/micr28-microfono-m6-set-1/,pendiente_mejora,por verificar,selección automática,Original y producción visual pendientes; Verificar autenticidad de la unidad
MICR23,Microfono M6 Usb-c Doble Modulo SET 2,,,No aprobada,21.30,24.50,https://conectatech-ec.github.io/productos/micr23-microfono-m6-usb-c-doble-modulo-set-2/,pendiente_mejora,por verificar,selección automática,Original y producción visual pendientes; Verificar autenticidad de la unidad
MICR08,Microfono Para Pc-laptop HP DHP-1100I,,,No aprobada,19.00,21.85,https://conectatech-ec.github.io/productos/micr08-microfono-para-pc-laptop-hp-dhp-1100i/,pendiente_mejora,por verificar,selección automática,Original y producción visual pendientes; Verificar autenticidad de la unidad
MICR24,Microfono Primus VOX01,,,No aprobada,36.90,42.44,https://conectatech-ec.github.io/productos/micr24-microfono-primus-vox01/,pendiente_mejora,por verificar,selección automática,Original y producción visual pendientes; Verificar autenticidad de la unidad
MICR25,Microfono Vocal Thunder Sound 53HS472,,,No aprobada,9.86,11.34,https://conectatech-ec.github.io/productos/micr25-microfono-vocal-thunder-sound-53hs472/,pendiente_mejora,por verificar,selección automática,Original y producción visual pendientes; Verificar autenticidad de la unidad
MOUS001,Mouse Alambrico Color Gris-negro S/R,,,No aprobada,8.00,9.20,https://conectatech-ec.github.io/productos/mous001-mouse-alambrico-color-gris-negro-s-r/,pendiente_mejora,por verificar,selección automática,Original y producción visual pendientes; Verificar autenticidad de la unidad
MOUS030,Mouse Alambrico Gaming RCA Game ON 5RCA555,,,No aprobada,16.35,18.80,https://conectatech-ec.github.io/productos/mous030-mouse-alambrico-gaming-rca-game-on-5rca555/,pendiente_mejora,por verificar,selección automática,Original y producción visual pendientes; Verificar autenticidad de la unidad
MOUS014,Mouse Alambrico Gaming RCA-201,,,No aprobada,20.00,23.00,https://conectatech-ec.github.io/productos/mous014-mouse-alambrico-gaming-rca-201/,pendiente_mejora,por verificar,selección automática,Original y producción visual pendientes; Verificar autenticidad de la unidad
MOUS021,Mouse Alambrico Monster 5MONT36,,,No aprobada,7.75,8.91,https://conectatech-ec.github.io/productos/mous021-mouse-alambrico-monster-5mont36/,pendiente_mejora,por verificar,selección automática,Original y producción visual pendientes; Verificar autenticidad de la unidad
MOUS045,Mouse ENV Vortex Gaming Silencioso,,,No aprobada,15.20,17.48,https://conectatech-ec.github.io/productos/mous045-mouse-env-vortex-gaming-silencioso/,pendiente_mejora,por verificar,selección automática,Original y producción visual pendientes; Verificar autenticidad de la unidad
MOUS025,Mouse Ergonomico Inalambrico Yelandar Modelo D6,,,No aprobada,16.35,18.80,https://conectatech-ec.github.io/productos/mous025-mouse-ergonomico-inalambrico-yelandar-modelo-d6/,pendiente_mejora,por verificar,selección automática,Original y producción visual pendientes; Verificar autenticidad de la unidad
MOUS035,Mouse Ergonomico Klipxtreme Ergolast,,,No aprobada,22.15,25.47,https://conectatech-ec.github.io/productos/mous035-mouse-ergonomico-klipxtreme-ergolast/,pendiente_mejora,por verificar,selección automática,Original y producción visual pendientes; Verificar autenticidad de la unidad
MOUS003,Mouse Ergonomico Meetion BTM010R,,,No aprobada,29.00,33.35,https://conectatech-ec.github.io/productos/mous003-mouse-ergonomico-meetion-btm010r/,pendiente_mejora,por verificar,selección automática,Original y producción visual pendientes; Verificar autenticidad de la unidad
MOUS007,Mouse Game Mouse RCA X103,,,No aprobada,8.30,9.55,https://conectatech-ec.github.io/productos/mous007-mouse-game-mouse-rca-x103/,pendiente_mejora,por verificar,selección automática,Original y producción visual pendientes; Verificar autenticidad de la unidad
MOUS005,Mouse Genius,,,No aprobada,9.00,10.35,https://conectatech-ec.github.io/productos/mous005-mouse-genius/,pendiente_mejora,por verificar,selección automática,Original y producción visual pendientes; Verificar autenticidad de la unidad
MOUS020,Mouse Inalamabrico RCA X86,,,No aprobada,13.50,15.53,https://conectatech-ec.github.io/productos/mous020-mouse-inalamabrico-rca-x86/,pendiente_mejora,por verificar,selección automática,Original y producción visual pendientes; Verificar autenticidad de la unidad
MOUS031,Mouse Inalambrico 2.4GHZ Para Laptop Y PC / Usb-a + Bluetooth,,,No aprobada,14.90,17.14,https://conectatech-ec.github.io/productos/mous031-mouse-inalambrico-2-4ghz-para-laptop-y-pc-usb-a-bluetooth/,pendiente_mejora,por verificar,selección automática,Original y producción visual pendientes; Verificar autenticidad de la unidad
MOUS043,Mouse Inalambrico ENV Gaming PRO,,,No aprobada,19.90,22.89,https://conectatech-ec.github.io/productos/mous043-mouse-inalambrico-env-gaming-pro/,pendiente_mejora,por verificar,selección automática,Original y producción visual pendientes; Verificar autenticidad de la unidad
MOUS011,Mouse Inalambrico Ergonomico Meetion R390 / BTM008,,,No aprobada,25.00,28.75,https://conectatech-ec.github.io/productos/mous011-mouse-inalambrico-ergonomico-meetion-r390-btm008/,pendiente_mejora,por verificar,selección automática,Original y producción visual pendientes; Verificar autenticidad de la unidad
MOUS022,Mouse Inalambrico Monster 5MONT35,,,No aprobada,12.50,14.38,https://conectatech-ec.github.io/productos/mous022-mouse-inalambrico-monster-5mont35/,pendiente_mejora,por verificar,selección automática,Original y producción visual pendientes; Verificar autenticidad de la unidad
MOUS010,Mouse Inalambrico Monster Airmars M5,,,No aprobada,13.00,14.95,https://conectatech-ec.github.io/productos/mous010-mouse-inalambrico-monster-airmars-m5/,pendiente_mejora,por verificar,selección automática,Original y producción visual pendientes; Verificar autenticidad de la unidad
MOUS013,Mouse Inalambrico RCA200,,,No aprobada,18.00,20.70,https://conectatech-ec.github.io/productos/mous013-mouse-inalambrico-rca200/,pendiente_mejora,por verificar,selección automática,Original y producción visual pendientes; Verificar autenticidad de la unidad
MOUS016,Mouse Inalambrico S/R Micro-usb / Usb-a + Bluetooth,,,No aprobada,11.99,13.79,https://conectatech-ec.github.io/productos/mous016-mouse-inalambrico-s-r-micro-usb-usb-a-bluetooth/,pendiente_mejora,por verificar,selección automática,Original y producción visual pendientes; Verificar autenticidad de la unidad
MOUS026,Mouse Inalambrico Ver. X2,,,No aprobada,15.76,18.12,https://conectatech-ec.github.io/productos/mous026-mouse-inalambrico-ver-x2/,pendiente_mejora,por verificar,selección automática,Original y producción visual pendientes; Verificar autenticidad de la unidad
MOUS027,Mouse Inalambrico Zornwee CH002,,,No aprobada,18.00,20.70,https://conectatech-ec.github.io/productos/mous027-mouse-inalambrico-zornwee-ch002/,pendiente_mejora,por verificar,selección automática,Original y producción visual pendientes; Verificar autenticidad de la unidad
MOUS041,Mouse Klipextreme Arrow KMW-335WH,,,No aprobada,14.85,17.08,https://conectatech-ec.github.io/productos/mous041-mouse-klipextreme-arrow-kmw-335wh/,pendiente_mejora,por verificar,selección automática,Original y producción visual pendientes; Verificar autenticidad de la unidad
MOUS036,Mouse Klipxtreme Lightflex,,,No aprobada,23.00,26.45,https://conectatech-ec.github.io/productos/mous036-mouse-klipxtreme-lightflex/,pendiente_mejora,por verificar,selección automática,Original y producción visual pendientes; Verificar autenticidad de la unidad
MOUS037,Mouse Klipxtreme Slimsurfer,,,No aprobada,16.70,19.21,https://conectatech-ec.github.io/productos/mous037-mouse-klipxtreme-slimsurfer/,pendiente_mejora,por verificar,selección automática,Original y producción visual pendientes; Verificar autenticidad de la unidad
MOUS039,Mouse Meetion BTM005 Transparente,,,No aprobada,21.85,25.13,https://conectatech-ec.github.io/productos/mous039-mouse-meetion-btm005-transparente/,pendiente_mejora,por verificar,selección automática,Original y producción visual pendientes; Verificar autenticidad de la unidad
MOUS040,Mouse Meetion Minigo,,,No aprobada,18.30,21.05,https://conectatech-ec.github.io/productos/mous040-mouse-meetion-minigo/,pendiente_mejora,por verificar,selección automática,Original y producción visual pendientes; Verificar autenticidad de la unidad
MOUS018,Mouse Weibo Model W07,,,No aprobada,12.75,14.66,https://conectatech-ec.github.io/productos/mous018-mouse-weibo-model-w07/,pendiente_mejora,por verificar,selección automática,Original y producción visual pendientes; Verificar autenticidad de la unidad
MOUS032,Mouse Xiaomi Lite 2,,,No aprobada,18.45,21.22,https://conectatech-ec.github.io/productos/mous032-mouse-xiaomi-lite-2/,pendiente_mejora,por verificar,selección automática,Original y producción visual pendientes; Verificar autenticidad de la unidad
MOUS017,Mouse Yelandar AN01 Elegant,,,No aprobada,13.00,14.95,https://conectatech-ec.github.io/productos/mous017-mouse-yelandar-an01-elegant/,pendiente_mejora,por verificar,selección automática,Original y producción visual pendientes; Verificar autenticidad de la unidad
MOUS009,Mousepad CON Almohadilla DE GEL,,,No aprobada,6.00,6.90,https://conectatech-ec.github.io/productos/mous009-mousepad-con-almohadilla-de-gel/,pendiente_mejora,por verificar,selección automática,Original y producción visual pendientes; Verificar autenticidad de la unidad
PADM004,Padmouse Mousepad ENV Cuadrados,,,No aprobada,4.15,4.77,https://conectatech-ec.github.io/productos/padm004-padmouse-mousepad-env-cuadrados/,pendiente_mejora,por verificar,selección automática,Original y producción visual pendientes; Verificar autenticidad de la unidad
PADM006,Padmouse Mousepad Marvel Spiderman XXL,,,No aprobada,26.80,30.82,https://conectatech-ec.github.io/productos/padm006-padmouse-mousepad-marvel-spiderman-xxl/,pendiente_mejora,por verificar,selección automática,Original y producción visual pendientes; Verificar autenticidad de la unidad
PADM001,Padmouse Mousepad PAD Mouse Havit,,,No aprobada,8.15,9.37,https://conectatech-ec.github.io/productos/padm001-padmouse-mousepad-pad-mouse-havit/,pendiente_mejora,por verificar,selección automática,Original y producción visual pendientes; Verificar autenticidad de la unidad
PADM002,Padmouse Mousepad Xtech Pequeos,,,No aprobada,3.00,3.45,https://conectatech-ec.github.io/productos/padm002-padmouse-mousepad-xtech-pequeos/,pendiente_mejora,por verificar,selección automática,Original y producción visual pendientes; Verificar autenticidad de la unidad
PALA001,Palanca Para Play Station 4 - PS4,,,No aprobada,22.00,25.30,https://conectatech-ec.github.io/productos/pala001-palanca-para-play-station-4-ps4/,pendiente_mejora,por verificar,selección automática,Original y producción visual pendientes; Verificar autenticidad de la unidad
PANE003,Panel DE LUZ PL-16,,,No aprobada,24.45,28.12,https://conectatech-ec.github.io/productos/pane003-panel-de-luz-pl-16/,pendiente_mejora,por verificar,selección automática,Original y producción visual pendientes; Verificar autenticidad de la unidad
PANE002,Panel DE LUZ PL-19,,,No aprobada,29.35,33.75,https://conectatech-ec.github.io/productos/pane002-panel-de-luz-pl-19/,pendiente_mejora,por verificar,selección automática,Original y producción visual pendientes; Verificar autenticidad de la unidad
PILA053,Pila 1220 Murata,,,No aprobada,2.96,3.40,https://conectatech-ec.github.io/productos/pila053-pila-1220-murata/,pendiente_mejora,por verificar,selección automática,Original y producción visual pendientes; Verificar autenticidad de la unidad
PILA068,Pila 1632 Murata,,,No aprobada,4.35,5.00,https://conectatech-ec.github.io/productos/pila068-pila-1632-murata/,pendiente_mejora,por verificar,selección automática,Original y producción visual pendientes; Verificar autenticidad de la unidad
PILA041,Pila 192 392 LR41 Suncom,,,No aprobada,1.45,1.67,https://conectatech-ec.github.io/productos/pila041-pila-192-392-lr41-suncom/,pendiente_mejora,por verificar,selección automática,Original y producción visual pendientes; Verificar autenticidad de la unidad
PILA073,Pila 23A GP,,,No aprobada,3.25,3.74,https://conectatech-ec.github.io/productos/pila073-pila-23a-gp/,pendiente_mejora,por verificar,selección automática,Original y producción visual pendientes; Verificar autenticidad de la unidad
PILA014,Pila 23A Pikcell,,,No aprobada,2.79,3.21,https://conectatech-ec.github.io/productos/pila014-pila-23a-pikcell/,pendiente_mejora,por verificar,selección automática,Original y producción visual pendientes; Verificar autenticidad de la unidad
PILA015,Pila 27A Pikcell,,,No aprobada,2.79,3.21,https://conectatech-ec.github.io/productos/pila015-pila-27a-pikcell/,pendiente_mejora,por verificar,selección automática,Original y producción visual pendientes; Verificar autenticidad de la unidad
PILA016,Pila 364 Murata,,,No aprobada,2.25,2.59,https://conectatech-ec.github.io/productos/pila016-pila-364-murata/,pendiente_mejora,por verificar,selección automática,Original y producción visual pendientes; Verificar autenticidad de la unidad
PILA018,Pila 371 Murata,,,No aprobada,2.50,2.88,https://conectatech-ec.github.io/productos/pila018-pila-371-murata/,pendiente_mejora,por verificar,selección automática,Original y producción visual pendientes; Verificar autenticidad de la unidad
PILA034,Pila 377 - LR626 - AG4 Pikcell,,,No aprobada,1.75,2.01,https://conectatech-ec.github.io/productos/pila034-pila-377-lr626-ag4-pikcell/,pendiente_mejora,por verificar,selección automática,Original y producción visual pendientes; Verificar autenticidad de la unidad
PILA051,Pila 379 Murata,,,No aprobada,2.35,2.70,https://conectatech-ec.github.io/productos/pila051-pila-379-murata/,pendiente_mejora,por verificar,selección automática,Original y producción visual pendientes; Verificar autenticidad de la unidad
PILA032,Pila 389 - 189 - LR1130 - AG10 Pikcell,,,No aprobada,1.75,2.01,https://conectatech-ec.github.io/productos/pila032-pila-389-189-lr1130-ag10-pikcell/,pendiente_mejora,por verificar,selección automática,Original y producción visual pendientes; Verificar autenticidad de la unidad
PILA061,Pila 394 - AG9 Maxday,,,No aprobada,1.96,2.25,https://conectatech-ec.github.io/productos/pila061-pila-394-ag9-maxday/,pendiente_mejora,por verificar,selección automática,Original y producción visual pendientes; Verificar autenticidad de la unidad
PILA058,Pila 395 - 399 - AG7 Maxday,,,No aprobada,1.96,2.25,https://conectatech-ec.github.io/productos/pila058-pila-395-399-ag7-maxday/,pendiente_mejora,por verificar,selección automática,Original y producción visual pendientes; Verificar autenticidad de la unidad
PILA001,Pila 9V Alcalina Pikcell,,,No aprobada,4.80,5.52,https://conectatech-ec.github.io/productos/pila001-pila-9v-alcalina-pikcell/,pendiente_mejora,por verificar,selección automática,Original y producción visual pendientes; Verificar autenticidad de la unidad
PILA003,Pila 9V Alcalina Rayovac,,,No aprobada,5.95,6.84,https://conectatech-ec.github.io/productos/pila003-pila-9v-alcalina-rayovac/,pendiente_mejora,por verificar,selección automática,Original y producción visual pendientes; Verificar autenticidad de la unidad
PILA004,Pila 9V Maxday,,,No aprobada,4.15,4.77,https://conectatech-ec.github.io/productos/pila004-pila-9v-maxday/,pendiente_mejora,por verificar,selección automática,Original y producción visual pendientes; Verificar autenticidad de la unidad
PILA023,Pila AA Rayovac Pack DE 2,,,No aprobada,3.00,3.45,https://conectatech-ec.github.io/productos/pila023-pila-aa-rayovac-pack-de-2/,pendiente_mejora,por verificar,selección automática,Original y producción visual pendientes; Verificar autenticidad de la unidad
PILA028,Pila AAA RCA Pack DE 6,,,No aprobada,4.50,5.18,https://conectatech-ec.github.io/productos/pila028-pila-aaa-rca-pack-de-6/,pendiente_mejora,por verificar,selección automática,Original y producción visual pendientes; Verificar autenticidad de la unidad
PILA039,Pila AAA Sony Pack 4,,,No aprobada,4.30,4.95,https://conectatech-ec.github.io/productos/pila039-pila-aaa-sony-pack-4/,pendiente_mejora,por verificar,selección automática,Original y producción visual pendientes; Verificar autenticidad de la unidad
PILA067,Pila Aaaa Camelion Pack DE 2,,,No aprobada,6.15,7.07,https://conectatech-ec.github.io/productos/pila067-pila-aaaa-camelion-pack-de-2/,pendiente_mejora,por verificar,selección automática,Original y producción visual pendientes; Verificar autenticidad de la unidad
PILA005,Pila Bateria 9V Recargable Maxday,,,No aprobada,9.35,10.75,https://conectatech-ec.github.io/productos/pila005-pila-bateria-9v-recargable-maxday/,pendiente_mejora,por verificar,selección automática,Original y producción visual pendientes; Verificar autenticidad de la unidad
PILA031,Pila C RCA,,,No aprobada,4.75,5.46,https://conectatech-ec.github.io/productos/pila031-pila-c-rca/,pendiente_mejora,por verificar,selección automática,Original y producción visual pendientes; Verificar autenticidad de la unidad
PILA070,Pila D Maxday,,,No aprobada,5.90,6.79,https://conectatech-ec.github.io/productos/pila070-pila-d-maxday/,pendiente_mejora,por verificar,selección automática,Original y producción visual pendientes; Verificar autenticidad de la unidad
PILA030,Pila D RCA,,,No aprobada,5.50,6.33,https://conectatech-ec.github.io/productos/pila030-pila-d-rca/,pendiente_mejora,por verificar,selección automática,Original y producción visual pendientes; Verificar autenticidad de la unidad
PILA007,Pila Recargable AA Pack DE 2 MP Multiple Power,,,No aprobada,6.90,7.94,https://conectatech-ec.github.io/productos/pila007-pila-recargable-aa-pack-de-2-mp-multiple-power/,pendiente_mejora,por verificar,selección automática,Original y producción visual pendientes; Verificar autenticidad de la unidad
PILA046,Pila Recargable AAA Marca Maxday Pack DE 2,,,No aprobada,6.24,7.18,https://conectatech-ec.github.io/productos/pila046-pila-recargable-aaa-marca-maxday-pack-de-2/,pendiente_mejora,por verificar,selección automática,Original y producción visual pendientes; Verificar autenticidad de la unidad
PILA043,Pila Recargable AAA Maxday Pack DE 4,,,No aprobada,7.45,8.57,https://conectatech-ec.github.io/productos/pila043-pila-recargable-aaa-maxday-pack-de-4/,pendiente_mejora,por verificar,selección automática,Original y producción visual pendientes; Verificar autenticidad de la unidad
PILA047,Pila Recargables AA Marca Maxday Pack DE 2,,,No aprobada,6.24,7.18,https://conectatech-ec.github.io/productos/pila047-pila-recargables-aa-marca-maxday-pack-de-2/,pendiente_mejora,por verificar,selección automática,Original y producción visual pendientes; Verificar autenticidad de la unidad
POP001,Popsocket - Ventosa - Chupon Para Celular,,,No aprobada,5.00,5.75,https://conectatech-ec.github.io/productos/pop001-popsocket-ventosa-chupon-para-celular/,pendiente_mejora,por verificar,selección automática,Original y producción visual pendientes; Verificar autenticidad de la unidad
POWE004,Powerbank 66W 30000MAH,,,No aprobada,34.99,40.24,https://conectatech-ec.github.io/productos/powe004-powerbank-66w-30000mah/,pendiente_mejora,por verificar,selección automática,Original y producción visual pendientes; Verificar autenticidad de la unidad
POWE010,Powerbank Alambrica Monster 22.5W Cuadrada Incluye Cables,,,No aprobada,29.35,33.75,https://conectatech-ec.github.io/productos/powe010-powerbank-alambrica-monster-22-5w-cuadrada-incluye-cables/,pendiente_mejora,por verificar,selección automática,Original y producción visual pendientes; Verificar autenticidad de la unidad
POWE008,Powerbank Inalambrica Monster 22.5W 10000MAH,,,No aprobada,31.90,36.69,https://conectatech-ec.github.io/productos/powe008-powerbank-inalambrica-monster-22-5w-10000mah/,pendiente_mejora,por verificar,selección automática,Original y producción visual pendientes; Verificar autenticidad de la unidad
POWE013,Powerbank Inalmabrica Klipxtreme 10000MAH,,,No aprobada,36.00,41.40,https://conectatech-ec.github.io/productos/powe013-powerbank-inalmabrica-klipxtreme-10000mah/,pendiente_mejora,por verificar,selección automática,Original y producción visual pendientes; Verificar autenticidad de la unidad
POWE014,Powerbank Inalmabrica Klipxtreme 5000MAH,,,No aprobada,27.15,31.22,https://conectatech-ec.github.io/productos/powe014-powerbank-inalmabrica-klipxtreme-5000mah/,pendiente_mejora,por verificar,selección automática,Original y producción visual pendientes; Verificar autenticidad de la unidad
POWE001,Powerbank Inamabrica IPH 10000MAH Lightning,,,No aprobada,26.00,29.90,https://conectatech-ec.github.io/productos/powe001-powerbank-inamabrica-iph-10000mah-lightning/,pendiente_mejora,por verificar,selección automática,Original y producción visual pendientes; Verificar autenticidad de la unidad
POWE019,Powerbank Klipxtreme Grande 50000MAH 100W,,,No aprobada,135.90,156.29,https://conectatech-ec.github.io/productos/powe019-powerbank-klipxtreme-grande-50000mah-100w/,pendiente_mejora,por verificar,selección automática,Original y producción visual pendientes; Verificar autenticidad de la unidad
POWE016,Powerbank ONE 30000MAH,,,No aprobada,31.50,36.23,https://conectatech-ec.github.io/productos/powe016-powerbank-one-30000mah/,pendiente_mejora,por verificar,selección automática,Original y producción visual pendientes; Verificar autenticidad de la unidad
POWE003,Powerbank Philco 20000MAH,,,No aprobada,33.01,37.96,https://conectatech-ec.github.io/productos/powe003-powerbank-philco-20000mah/,pendiente_mejora,por verificar,selección automática,Original y producción visual pendientes; Verificar autenticidad de la unidad
POWE017,Powerbank Pinleyou Y415 10000MAH,,,No aprobada,22.00,25.30,https://conectatech-ec.github.io/productos/powe017-powerbank-pinleyou-y415-10000mah/,pendiente_mejora,por verificar,selección automática,Original y producción visual pendientes; Verificar autenticidad de la unidad
POWE015,Powerbank Treqa Multiples Cables,,,No aprobada,32.40,37.26,https://conectatech-ec.github.io/productos/powe015-powerbank-treqa-multiples-cables/,pendiente_mejora,por verificar,selección automática,Original y producción visual pendientes; Verificar autenticidad de la unidad
POWE018,Powerbank Xtech 30000MAH CON Panel Solar,,,No aprobada,38.40,44.16,https://conectatech-ec.github.io/productos/powe018-powerbank-xtech-30000mah-con-panel-solar/,pendiente_mejora,por verificar,selección automática,Original y producción visual pendientes; Verificar autenticidad de la unidad
PRES003,Presentador DE Diapositivas CON Puntero Laser Ugreen,,,No aprobada,26.85,30.88,https://conectatech-ec.github.io/productos/pres003-presentador-de-diapositivas-con-puntero-laser-ugreen/,pendiente_mejora,por verificar,selección automática,Original y producción visual pendientes; Verificar autenticidad de la unidad
PRES001,Presentador DE Diapositivas CON Puntero Laser VER.1,,,No aprobada,24.90,28.64,https://conectatech-ec.github.io/productos/pres001-presentador-de-diapositivas-con-puntero-laser-ver-1/,pendiente_mejora,por verificar,selección automática,Original y producción visual pendientes; Verificar autenticidad de la unidad
PRES002,Presentador DE Diapositivas CON Puntero Laser VER.2,,,No aprobada,22.51,25.89,https://conectatech-ec.github.io/productos/pres002-presentador-de-diapositivas-con-puntero-laser-ver-2/,pendiente_mejora,por verificar,selección automática,Original y producción visual pendientes; Verificar autenticidad de la unidad
PROT006,Protector DE Camara Iphone 17 PRO / 17 PRO MAX,,,No aprobada,9.00,10.35,https://conectatech-ec.github.io/productos/prot006-protector-de-camara-iphone-17-pro-17-pro-max/,pendiente_mejora,por verificar,selección automática,Original y producción visual pendientes; Verificar autenticidad de la unidad
PROT005,Protector DE Voltaje Century 1 Enchufe,,,No aprobada,11.30,13.00,https://conectatech-ec.github.io/productos/prot005-protector-de-voltaje-century-1-enchufe/,pendiente_mejora,por verificar,selección automática,Original y producción visual pendientes; Verificar autenticidad de la unidad
PROT002,Protector DE Voltaje Century 3 Enchufes,,,No aprobada,15.90,18.29,https://conectatech-ec.github.io/productos/prot002-protector-de-voltaje-century-3-enchufes/,pendiente_mejora,por verificar,selección automática,Original y producción visual pendientes; Verificar autenticidad de la unidad
PROT004,Protector DE Voltaje Monster 1 Enchufe Para Equipos Electronicos,,,No aprobada,12.85,14.78,https://conectatech-ec.github.io/productos/prot004-protector-de-voltaje-monster-1-enchufe-para-equipos-electronicos/,pendiente_mejora,por verificar,selección automática,Original y producción visual pendientes; Verificar autenticidad de la unidad
PROY006,Proyector Gamer 150 Pulgadas,,,No aprobada,129.29,148.68,https://conectatech-ec.github.io/productos/proy006-proyector-gamer-150-pulgadas/,pendiente_mejora,por verificar,selección automática,Original y producción visual pendientes; Verificar autenticidad de la unidad
PROY001,Proyector LED Source Ultra HD,,,No aprobada,69.00,79.35,https://conectatech-ec.github.io/productos/proy001-proyector-led-source-ultra-hd/,pendiente_mejora,por verificar,selección automática,Original y producción visual pendientes; Verificar autenticidad de la unidad
PROY007,Proyector Wanbo Smart,,,No aprobada,249.00,286.35,https://conectatech-ec.github.io/productos/proy007-proyector-wanbo-smart/,pendiente_mejora,por verificar,selección automática,Original y producción visual pendientes; Verificar autenticidad de la unidad
RADI008,Radio Portail LP CON Panel Solar,,,No aprobada,20.55,23.63,https://conectatech-ec.github.io/productos/radi008-radio-portail-lp-con-panel-solar/,pendiente_mejora,por verificar,selección automática,Original y producción visual pendientes; Verificar autenticidad de la unidad
RADI004,Radio Reloj Despertador EN Forma DE G Modelo G63 LED,,,No aprobada,14.75,16.96,https://conectatech-ec.github.io/productos/radi004-radio-reloj-despertador-en-forma-de-g-modelo-g63-led/,pendiente_mejora,por verificar,selección automática,Original y producción visual pendientes; Verificar autenticidad de la unidad
RADI006,Radio Tipo Vintage Antiguo Cmik 261,,,No aprobada,29.30,33.70,https://conectatech-ec.github.io/productos/radi006-radio-tipo-vintage-antiguo-cmik-261/,pendiente_mejora,por verificar,selección automática,Original y producción visual pendientes; Verificar autenticidad de la unidad
RADI007,Radio Tipo Vintage Antiguo Meier MD-1318BT,,,No aprobada,25.15,28.92,https://conectatech-ec.github.io/productos/radi007-radio-tipo-vintage-antiguo-meier-md-1318bt/,pendiente_mejora,por verificar,selección automática,Original y producción visual pendientes; Verificar autenticidad de la unidad
RADI005,Radios DE Comunicacion Baofeng,,,No aprobada,32.90,37.84,https://conectatech-ec.github.io/productos/radi005-radios-de-comunicacion-baofeng/,pendiente_mejora,por verificar,selección automática,Original y producción visual pendientes; Verificar autenticidad de la unidad
REL045,Reloj Aemai AS11MAX,,,No aprobada,15.50,17.83,https://conectatech-ec.github.io/productos/rel045-reloj-aemai-as11max/,pendiente_mejora,por verificar,selección automática,Original y producción visual pendientes; Verificar autenticidad de la unidad
REL047,Reloj DE Pared O Mesa LED GH8018,,,No aprobada,16.85,19.38,https://conectatech-ec.github.io/productos/rel047-reloj-de-pared-o-mesa-led-gh8018/,pendiente_mejora,por verificar,selección automática,Original y producción visual pendientes; Verificar autenticidad de la unidad
REL001,Reloj Despertador Modelo DCX-670,,,No aprobada,19.30,22.20,https://conectatech-ec.github.io/productos/rel001-reloj-despertador-modelo-dcx-670/,pendiente_mejora,por verificar,selección automática,Original y producción visual pendientes; Verificar autenticidad de la unidad
REL015,Reloj Smartwach RCA Bordes Dorados - Correa Marron,,,No aprobada,63.00,72.45,https://conectatech-ec.github.io/productos/rel015-reloj-smartwach-rca-bordes-dorados-correa-marron/,pendiente_mejora,por verificar,selección automática,Original y producción visual pendientes; Verificar autenticidad de la unidad
REL042,Reloj Smartwath Riversong Motive 9 MAX,,,No aprobada,79.01,90.86,https://conectatech-ec.github.io/productos/rel042-reloj-smartwath-riversong-motive-9-max/,pendiente_mejora,por verificar,selección automática,Original y producción visual pendientes; Verificar autenticidad de la unidad
REL028,Reloj Smarwatch HW36 Mini,,,No aprobada,55.00,63.25,https://conectatech-ec.github.io/productos/rel028-reloj-smarwatch-hw36-mini/,pendiente_mejora,por verificar,selección automática,Original y producción visual pendientes; Verificar autenticidad de la unidad
REL056,Reloj Smarwatch Kalobee Para Dama SK9 Mini,,,No aprobada,47.30,54.40,https://conectatech-ec.github.io/productos/rel056-reloj-smarwatch-kalobee-para-dama-sk9-mini/,pendiente_mejora,por verificar,selección automática,Original y producción visual pendientes; Verificar autenticidad de la unidad
REPR002,Reproductor MP3 Mini S/R,,,No aprobada,9.75,11.21,https://conectatech-ec.github.io/productos/repr002-reproductor-mp3-mini-s-r/,pendiente_mejora,por verificar,selección automática,Original y producción visual pendientes; Verificar autenticidad de la unidad
REPR001,Reproductor MP4 Mrobo,,,No aprobada,19.85,22.83,https://conectatech-ec.github.io/productos/repr001-reproductor-mp4-mrobo/,pendiente_mejora,por verificar,selección automática,Original y producción visual pendientes; Verificar autenticidad de la unidad
SENS001,Sensor Para Puertas Wifi,,,No aprobada,12.16,13.98,https://conectatech-ec.github.io/productos/sens001-sensor-para-puertas-wifi/,pendiente_mejora,por verificar,selección automática,Original y producción visual pendientes; Verificar autenticidad de la unidad
ROUT001,Sistema Mesh Cudy Fast AX1500 WIFI6,,,No aprobada,95.30,109.60,https://conectatech-ec.github.io/productos/rout001-sistema-mesh-cudy-fast-ax1500-wifi6/,pendiente_mejora,por verificar,selección automática,Original y producción visual pendientes; Verificar autenticidad de la unidad
ROUT002,Sistema Mesh Cudy Fast AX1500 WIFI6 3 Modulos,,,No aprobada,129.20,148.58,https://conectatech-ec.github.io/productos/rout002-sistema-mesh-cudy-fast-ax1500-wifi6-3-modulos/,pendiente_mejora,por verificar,selección automática,Original y producción visual pendientes; Verificar autenticidad de la unidad
SOPO043,Soporte Base Para Laptop Metallico Flexible,,,No aprobada,24.15,27.77,https://conectatech-ec.github.io/productos/sopo043-soporte-base-para-laptop-metallico-flexible/,pendiente_mejora,por verificar,selección automática,Original y producción visual pendientes; Verificar autenticidad de la unidad
SOPO051,Soporte DE Celular Para Bicicleta-moto,,,No aprobada,8.15,9.37,https://conectatech-ec.github.io/productos/sopo051-soporte-de-celular-para-bicicleta-moto/,pendiente_mejora,por verificar,selección automática,Original y producción visual pendientes; Verificar autenticidad de la unidad
SOPO054,Soporte DE Celular Para Cuello,,,No aprobada,32.15,36.97,https://conectatech-ec.github.io/productos/sopo054-soporte-de-celular-para-cuello/,pendiente_mejora,por verificar,selección automática,Original y producción visual pendientes; Verificar autenticidad de la unidad
SOPO022,Soporte DE Celular Para Vehiculo CON Carga Inalambrica Monster 15W,,,No aprobada,25.00,28.75,https://conectatech-ec.github.io/productos/sopo022-soporte-de-celular-para-vehiculo-con-carga-inalambrica-monster-15w/,pendiente_mejora,por verificar,selección automática,Original y producción visual pendientes; Verificar autenticidad de la unidad
SOPO059,Soporte DE Celular Para Vehiculo CON Magsafe Y Ventosa T6-05,,,No aprobada,18.65,21.45,https://conectatech-ec.github.io/productos/sopo059-soporte-de-celular-para-vehiculo-con-magsafe-y-ventosa-t6-05/,pendiente_mejora,por verificar,selección automática,Original y producción visual pendientes; Verificar autenticidad de la unidad
SOPO020,Soporte DE Celular Para Vehiculo CON Ventosa Modelo T7-01,,,No aprobada,9.75,11.21,https://conectatech-ec.github.io/productos/sopo020-soporte-de-celular-para-vehiculo-con-ventosa-modelo-t7-01/,pendiente_mejora,por verificar,selección automática,Original y producción visual pendientes; Verificar autenticidad de la unidad
SOPO052,Soporte DE Celular Para Vehiculo DE Ventosa Inversor Suction CUP,,,No aprobada,11.25,12.94,https://conectatech-ec.github.io/productos/sopo052-soporte-de-celular-para-vehiculo-de-ventosa-inversor-suction-cup/,pendiente_mejora,por verificar,selección automática,Original y producción visual pendientes; Verificar autenticidad de la unidad
SOPO017,Soporte DE Celular Para Vehiculo Inalambrico 15W Electronico Componentes Transparente,,,No aprobada,20.00,23.00,https://conectatech-ec.github.io/productos/sopo017-soporte-de-celular-para-vehiculo-inalambrico-15w-electronico-componentes-trans/,pendiente_mejora,por verificar,selección automática,Original y producción visual pendientes; Verificar autenticidad de la unidad
SOPO040,Soporte DE Celular Para Vehiculo Para Rejilla 1HORA PJ033,,,No aprobada,11.50,13.23,https://conectatech-ec.github.io/productos/sopo040-soporte-de-celular-para-vehiculo-para-rejilla-1hora-pj033/,pendiente_mejora,por verificar,selección automática,Original y producción visual pendientes; Verificar autenticidad de la unidad
SOPO041,Soporte DE Celular Para Vehiculo Para Rejilla 1HORA PJ098,,,No aprobada,11.99,13.79,https://conectatech-ec.github.io/productos/sopo041-soporte-de-celular-para-vehiculo-para-rejilla-1hora-pj098/,pendiente_mejora,por verificar,selección automática,Original y producción visual pendientes; Verificar autenticidad de la unidad
SOPO028,Soporte Magnetico CON Ventosa Para Vehiculo Modelo PZ-S003,,,No aprobada,11.99,13.79,https://conectatech-ec.github.io/productos/sopo028-soporte-magnetico-con-ventosa-para-vehiculo-modelo-pz-s003/,pendiente_mejora,por verificar,selección automática,Original y producción visual pendientes; Verificar autenticidad de la unidad
SOPO027,Soporte Magnetico DE Rejilla Para Vehiculo Modelo PZ-A003,,,No aprobada,11.50,13.23,https://conectatech-ec.github.io/productos/sopo027-soporte-magnetico-de-rejilla-para-vehiculo-modelo-pz-a003/,pendiente_mejora,por verificar,selección automática,Original y producción visual pendientes; Verificar autenticidad de la unidad
SOPO019,Soporte Magnetico Para Celular Modelo T6-01,,,No aprobada,14.00,16.10,https://conectatech-ec.github.io/productos/sopo019-soporte-magnetico-para-celular-modelo-t6-01/,pendiente_mejora,por verificar,selección automática,Original y producción visual pendientes; Verificar autenticidad de la unidad
SOPO061,Soporte Magnetico Para Vehiculo Klip Xtreme,,,No aprobada,19.21,22.09,https://conectatech-ec.github.io/productos/sopo061-soporte-magnetico-para-vehiculo-klip-xtreme/,pendiente_mejora,por verificar,selección automática,Original y producción visual pendientes; Verificar autenticidad de la unidad
SOPO037,Soporte Magnetico Para Vehiculo Scosche,,,No aprobada,25.00,28.75,https://conectatech-ec.github.io/productos/sopo037-soporte-magnetico-para-vehiculo-scosche/,pendiente_mejora,por verificar,selección automática,Original y producción visual pendientes; Verificar autenticidad de la unidad
SOPO001,Soporte Magnetico Vendens VD-HD019,,,No aprobada,11.99,13.79,https://conectatech-ec.github.io/productos/sopo001-soporte-magnetico-vendens-vd-hd019/,pendiente_mejora,por verificar,selección automática,Original y producción visual pendientes; Verificar autenticidad de la unidad
SOPO058,Soporte Magsafe Tipo Pinza,,,No aprobada,13.85,15.93,https://conectatech-ec.github.io/productos/sopo058-soporte-magsafe-tipo-pinza/,pendiente_mejora,por verificar,selección automática,Original y producción visual pendientes; Verificar autenticidad de la unidad
SOPO031,Soporte Para Celular BY-556 360,,,No aprobada,9.15,10.52,https://conectatech-ec.github.io/productos/sopo031-soporte-para-celular-by-556-360/,pendiente_mejora,por verificar,selección automática,Original y producción visual pendientes; Verificar autenticidad de la unidad
SOPO030,Soporte Para Celular BY-558 Magnetico,,,No aprobada,10.45,12.02,https://conectatech-ec.github.io/productos/sopo030-soporte-para-celular-by-558-magnetico/,pendiente_mejora,por verificar,selección automática,Original y producción visual pendientes; Verificar autenticidad de la unidad
SOPO005,Soporte Para Celular DE Escritorio CON Prensa L365,,,No aprobada,20.00,23.00,https://conectatech-ec.github.io/productos/sopo005-soporte-para-celular-de-escritorio-con-prensa-l365/,pendiente_mejora,por verificar,selección automática,Original y producción visual pendientes; Verificar autenticidad de la unidad
SOPO015,Soporte Para Celular Magnetico CON Magsafe Modelo T6-02,,,No aprobada,11.90,13.69,https://conectatech-ec.github.io/productos/sopo015-soporte-para-celular-magnetico-con-magsafe-modelo-t6-02/,pendiente_mejora,por verificar,selección automática,Original y producción visual pendientes; Verificar autenticidad de la unidad
SOPO050,Soporte Para Celular Microcell L-309,,,No aprobada,8.15,9.37,https://conectatech-ec.github.io/productos/sopo050-soporte-para-celular-microcell-l-309/,pendiente_mejora,por verificar,selección automática,Original y producción visual pendientes; Verificar autenticidad de la unidad
SOPO032,Soporte Para Celular Tripode CON Magsafe B11,,,No aprobada,15.00,17.25,https://conectatech-ec.github.io/productos/sopo032-soporte-para-celular-tripode-con-magsafe-b11/,pendiente_mejora,por verificar,selección automática,Original y producción visual pendientes; Verificar autenticidad de la unidad
SOPO025,Soporte Para Guitarra Instrumento Musical,,,No aprobada,17.35,19.95,https://conectatech-ec.github.io/productos/sopo025-soporte-para-guitarra-instrumento-musical/,pendiente_mejora,por verificar,selección automática,Original y producción visual pendientes; Verificar autenticidad de la unidad
SOPO053,Soporte Para Laptop 360 Aluminio HQ,,,No aprobada,29.30,33.70,https://conectatech-ec.github.io/productos/sopo053-soporte-para-laptop-360-aluminio-hq/,pendiente_mejora,por verificar,selección automática,Original y producción visual pendientes; Verificar autenticidad de la unidad
SOPO056,Soporte Para Laptop 9 EN 1 Klipxtreme Dockstar,,,No aprobada,69.20,79.58,https://conectatech-ec.github.io/productos/sopo056-soporte-para-laptop-9-en-1-klipxtreme-dockstar/,pendiente_mejora,por verificar,selección automática,Original y producción visual pendientes; Verificar autenticidad de la unidad
SOPO006,Soporte Para Laptop Aluminio OVI 360 Grados,,,No aprobada,34.99,40.24,https://conectatech-ec.github.io/productos/sopo006-soporte-para-laptop-aluminio-ovi-360-grados/,pendiente_mejora,por verificar,selección automática,Original y producción visual pendientes; Verificar autenticidad de la unidad
SOPO045,Soporte Para Microfono Flexible Color Negro,,,No aprobada,16.91,19.45,https://conectatech-ec.github.io/productos/sopo045-soporte-para-microfono-flexible-color-negro/,pendiente_mejora,por verificar,selección automática,Original y producción visual pendientes; Verificar autenticidad de la unidad
SOPO029,Soporte Para Vehiculo CON Ventosa Y Magsafe RT-66S,,,No aprobada,13.50,15.53,https://conectatech-ec.github.io/productos/sopo029-soporte-para-vehiculo-con-ventosa-y-magsafe-rt-66s/,pendiente_mejora,por verificar,selección automática,Original y producción visual pendientes; Verificar autenticidad de la unidad
SOPO002,Soporte Para Vehiculo DE Ventosa CAR Mobile Holder,,,No aprobada,6.50,7.48,https://conectatech-ec.github.io/productos/sopo002-soporte-para-vehiculo-de-ventosa-car-mobile-holder/,pendiente_mejora,por verificar,selección automática,Original y producción visual pendientes; Verificar autenticidad de la unidad
SOPO014,Soporte Para Vehiculo Magnetic CAR Holder Q5,,,No aprobada,10.01,11.51,https://conectatech-ec.github.io/productos/sopo014-soporte-para-vehiculo-magnetic-car-holder-q5/,pendiente_mejora,por verificar,selección automática,Original y producción visual pendientes; Verificar autenticidad de la unidad
SOPO036,Soporte Para Vehiculo Magnetico CON Ventosa Dashmag Marca Premier,,,No aprobada,13.50,15.53,https://conectatech-ec.github.io/productos/sopo036-soporte-para-vehiculo-magnetico-con-ventosa-dashmag-marca-premier/,pendiente_mejora,por verificar,selección automática,Original y producción visual pendientes; Verificar autenticidad de la unidad
SOPO057,Soporte Portable Stand Viajero Mini Para Escritorio,,,No aprobada,9.86,11.34,https://conectatech-ec.github.io/productos/sopo057-soporte-portable-stand-viajero-mini-para-escritorio/,pendiente_mejora,por verificar,selección automática,Original y producción visual pendientes; Verificar autenticidad de la unidad
STYL003,Stylus PEN Earldom ET-P7 Solo Para IOS - Ipad,,,No aprobada,24.90,28.64,https://conectatech-ec.github.io/productos/styl003-stylus-pen-earldom-et-p7-solo-para-ios-ipad/,pendiente_mejora,por verificar,selección automática,Original y producción visual pendientes; Verificar autenticidad de la unidad
STYL001,Stylus PEN Lapiz Tactil Basicos,,,No aprobada,1.55,1.78,https://conectatech-ec.github.io/productos/styl001-stylus-pen-lapiz-tactil-basicos/,pendiente_mejora,por verificar,selección automática,Original y producción visual pendientes; Verificar autenticidad de la unidad
STYL004,Stylus PEN Lapiz Tactil Punta Redonda + Esfero,,,No aprobada,9.50,10.93,https://conectatech-ec.github.io/productos/styl004-stylus-pen-lapiz-tactil-punta-redonda-esfero/,pendiente_mejora,por verificar,selección automática,Original y producción visual pendientes; Verificar autenticidad de la unidad
STYL002,Stylus PEN Lapiz Tactil Targus,,,No aprobada,9.25,10.64,https://conectatech-ec.github.io/productos/styl002-stylus-pen-lapiz-tactil-targus/,pendiente_mejora,por verificar,selección automática,Original y producción visual pendientes; Verificar autenticidad de la unidad
STYL006,Stylus Pencil Inalambrico Para Iphone - Ipad,,,No aprobada,34.99,40.24,https://conectatech-ec.github.io/productos/styl006-stylus-pencil-inalambrico-para-iphone-ipad/,pendiente_mejora,por verificar,selección automática,Original y producción visual pendientes; Verificar autenticidad de la unidad
SWIT001,Switch DE RED Tplink 5 Puertos,,,No aprobada,18.00,20.70,https://conectatech-ec.github.io/productos/swit001-switch-de-red-tplink-5-puertos/,pendiente_mejora,por verificar,selección automática,Original y producción visual pendientes; Verificar autenticidad de la unidad
SWIT002,Switch DE RED Tplink 8 Puertos,,,No aprobada,29.36,33.76,https://conectatech-ec.github.io/productos/swit002-switch-de-red-tplink-8-puertos/,pendiente_mejora,por verificar,selección automática,Original y producción visual pendientes; Verificar autenticidad de la unidad
TECL030,Teclado Bluetooth Flexible Aoas,,,No aprobada,29.35,33.75,https://conectatech-ec.github.io/productos/tecl030-teclado-bluetooth-flexible-aoas/,pendiente_mejora,por verificar,selección automática,Original y producción visual pendientes; Verificar autenticidad de la unidad
TECL029,Teclado Bluetooth Portatil Flexible Meetion BTK001,,,No aprobada,29.15,33.52,https://conectatech-ec.github.io/productos/tecl029-teclado-bluetooth-portatil-flexible-meetion-btk001/,pendiente_mejora,por verificar,selección automática,Original y producción visual pendientes; Verificar autenticidad de la unidad
TECL028,Teclado Ergonomico Klipxtreme KBK-530S,,,No aprobada,49.11,56.48,https://conectatech-ec.github.io/productos/tecl028-teclado-ergonomico-klipxtreme-kbk-530s/,pendiente_mejora,por verificar,selección automática,Original y producción visual pendientes; Verificar autenticidad de la unidad
TECL001,Teclado Flexible S/R,,,No aprobada,8.50,9.78,https://conectatech-ec.github.io/productos/tecl001-teclado-flexible-s-r/,pendiente_mejora,por verificar,selección automática,Original y producción visual pendientes; Verificar autenticidad de la unidad
TECL015,Teclado GK70,,,No aprobada,18.00,20.70,https://conectatech-ec.github.io/productos/tecl015-teclado-gk70/,pendiente_mejora,por verificar,selección automática,Original y producción visual pendientes; Verificar autenticidad de la unidad
TECL014,Teclado Gaming Corto RCA 5RCA559,,,No aprobada,14.90,17.14,https://conectatech-ec.github.io/productos/tecl014-teclado-gaming-corto-rca-5rca559/,pendiente_mejora,por verificar,selección automática,Original y producción visual pendientes; Verificar autenticidad de la unidad
TECL011,Teclado Gaming RCA 5RCA552,,,No aprobada,22.51,25.89,https://conectatech-ec.github.io/productos/tecl011-teclado-gaming-rca-5rca552/,pendiente_mejora,por verificar,selección automática,Original y producción visual pendientes; Verificar autenticidad de la unidad
TECL010,Teclado Gaming RCA 5RCA556,,,No aprobada,14.90,17.14,https://conectatech-ec.github.io/productos/tecl010-teclado-gaming-rca-5rca556/,pendiente_mejora,por verificar,selección automática,Original y producción visual pendientes; Verificar autenticidad de la unidad
TECL023,Teclado Inalambrico CON Trackpad RCA 5RCA55K,,,No aprobada,28.30,32.55,https://conectatech-ec.github.io/productos/tecl023-teclado-inalambrico-con-trackpad-rca-5rca55k/,pendiente_mejora,por verificar,selección automática,Original y producción visual pendientes; Verificar autenticidad de la unidad
TECL032,Teclado Inalambrico KEY Glider Klipxtreme,,,No aprobada,29.31,33.71,https://conectatech-ec.github.io/productos/tecl032-teclado-inalambrico-key-glider-klipxtreme/,pendiente_mejora,por verificar,selección automática,Original y producción visual pendientes; Verificar autenticidad de la unidad
TECL027,Teclado Mini Bluetooth Modelo M7,,,No aprobada,13.00,14.95,https://conectatech-ec.github.io/productos/tecl027-teclado-mini-bluetooth-modelo-m7/,pendiente_mejora,por verificar,selección automática,Original y producción visual pendientes; Verificar autenticidad de la unidad
TECL021,Teclado Monster MT-303,,,No aprobada,24.35,28.00,https://conectatech-ec.github.io/productos/tecl021-teclado-monster-mt-303/,pendiente_mejora,por verificar,selección automática,Original y producción visual pendientes; Verificar autenticidad de la unidad
TECL018,Teclado Numerico 198I CON Flechas Modelo K35,,,No aprobada,29.00,33.35,https://conectatech-ec.github.io/productos/tecl018-teclado-numerico-198i-con-flechas-modelo-k35/,pendiente_mejora,por verificar,selección automática,Original y producción visual pendientes; Verificar autenticidad de la unidad
TECL019,Teclado Numerico Alambrico Andowl,,,No aprobada,11.99,13.79,https://conectatech-ec.github.io/productos/tecl019-teclado-numerico-alambrico-andowl/,pendiente_mejora,por verificar,selección automática,Original y producción visual pendientes; Verificar autenticidad de la unidad
TECL016,Teclado Numerico Alambrico Mini,,,No aprobada,8.30,9.55,https://conectatech-ec.github.io/productos/tecl016-teclado-numerico-alambrico-mini/,pendiente_mejora,por verificar,selección automática,Original y producción visual pendientes; Verificar autenticidad de la unidad
TECL017,Teclado Numerico Inalambrico Mini,,,No aprobada,12.90,14.84,https://conectatech-ec.github.io/productos/tecl017-teclado-numerico-inalambrico-mini/,pendiente_mejora,por verificar,selección automática,Original y producción visual pendientes; Verificar autenticidad de la unidad
TECL005,Teclado Portatil Bluetooth Model HB023S,,,No aprobada,25.00,28.75,https://conectatech-ec.github.io/productos/tecl005-teclado-portatil-bluetooth-model-hb023s/,pendiente_mejora,por verificar,selección automática,Original y producción visual pendientes; Verificar autenticidad de la unidad
TECL013,Teclado Portatil FK1000 Yelandar,,,No aprobada,26.00,29.90,https://conectatech-ec.github.io/productos/tecl013-teclado-portatil-fk1000-yelandar/,pendiente_mejora,por verificar,selección automática,Original y producción visual pendientes; Verificar autenticidad de la unidad
TECL033,Teclado Portatil Flexplit CON Trackpad,,,No aprobada,49.20,56.58,https://conectatech-ec.github.io/productos/tecl033-teclado-portatil-flexplit-con-trackpad/,pendiente_mejora,por verificar,selección automática,Original y producción visual pendientes; Verificar autenticidad de la unidad
TECL031,Teclado Portatil Inalambrico Monster,,,No aprobada,31.25,35.94,https://conectatech-ec.github.io/productos/tecl031-teclado-portatil-inalambrico-monster/,pendiente_mejora,por verificar,selección automática,Original y producción visual pendientes; Verificar autenticidad de la unidad
TECL025,Teclado Primus Ballista 91T,,,No aprobada,49.00,56.35,https://conectatech-ec.github.io/productos/tecl025-teclado-primus-ballista-91t/,pendiente_mejora,por verificar,selección automática,Original y producción visual pendientes; Verificar autenticidad de la unidad
TECL022,Teclado Y Mouse Alambrico Monster MT-207,,,No aprobada,15.90,18.29,https://conectatech-ec.github.io/productos/tecl022-teclado-y-mouse-alambrico-monster-mt-207/,pendiente_mejora,por verificar,selección automática,Original y producción visual pendientes; Verificar autenticidad de la unidad
TECL002,Teclado Y Mouse Inalambrico HP CS700,,,No aprobada,19.00,21.85,https://conectatech-ec.github.io/productos/tecl002-teclado-y-mouse-inalambrico-hp-cs700/,pendiente_mejora,por verificar,selección automática,Original y producción visual pendientes; Verificar autenticidad de la unidad
TECL004,Teclado Y Mouse KIT Varios Colores,,,No aprobada,19.00,21.85,https://conectatech-ec.github.io/productos/tecl004-teclado-y-mouse-kit-varios-colores/,pendiente_mejora,por verificar,selección automática,Original y producción visual pendientes; Verificar autenticidad de la unidad
TELE002,Televisor ENV 40 Pulgadas Fullhd,,,No aprobada,199.90,229.89,https://conectatech-ec.github.io/productos/tele002-televisor-env-40-pulgadas-fullhd/,pendiente_mejora,por verificar,selección automática,Original y producción visual pendientes; Verificar autenticidad de la unidad
TIMB001,Timbre Portatil Andowl,,,No aprobada,9.35,10.75,https://conectatech-ec.github.io/productos/timb001-timbre-portatil-andowl/,pendiente_mejora,por verificar,selección automática,Original y producción visual pendientes; Verificar autenticidad de la unidad
TOMA001,Tomatodo,,,No aprobada,9.15,10.52,https://conectatech-ec.github.io/productos/toma001-tomatodo/,pendiente_mejora,por verificar,selección automática,Original y producción visual pendientes; Verificar autenticidad de la unidad
TRIP018,Tripode K28P,,,No aprobada,19.50,22.43,https://conectatech-ec.github.io/productos/trip018-tripode-k28p/,pendiente_mejora,por verificar,selección automática,Original y producción visual pendientes; Verificar autenticidad de la unidad
TRIP017,Tripode K50,,,No aprobada,13.90,15.99,https://conectatech-ec.github.io/productos/trip017-tripode-k50/,pendiente_mejora,por verificar,selección automática,Original y producción visual pendientes; Verificar autenticidad de la unidad
TRIP002,Tripode N01,,,No aprobada,36.00,41.40,https://conectatech-ec.github.io/productos/trip002-tripode-n01/,pendiente_mejora,por verificar,selección automática,Original y producción visual pendientes; Verificar autenticidad de la unidad
TRIP011,Tripode P180,,,No aprobada,25.00,28.75,https://conectatech-ec.github.io/productos/trip011-tripode-p180/,pendiente_mejora,por verificar,selección automática,Original y producción visual pendientes; Verificar autenticidad de la unidad
TRIP020,Tripode Selfie C11,,,No aprobada,26.80,30.82,https://conectatech-ec.github.io/productos/trip020-tripode-selfie-c11/,pendiente_mejora,por verificar,selección automática,Original y producción visual pendientes; Verificar autenticidad de la unidad
TRIP022,Tripode Selfie C18,,,No aprobada,12.50,14.38,https://conectatech-ec.github.io/productos/trip022-tripode-selfie-c18/,pendiente_mejora,por verificar,selección automática,Original y producción visual pendientes; Verificar autenticidad de la unidad
TRIP019,Tripode Selfie F01 CON IA,,,No aprobada,39.25,45.14,https://conectatech-ec.github.io/productos/trip019-tripode-selfie-f01-con-ia/,pendiente_mejora,por verificar,selección automática,Original y producción visual pendientes; Verificar autenticidad de la unidad
TRIP025,Tripode Selfie K10-L,,,No aprobada,10.80,12.42,https://conectatech-ec.github.io/productos/trip025-tripode-selfie-k10-l/,pendiente_mejora,por verificar,selección automática,Original y producción visual pendientes; Verificar autenticidad de la unidad
TRIP021,Tripode Selfie K26,,,No aprobada,18.89,21.72,https://conectatech-ec.github.io/productos/trip021-tripode-selfie-k26/,pendiente_mejora,por verificar,selección automática,Original y producción visual pendientes; Verificar autenticidad de la unidad
TRIP010,Tripode Selfie K29,,,No aprobada,29.30,33.70,https://conectatech-ec.github.io/productos/trip010-tripode-selfie-k29/,pendiente_mejora,por verificar,selección automática,Original y producción visual pendientes; Verificar autenticidad de la unidad
TRIP015,Tripode Selfie Mini JC-02,,,No aprobada,11.25,12.94,https://conectatech-ec.github.io/productos/trip015-tripode-selfie-mini-jc-02/,pendiente_mejora,por verificar,selección automática,Original y producción visual pendientes; Verificar autenticidad de la unidad
TRIP023,Tripode Selfie Mini K03,,,No aprobada,9.75,11.21,https://conectatech-ec.github.io/productos/trip023-tripode-selfie-mini-k03/,pendiente_mejora,por verificar,selección automática,Original y producción visual pendientes; Verificar autenticidad de la unidad
TRIP013,Tripode Selfie P20S,,,No aprobada,9.00,10.35,https://conectatech-ec.github.io/productos/trip013-tripode-selfie-p20s/,pendiente_mejora,por verificar,selección automática,Original y producción visual pendientes; Verificar autenticidad de la unidad
TRIP012,Tripode Selfie Q07,,,No aprobada,7.25,8.34,https://conectatech-ec.github.io/productos/trip012-tripode-selfie-q07/,pendiente_mejora,por verificar,selección automática,Original y producción visual pendientes; Verificar autenticidad de la unidad
TRIP016,Tripode WT-3520,,,No aprobada,33.01,37.96,https://conectatech-ec.github.io/productos/trip016-tripode-wt-3520/,pendiente_mejora,por verificar,selección automática,Original y producción visual pendientes; Verificar autenticidad de la unidad
UPS001,UPS Mini Negro DC,,,No aprobada,69.00,79.35,https://conectatech-ec.github.io/productos/ups001-ups-mini-negro-dc/,pendiente_mejora,por verificar,selección automática,Original y producción visual pendientes; Verificar autenticidad de la unidad
UPS002,UPS Mini Olax,,,No aprobada,65.00,74.75,https://conectatech-ec.github.io/productos/ups002-ups-mini-olax/,pendiente_mejora,por verificar,selección automática,Original y producción visual pendientes; Verificar autenticidad de la unidad
VENT001,Ventilador Mini Portatil,,,No aprobada,8.90,10.24,https://conectatech-ec.github.io/productos/vent001-ventilador-mini-portatil/,pendiente_mejora,por verificar,selección automática,Original y producción visual pendientes; Verificar autenticidad de la unidad
VENT008,Ventilador Para Celular F5,,,No aprobada,6.50,7.48,https://conectatech-ec.github.io/productos/vent008-ventilador-para-celular-f5/,pendiente_mejora,por verificar,selección automática,Original y producción visual pendientes; Verificar autenticidad de la unidad
VENT003,Ventilador Para Laptop 878,,,No aprobada,9.45,10.87,https://conectatech-ec.github.io/productos/vent003-ventilador-para-laptop-878/,pendiente_mejora,por verificar,selección automática,Original y producción visual pendientes; Verificar autenticidad de la unidad
VENT006,Ventilador Para Laptop NCP-075,,,No aprobada,15.00,17.25,https://conectatech-ec.github.io/productos/vent006-ventilador-para-laptop-ncp-075/,pendiente_mejora,por verificar,selección automática,Original y producción visual pendientes; Verificar autenticidad de la unidad
VENT009,Ventilador Soporte Laptop Ventilado Cooling Station Klip Xtreme,,,No aprobada,37.48,43.10,https://conectatech-ec.github.io/productos/vent009-ventilador-soporte-laptop-ventilado-cooling-station-klip-xtreme/,pendiente_mejora,por verificar,selección automática,Original y producción visual pendientes; Verificar autenticidad de la unidad
WEBC003,Webcam Fullhd 1080 X13,,,No aprobada,16.35,18.80,https://conectatech-ec.github.io/productos/webc003-webcam-fullhd-1080-x13/,pendiente_mejora,por verificar,selección automática,Original y producción visual pendientes; Verificar autenticidad de la unidad
WEBC001,Webcam Fullhd 1080P X7,,,No aprobada,15.00,17.25,https://conectatech-ec.github.io/productos/webc001-webcam-fullhd-1080p-x7/,pendiente_mejora,por verificar,selección automática,Original y producción visual pendientes; Verificar autenticidad de la unidad
WEBC004,Webcam Genius Facecam 2010 FHD,,,No aprobada,36.31,41.76,https://conectatech-ec.github.io/productos/webc004-webcam-genius-facecam-2010-fhd/,pendiente_mejora,por verificar,selección automática,Original y producción visual pendientes; Verificar autenticidad de la unidad
WEBC002,Webcam Klipxtreme 2K,,,No aprobada,53.20,61.18,https://conectatech-ec.github.io/productos/webc002-webcam-klipxtreme-2k/,pendiente_mejora,por verificar,selección automática,Original y producción visual pendientes; Verificar autenticidad de la unidad
ADAP095,ADAPTADOR AGUJA PARA TOCADISCOS,,,No aprobada,7.45,8.57,https://conectatech-ec.github.io/productos/adap095-adaptador-aguja-para-tocadiscos/,pendiente_mejora,por verificar,selección automática,Original y producción visual pendientes; Verificar autenticidad de la unidad
ADAP096,ADAPTADOR COAXIAL PARA TV ANTENA EN L,,,No aprobada,3.45,3.97,https://conectatech-ec.github.io/productos/adap096-adaptador-coaxial-para-tv-antena-en-l/,pendiente_mejora,por verificar,selección automática,Original y producción visual pendientes; Verificar autenticidad de la unidad
ADAP092,ADAPTADOR DE 3.5MM A 3.5MM METALICO,,,No aprobada,1.85,2.13,https://conectatech-ec.github.io/productos/adap092-adaptador-de-3-5mm-a-3-5mm-metalico/,pendiente_mejora,por verificar,selección automática,Original y producción visual pendientes; Verificar autenticidad de la unidad
ADAP091,ADAPTADOR DE 3.5MM A RCA HEMBRA TRIPLE,,,No aprobada,3.50,4.03,https://conectatech-ec.github.io/productos/adap091-adaptador-de-3-5mm-a-rca-hembra-triple/,pendiente_mejora,por verificar,selección automática,Original y producción visual pendientes; Verificar autenticidad de la unidad
ADAP090,ADAPTADOR DE CORRIENTE 110V A 5V 2A,,,No aprobada,5.85,6.73,https://conectatech-ec.github.io/productos/adap090-adaptador-de-corriente-110v-a-5v-2a/,pendiente_mejora,por verificar,selección automática,Original y producción visual pendientes; Verificar autenticidad de la unidad
ADAP088,ADAPTADOR DE LIGHTNING A DOBLE LIGHTNING AUDIFONOS + CARGA RECCI RDS-A01,,,No aprobada,9.15,10.52,https://conectatech-ec.github.io/productos/adap088-adaptador-de-lightning-a-doble-lightning-audifonos-carga-recci-rds-a01/,pendiente_mejora,por verificar,selección automática,Original y producción visual pendientes; Verificar autenticidad de la unidad
ADAP093,ADAPTADOR DE USB-A A PLUG MINI,,,No aprobada,1.25,1.44,https://conectatech-ec.github.io/productos/adap093-adaptador-de-usb-a-a-plug-mini/,pendiente_mejora,por verificar,selección automática,Original y producción visual pendientes; Verificar autenticidad de la unidad
ADAP094,ADAPTADOR PULG BLANCO PARA CARGADORES,,,No aprobada,0.75,0.86,https://conectatech-ec.github.io/productos/adap094-adaptador-pulg-blanco-para-cargadores/,pendiente_mejora,por verificar,selección automática,Original y producción visual pendientes; Verificar autenticidad de la unidad
AROD03,ARO DE LUZ SELFIE MINI,,,No aprobada,4.85,5.58,https://conectatech-ec.github.io/productos/arod03-aro-de-luz-selfie-mini/,pendiente_mejora,por verificar,selección automática,Original y producción visual pendientes; Verificar autenticidad de la unidad
AUDI112,AUDIFONOS ALAMBRICOS HONOR EARPHONES,,,No aprobada,6.00,6.90,https://conectatech-ec.github.io/productos/audi112-audifonos-alambricos-honor-earphones/,pendiente_mejora,por verificar,selección automática,Original y producción visual pendientes; Verificar autenticidad de la unidad
AUDI109,AUDIFONOS HONOR INALAMBRICOS HONOR X7E ACTIVE,,,No aprobada,28.00,32.20,https://conectatech-ec.github.io/productos/audi109-audifonos-honor-inalambricos-honor-x7e-active/,pendiente_mejora,por verificar,selección automática,Original y producción visual pendientes; Verificar autenticidad de la unidad
AUDI111,AUDIFONOS INALAMBRICOS AIRPODS,,,No aprobada,15.00,17.25,https://conectatech-ec.github.io/productos/audi111-audifonos-inalambricos-airpods/,pendiente_mejora,por verificar,selección automática,Sin original identificado por SKU entre las fotografías disponibles; Verificar autenticidad de la unidad
CABL170,CABLE EXTENSION 4 METROS VOLTEK,,,No aprobada,8.45,9.72,https://conectatech-ec.github.io/productos/cabl170-cable-extension-4-metros-voltek/,pendiente_mejora,por verificar,selección automática,Original y producción visual pendientes; Verificar autenticidad de la unidad
CABL171,CABLE EXTENSION UNIVERSAL 5M AMARILLA,,,No aprobada,10.45,12.02,https://conectatech-ec.github.io/productos/cabl171-cable-extension-universal-5m-amarilla/,pendiente_mejora,por verificar,selección automática,Original y producción visual pendientes; Verificar autenticidad de la unidad
CABL148,CABLE LIGHTNING RECCI ELBOW,,,No aprobada,4.85,5.58,https://conectatech-ec.github.io/productos/cabl148-cable-lightning-recci-elbow/,pendiente_mejora,por verificar,selección automática,Original y producción visual pendientes; Verificar autenticidad de la unidad
CABL149,CABLE LIGHTNING RECCI GRIDE MAGNETICO,,,No aprobada,4.90,5.64,https://conectatech-ec.github.io/productos/cabl149-cable-lightning-recci-gride-magnetico/,pendiente_mejora,por verificar,selección automática,Original y producción visual pendientes; Verificar autenticidad de la unidad
CABL150,CABLE MICRO-USB RECCI 1M 2.4A RTC-N12M,,,No aprobada,4.26,4.90,https://conectatech-ec.github.io/productos/cabl150-cable-micro-usb-recci-1m-2-4a-rtc-n12m/,pendiente_mejora,por verificar,selección automática,Original y producción visual pendientes; Verificar autenticidad de la unidad
CABL153,CABLE MICRO-USB RECCI 5A SUPER V00C 1M,,,No aprobada,4.50,5.18,https://conectatech-ec.github.io/productos/cabl153-cable-micro-usb-recci-5a-super-v00c-1m/,pendiente_mejora,por verificar,selección automática,Original y producción visual pendientes; Verificar autenticidad de la unidad
CABL157,CABLE MICRO-USB RECCI CITY OF SKY 2M,,,No aprobada,5.75,6.61,https://conectatech-ec.github.io/productos/cabl157-cable-micro-usb-recci-city-of-sky-2m/,pendiente_mejora,por verificar,selección automática,Original y producción visual pendientes; Verificar autenticidad de la unidad
CABL156,CABLE MICRO-USB RECCI GENBU 1M,,,No aprobada,4.85,5.58,https://conectatech-ec.github.io/productos/cabl156-cable-micro-usb-recci-genbu-1m/,pendiente_mejora,por verificar,selección automática,Original y producción visual pendientes; Verificar autenticidad de la unidad
CABL152,CABLE MICRO-USB RECCI GRIDE MAGNETICO 1M,,,No aprobada,4.35,5.00,https://conectatech-ec.github.io/productos/cabl152-cable-micro-usb-recci-gride-magnetico-1m/,pendiente_mejora,por verificar,selección automática,Original y producción visual pendientes; Verificar autenticidad de la unidad
CABL154,CABLE MICRO-USB RECCI HONOUR 1M,,,No aprobada,4.45,5.12,https://conectatech-ec.github.io/productos/cabl154-cable-micro-usb-recci-honour-1m/,pendiente_mejora,por verificar,selección automática,Original y producción visual pendientes; Verificar autenticidad de la unidad
CABL155,CABLE MICRO-USB RECCI INSTANT 2M,,,No aprobada,5.15,5.92,https://conectatech-ec.github.io/productos/cabl155-cable-micro-usb-recci-instant-2m/,pendiente_mejora,por verificar,selección automática,Original y producción visual pendientes; Verificar autenticidad de la unidad
CABL151,CABLE MICRO-USB RECCI RAYLINE 1M,,,No aprobada,4.15,4.77,https://conectatech-ec.github.io/productos/cabl151-cable-micro-usb-recci-rayline-1m/,pendiente_mejora,por verificar,selección automática,Original y producción visual pendientes; Verificar autenticidad de la unidad
CABL160,CABLE OPTICO DE AUDIO 1M,,,No aprobada,5.00,5.75,https://conectatech-ec.github.io/productos/cabl160-cable-optico-de-audio-1m/,pendiente_mejora,por verificar,selección automática,Original y producción visual pendientes; Verificar autenticidad de la unidad
CARG069,CARGADOR INALAMBRICO INFINIX MAGPAD,,,No aprobada,9.86,11.34,https://conectatech-ec.github.io/productos/carg069-cargador-inalambrico-infinix-magpad/,pendiente_mejora,por verificar,selección automática,Original y producción visual pendientes; Verificar autenticidad de la unidad
CARG067,CARGADORES PARA SMARTWATCH BASE CIRCULAR,,,No aprobada,3.50,4.03,https://conectatech-ec.github.io/productos/carg067-cargadores-para-smartwatch-base-circular/,pendiente_mejora,por verificar,selección automática,Original y producción visual pendientes; Verificar autenticidad de la unidad
COBE010,COBERTOR GOMAS AIRPODS,,,No aprobada,8.45,9.72,https://conectatech-ec.github.io/productos/cobe010-cobertor-gomas-airpods/,pendiente_mejora,por verificar,selección automática,Original y producción visual pendientes; Verificar autenticidad de la unidad
CORR10,CORREA SMARWATCH ESENCIAL,,,No aprobada,3.00,3.45,https://conectatech-ec.github.io/productos/corr10-correa-smarwatch-esencial/,pendiente_mejora,por verificar,selección automática,Original y producción visual pendientes; Verificar autenticidad de la unidad
ESTU101,ESTUCHE PARA HONOR PAD X8A,,,No aprobada,11.99,13.79,https://conectatech-ec.github.io/productos/estu101-estuche-para-honor-pad-x8a/,pendiente_mejora,por verificar,selección automática,Original y producción visual pendientes; Verificar autenticidad de la unidad
ESTU049,ESTUCHE SILICON PARA ANDROID MODELOS VER.2,,,No aprobada,6.00,6.90,https://conectatech-ec.github.io/productos/estu049-estuche-silicon-para-android-modelos-ver-2/,pendiente_mejora,por verificar,selección automática,Original y producción visual pendientes; Verificar autenticidad de la unidad
ESTU044,ESTUCHE TRANSPARENTE PARA IPHONE RECCI,,,No aprobada,8.15,9.37,https://conectatech-ec.github.io/productos/estu044-estuche-transparente-para-iphone-recci/,pendiente_mejora,por verificar,selección automática,Original y producción visual pendientes; Verificar autenticidad de la unidad
FOCO004,FOCO INTELIGENTE STEREN,,,No aprobada,13.50,15.53,https://conectatech-ec.github.io/productos/foco004-foco-inteligente-steren/,pendiente_mejora,por verificar,selección automática,Original y producción visual pendientes; Verificar autenticidad de la unidad
GADG005,GADGET HONOR COFFEE CUP,,,No aprobada,10.01,11.51,https://conectatech-ec.github.io/productos/gadg005-gadget-honor-coffee-cup/,pendiente_mejora,por verificar,selección automática,Original y producción visual pendientes; Verificar autenticidad de la unidad
GADG006,GADGET HONOR DATA CABLE COLORIDO,,,No aprobada,10.01,11.51,https://conectatech-ec.github.io/productos/gadg006-gadget-honor-data-cable-colorido/,pendiente_mejora,por verificar,selección automática,Original y producción visual pendientes; Verificar autenticidad de la unidad
GADG007,GADGET HONOR PARLANTE PORTATIL,,,No aprobada,10.01,11.51,https://conectatech-ec.github.io/productos/gadg007-gadget-honor-parlante-portatil/,pendiente_mejora,por verificar,selección automática,Original y producción visual pendientes; Verificar autenticidad de la unidad
IMAN001,IMAN MAGNETICO PARA CELULARES Y TABLET,,,No aprobada,1.50,1.73,https://conectatech-ec.github.io/productos/iman001-iman-magnetico-para-celulares-y-tablet/,pendiente_mejora,por verificar,selección automática,Original y producción visual pendientes; Verificar autenticidad de la unidad
JUGU168,JUGUETE ARMABLE METAL ICONX CHRYSLER BUILDING,,,No aprobada,11.99,13.79,https://conectatech-ec.github.io/productos/jugu168-juguete-armable-metal-iconx-chrysler-building/,pendiente_mejora,por verificar,selección automática,Original y producción visual pendientes; Verificar autenticidad de la unidad
LINT011,LINTERNA DE CABEZA HEADLIGHT 8907,,,No aprobada,19.85,22.83,https://conectatech-ec.github.io/productos/lint011-linterna-de-cabeza-headlight-8907/,pendiente_mejora,por verificar,selección automática,Original y producción visual pendientes; Verificar autenticidad de la unidad
MICA008,MICA VIDRIO ESENCIAL,,,No aprobada,2.00,2.30,https://conectatech-ec.github.io/productos/mica008-mica-vidrio-esencial/,pendiente_mejora,por verificar,selección automática,Original y producción visual pendientes; Verificar autenticidad de la unidad
MICR037,MICROFONO LAVALIER M1 ALAMBRICO,,,No aprobada,13.85,15.93,https://conectatech-ec.github.io/productos/micr037-microfono-lavalier-m1-alambrico/,pendiente_mejora,por verificar,selección automática,Original y producción visual pendientes; Verificar autenticidad de la unidad
MOCH001,MOCHILA HONOR IMPERMEABLE,,,No aprobada,15.00,17.25,https://conectatech-ec.github.io/productos/moch001-mochila-honor-impermeable/,pendiente_mejora,por verificar,selección automática,Original y producción visual pendientes; Verificar autenticidad de la unidad
TABL003,TABLET REDMI PAD 2 9.7 PULGADAS 128GB 4GB+4GB,,,No aprobada,195.90,225.29,https://conectatech-ec.github.io/productos/tabl003-tablet-redmi-pad-2-9-7-pulgadas-128gb-4gb-4gb/,pendiente_mejora,por verificar,selección automática,Sin original identificado por SKU entre las fotografías disponibles; Verificar autenticidad de la unidad
TELF016,TELEFONO DIALN NOVA 64GB + 4GB,,,No aprobada,99.90,114.89,https://conectatech-ec.github.io/productos/telf016-telefono-dialn-nova-64gb-4gb/,pendiente_mejora,por verificar,selección automática,Original y producción visual pendientes; Verificar autenticidad de la unidad
