sku,nombre_comercial,autenticidad,presentacion,instrucciones,portada_lista,precio_contado,pvp,url,pendiente
AROD001,ARO DE LUZ LED Cuadrado MJ-88,por verificar,selección automática,,NO,9.15,10.52,https://conectatech-ec.github.io/productos/arod001-aro-de-luz-led-cuadrado-mj-88/,Imagen y autenticidad pendientes
AUDI044,Audifonos Galaxy Buds PRO AKG,por verificar,selección automática,,NO,29.00,33.35,https://conectatech-ec.github.io/productos/audi044-audifonos-galaxy-buds-pro-akg/,Imagen y autenticidad pendientes
AUDI125,Audifonos Inalambricos LMN-K5,por verificar,selección automática,,NO,16.55,19.03,https://conectatech-ec.github.io/productos/audi125-audifonos-inalambricos-lmn-k5/,Imagen y autenticidad pendientes
AUDI115,Audifonos Inalambricos LMN-X02,por verificar,selección automática,,NO,16.55,19.03,https://conectatech-ec.github.io/productos/audi115-audifonos-inalambricos-lmn-x02/,Imagen y autenticidad pendientes
CORR001,Correa Smartwatch Variadas,por verificar,selección automática,,NO,7.50,8.63,https://conectatech-ec.github.io/productos/corr001-correa-smartwatch-variadas/,Imagen y autenticidad pendientes
LECT001,Lector DE Memorias Multiple Tipo Flash Varios Colores,por verificar,selección automática,,NO,3.00,3.45,https://conectatech-ec.github.io/productos/lect001-lector-de-memorias-multiple-tipo-flash-varios-colores/,Imagen y autenticidad pendientes
REL069,Reloj Smartwatch Series 11 Mini,por verificar,selección automática,,NO,19.90,22.89,https://conectatech-ec.github.io/productos/rel069-reloj-smartwatch-series-11-mini/,Imagen y autenticidad pendientes
TELF001,Telefono ZTE A56 PRO 128GB,por verificar,selección automática,,NO,133.89,153.97,https://conectatech-ec.github.io/productos/telf001-telefono-zte-a56-pro-128gb/,Imagen y autenticidad pendientes
ADAP054,Adaptador 1/4 Macho A 3.5MM Hembra Stereo Dorado,por verificar,selección automática,,NO,6.00,6.90,https://conectatech-ec.github.io/productos/adap054-adaptador-1-4-macho-a-3-5mm-hembra-stereo-dorado/,Imagen y autenticidad pendientes
ADAP052,Adaptador 1/4 Macho A 3.5MM Hembra Stereo Negro,por verificar,selección automática,,NO,2.00,2.30,https://conectatech-ec.github.io/productos/adap052-adaptador-1-4-macho-a-3-5mm-hembra-stereo-negro/,Imagen y autenticidad pendientes
ADAP004,Adaptador Europa - Latino Color Blanco,por verificar,selección automática,,NO,3.50,4.03,https://conectatech-ec.github.io/productos/adap004-adaptador-europa-latino-color-blanco/,Imagen y autenticidad pendientes
ADAP005,Adaptador Europa - Latino Color Negro,por verificar,selección automática,,NO,2.50,2.88,https://conectatech-ec.github.io/productos/adap005-adaptador-europa-latino-color-negro/,Imagen y autenticidad pendientes
ADAP034,Adaptador OTG Usb-c A Usb-a Hembra Orvesion,por verificar,selección automática,,NO,4.50,5.18,https://conectatech-ec.github.io/productos/adap034-adaptador-otg-usb-c-a-usb-a-hembra-orvesion/,Imagen y autenticidad pendientes
CABL139,Cable IPH Usb-c A Usb-c 2M 240W,por verificar,selección automática,,NO,12.50,14.38,https://conectatech-ec.github.io/productos/cabl139-cable-iph-usb-c-a-usb-c-2m-240w/,Imagen y autenticidad pendientes
CABL102,Cable Usb-a A Usb-c Klipxtreme 1.8M 30W Powergo 050,por verificar,selección automática,,NO,9.50,10.93,https://conectatech-ec.github.io/productos/cabl102-cable-usb-a-a-usb-c-klipxtreme-1-8m-30w-powergo-050/,Imagen y autenticidad pendientes
CABL140,Cable Usb-a A Usb-c Reshurk 6A,por verificar,selección automática,,NO,5.50,6.33,https://conectatech-ec.github.io/productos/cabl140-cable-usb-a-a-usb-c-reshurk-6a/,Imagen y autenticidad pendientes
CABL031,Cable Usb-c A Lightning 1M,por verificar,selección automática,,NO,11.01,12.66,https://conectatech-ec.github.io/productos/cabl031-cable-usb-c-a-lightning-1m/,Imagen y autenticidad pendientes
CABL113,Cable Usb-c A Usb-c 1M 1HORA,por verificar,selección automática,,NO,6.50,7.48,https://conectatech-ec.github.io/productos/cabl113-cable-usb-c-a-usb-c-1m-1hora/,Imagen y autenticidad pendientes
CARG037,Cargador 25W SAM CON Cable Usb-c A Usb-c,por verificar,selección automática,,NO,13.90,15.99,https://conectatech-ec.github.io/productos/carg037-cargador-25w-sam-con-cable-usb-c-a-usb-c/,Imagen y autenticidad pendientes
CARG029,Cargador IPH 14PM 25W Usb-c A Lightning,por verificar,selección automática,,NO,18.00,20.70,https://conectatech-ec.github.io/productos/carg029-cargador-iph-14pm-25w-usb-c-a-lightning/,Imagen y autenticidad pendientes
CARG018,Cargador Para Vehiculo 4 Puertos Usb-a Match,por verificar,selección automática,,NO,7.50,8.63,https://conectatech-ec.github.io/productos/carg018-cargador-para-vehiculo-4-puertos-usb-a-match/,Imagen y autenticidad pendientes
COBE005,Cobertor - Estuche Airpods PRO 2,por verificar,selección automática,,NO,7.50,8.63,https://conectatech-ec.github.io/productos/cobe005-cobertor-estuche-airpods-pro-2/,Imagen y autenticidad pendientes
COBE004,Cobertor - Estuche Airpods PRO 4,por verificar,selección automática,,NO,7.50,8.63,https://conectatech-ec.github.io/productos/cobe004-cobertor-estuche-airpods-pro-4/,Imagen y autenticidad pendientes
ESTU010,Estuche IPH DE Silicon CON Magsafe Para Iphone Varios Modelos,por verificar,selección automática,,NO,11.99,13.79,https://conectatech-ec.github.io/productos/estu010-estuche-iph-de-silicon-con-magsafe-para-iphone-varios-modelos/,Imagen y autenticidad pendientes
ESTU011,Estuche IPH DE Silicon Para Iphone,por verificar,selección automática,,NO,9.00,10.35,https://conectatech-ec.github.io/productos/estu011-estuche-iph-de-silicon-para-iphone/,Imagen y autenticidad pendientes
ESTU056,Estuche Magsafe Para Iphone Tipo Silicon CON Fondo,por verificar,selección automática,,NO,11.99,13.79,https://conectatech-ec.github.io/productos/estu056-estuche-magsafe-para-iphone-tipo-silicon-con-fondo/,Imagen y autenticidad pendientes
ESTU077,Estuche Para Iphone Creative Case,por verificar,selección automática,,NO,14.46,16.63,https://conectatech-ec.github.io/productos/estu077-estuche-para-iphone-creative-case/,Imagen y autenticidad pendientes
ESTU069,Estuche Para Iphone Spigen Varios Modelos - Disenos,por verificar,selección automática,,NO,13.79,15.86,https://conectatech-ec.github.io/productos/estu069-estuche-para-iphone-spigen-varios-modelos-disenos/,Imagen y autenticidad pendientes
ESTU048,Estuche Silicon Para Android,por verificar,selección automática,,NO,6.00,6.90,https://conectatech-ec.github.io/productos/estu048-estuche-silicon-para-android/,Imagen y autenticidad pendientes
ESTU047,Estuche Silicon Para Iphone XR / 11,por verificar,selección automática,,NO,7.00,8.05,https://conectatech-ec.github.io/productos/estu047-estuche-silicon-para-iphone-xr-11/,Imagen y autenticidad pendientes
ESTU050,Estuche Transparente Para Android,por verificar,selección automática,,NO,4.85,5.58,https://conectatech-ec.github.io/productos/estu050-estuche-transparente-para-android/,Imagen y autenticidad pendientes
FOCO003,Focos Recargable Ashun,por verificar,selección automática,,NO,15.00,17.25,https://conectatech-ec.github.io/productos/foco003-focos-recargable-ashun/,Imagen y autenticidad pendientes
GADG002,Gadget Llaveros Animados,por verificar,selección automática,,NO,1.85,2.13,https://conectatech-ec.github.io/productos/gadg002-gadget-llaveros-animados/,Imagen y autenticidad pendientes
GADG003,Gadget Sobres Mario Sobresa,por verificar,selección automática,,NO,1.96,2.25,https://conectatech-ec.github.io/productos/gadg003-gadget-sobres-mario-sobresa/,Imagen y autenticidad pendientes
JUGU043,Juguete Camioneta Combi Coleccionable Pequea,por verificar,selección automática,,NO,6.85,7.88,https://conectatech-ec.github.io/productos/jugu043-juguete-camioneta-combi-coleccionable-pequea/,Imagen y autenticidad pendientes
JUGU039,Juguete Carrito Avengers Varios Modelos,por verificar,selección automática,,NO,5.75,6.61,https://conectatech-ec.github.io/productos/jugu039-juguete-carrito-avengers-varios-modelos/,Imagen y autenticidad pendientes
JUGU080,Juguete Carrito Coleccionable F1,por verificar,selección automática,,NO,6.50,7.48,https://conectatech-ec.github.io/productos/jugu080-juguete-carrito-coleccionable-f1/,Imagen y autenticidad pendientes
JUGU003,Juguete Carrito Mario Kart,por verificar,selección automática,,NO,6.20,7.13,https://conectatech-ec.github.io/productos/jugu003-juguete-carrito-mario-kart/,Imagen y autenticidad pendientes
JUGU092,Juguete Carro Coleccionable Jeep Pequeo,por verificar,selección automática,,NO,11.90,13.69,https://conectatech-ec.github.io/productos/jugu092-juguete-carro-coleccionable-jeep-pequeo/,Imagen y autenticidad pendientes
JUGU034,Juguete Carro DE Coleccion Pichirilo CON Rayas Pequeo,por verificar,selección automática,,NO,7.50,8.63,https://conectatech-ec.github.io/productos/jugu034-juguete-carro-de-coleccion-pichirilo-con-rayas-pequeo/,Imagen y autenticidad pendientes
JUGU054,Juguete Motos Pequeas HOT Wheel Coleccionables Metal,por verificar,selección automática,,NO,4.50,5.18,https://conectatech-ec.github.io/productos/jugu054-juguete-motos-pequeas-hot-wheel-coleccionables-metal/,Imagen y autenticidad pendientes
JUGU029,Juguete Personajes Animados POP,por verificar,selección automática,,NO,5.50,6.33,https://conectatech-ec.github.io/productos/jugu029-juguete-personajes-animados-pop/,Imagen y autenticidad pendientes
MICA016,Mica Antiespia Para Android,por verificar,selección automática,,NO,5.00,5.75,https://conectatech-ec.github.io/productos/mica016-mica-antiespia-para-android/,Imagen y autenticidad pendientes
MICA013,Mica Antiespia Para Iphone Dino,por verificar,selección automática,,NO,10.01,11.51,https://conectatech-ec.github.io/productos/mica013-mica-antiespia-para-iphone-dino/,Imagen y autenticidad pendientes
MICA001,Mica Antiespia Para Iphone Privacy,por verificar,selección automática,,NO,10.01,11.51,https://conectatech-ec.github.io/productos/mica001-mica-antiespia-para-iphone-privacy/,Imagen y autenticidad pendientes
MICA003,Mica Antihuellas Para Android,por verificar,selección automática,,NO,3.50,4.03,https://conectatech-ec.github.io/productos/mica003-mica-antihuellas-para-android/,Imagen y autenticidad pendientes
MICA002,Mica Antihuellas Para Iphone,por verificar,selección automática,,NO,6.00,6.90,https://conectatech-ec.github.io/productos/mica002-mica-antihuellas-para-iphone/,Imagen y autenticidad pendientes
MICA004,Mica Curva Android,por verificar,selección automática,,NO,6.00,6.90,https://conectatech-ec.github.io/productos/mica004-mica-curva-android/,Imagen y autenticidad pendientes
MICA006,Mica HD Para Android,por verificar,selección automática,,NO,3.50,4.03,https://conectatech-ec.github.io/productos/mica006-mica-hd-para-android/,Imagen y autenticidad pendientes
MICA005,Mica HD Para Iphone,por verificar,selección automática,,NO,6.00,6.90,https://conectatech-ec.github.io/productos/mica005-mica-hd-para-iphone/,Imagen y autenticidad pendientes
MICA012,"Mica Para Iphone Resistente Antiespia, Antihuella, Anti Estatica, Anti Reflejos.",por verificar,selección automática,,NO,18.00,20.70,https://conectatech-ec.github.io/productos/mica012-mica-para-iphone-resistente-antiespia-antihuella-anti-estatica-anti-reflejos/,Imagen y autenticidad pendientes
MICA009,Mica Para Iphone Serie 16 Spigen,por verificar,selección automática,,NO,11.99,13.79,https://conectatech-ec.github.io/productos/mica009-mica-para-iphone-serie-16-spigen/,Imagen y autenticidad pendientes
MOUS029,Mousepad Cuadrado Esencial,por verificar,selección automática,,NO,2.50,2.88,https://conectatech-ec.github.io/productos/mous029-mousepad-cuadrado-esencial/,Imagen y autenticidad pendientes
PAD001,PAD Almohadilla DE GEL Para Teclados,por verificar,selección automática,,NO,13.85,15.93,https://conectatech-ec.github.io/productos/pad001-pad-almohadilla-de-gel-para-teclados/,Imagen y autenticidad pendientes
PILA049,Pila 1616 Suncom,por verificar,selección automática,,NO,2.25,2.59,https://conectatech-ec.github.io/productos/pila049-pila-1616-suncom/,Imagen y autenticidad pendientes
PILA075,Pila 1620 Suncom,por verificar,selección automática,,NO,2.35,2.70,https://conectatech-ec.github.io/productos/pila075-pila-1620-suncom/,Imagen y autenticidad pendientes
PILA055,Pila 1625 Tianqui,por verificar,selección automática,,NO,1.75,2.01,https://conectatech-ec.github.io/productos/pila055-pila-1625-tianqui/,Imagen y autenticidad pendientes
PILA048,Pila 1632 Suncom,por verificar,selección automática,,NO,2.25,2.59,https://conectatech-ec.github.io/productos/pila048-pila-1632-suncom/,Imagen y autenticidad pendientes
PILA042,Pila 192 392 LR41 Maxday,por verificar,selección automática,,NO,1.75,2.01,https://conectatech-ec.github.io/productos/pila042-pila-192-392-lr41-maxday/,Imagen y autenticidad pendientes
PILA040,Pila 192 392 LR41 Murata,por verificar,selección automática,,NO,2.50,2.88,https://conectatech-ec.github.io/productos/pila040-pila-192-392-lr41-murata/,Imagen y autenticidad pendientes
PILA010,Pila 2016 Sony,por verificar,selección automática,,NO,1.25,1.44,https://conectatech-ec.github.io/productos/pila010-pila-2016-sony/,Imagen y autenticidad pendientes
PILA011,Pila 2025 Sony,por verificar,selección automática,,NO,1.25,1.44,https://conectatech-ec.github.io/productos/pila011-pila-2025-sony/,Imagen y autenticidad pendientes
PILA013,Pila 2032 RCA,por verificar,selección automática,,NO,2.50,2.88,https://conectatech-ec.github.io/productos/pila013-pila-2032-rca/,Imagen y autenticidad pendientes
PILA072,Pila 23A Soeiniy,por verificar,selección automática,,NO,2.65,3.05,https://conectatech-ec.github.io/productos/pila072-pila-23a-soeiniy/,Imagen y autenticidad pendientes
PILA054,Pila 2430 Murata,por verificar,selección automática,,NO,4.30,4.95,https://conectatech-ec.github.io/productos/pila054-pila-2430-murata/,Imagen y autenticidad pendientes
PILA074,Pila 27A GP,por verificar,selección automática,,NO,3.15,3.62,https://conectatech-ec.github.io/productos/pila074-pila-27a-gp/,Imagen y autenticidad pendientes
PILA071,Pila 27A Soeiniy,por verificar,selección automática,,NO,2.55,2.93,https://conectatech-ec.github.io/productos/pila071-pila-27a-soeiniy/,Imagen y autenticidad pendientes
PILA033,Pila 357 LR44 AG13 Pikcell,por verificar,selección automática,,NO,1.25,1.44,https://conectatech-ec.github.io/productos/pila033-pila-357-lr44-ag13-pikcell/,Imagen y autenticidad pendientes
PILA060,Pila 362 - AG11 Maxday,por verificar,selección automática,,NO,1.96,2.25,https://conectatech-ec.github.io/productos/pila060-pila-362-ag11-maxday/,Imagen y autenticidad pendientes
PILA017,Pila 364 Suncom,por verificar,selección automática,,NO,1.75,2.01,https://conectatech-ec.github.io/productos/pila017-pila-364-suncom/,Imagen y autenticidad pendientes
PILA019,Pila 371 Maxday,por verificar,selección automática,,NO,1.75,2.01,https://conectatech-ec.github.io/productos/pila019-pila-371-maxday/,Imagen y autenticidad pendientes
PILA021,Pila 377 AG4 Maxday,por verificar,selección automática,,NO,1.55,1.78,https://conectatech-ec.github.io/productos/pila021-pila-377-ag4-maxday/,Imagen y autenticidad pendientes
PILA022,Pila 377 Suncom,por verificar,selección automática,,NO,1.25,1.44,https://conectatech-ec.github.io/productos/pila022-pila-377-suncom/,Imagen y autenticidad pendientes
PILA052,Pila 379 AG0 Maxday,por verificar,selección automática,,NO,1.90,2.19,https://conectatech-ec.github.io/productos/pila052-pila-379-ag0-maxday/,Imagen y autenticidad pendientes
PILA062,Pila 386 - AG12 Maxday,por verificar,selección automática,,NO,2.10,2.42,https://conectatech-ec.github.io/productos/pila062-pila-386-ag12-maxday/,Imagen y autenticidad pendientes
PILA038,Pila 389 - 189 - LR1130 - AG10 Maxday,por verificar,selección automática,,NO,1.70,1.96,https://conectatech-ec.github.io/productos/pila038-pila-389-189-lr1130-ag10-maxday/,Imagen y autenticidad pendientes
PILA036,Pila 389 - 189 - LR1130 - AG10 T&E,por verificar,selección automática,,NO,1.50,1.73,https://conectatech-ec.github.io/productos/pila036-pila-389-189-lr1130-ag10-t-e/,Imagen y autenticidad pendientes
PILA037,Pila 389 - 189 - LR1130 - AG10SUNCOM,por verificar,selección automática,,NO,1.45,1.67,https://conectatech-ec.github.io/productos/pila037-pila-389-189-lr1130-ag10suncom/,Imagen y autenticidad pendientes
PILA059,Pila 391 - AG8 Maxday,por verificar,selección automática,,NO,2.10,2.42,https://conectatech-ec.github.io/productos/pila059-pila-391-ag8-maxday/,Imagen y autenticidad pendientes
PILA057,Pila 393- 193 - AG5 Maxday,por verificar,selección automática,,NO,1.96,2.25,https://conectatech-ec.github.io/productos/pila057-pila-393-193-ag5-maxday/,Imagen y autenticidad pendientes
PILA056,Pila 396 - 397 - AG2 Maxday,por verificar,selección automática,,NO,1.96,2.25,https://conectatech-ec.github.io/productos/pila056-pila-396-397-ag2-maxday/,Imagen y autenticidad pendientes
PILA050,Pila AA RCA Pack 2,por verificar,selección automática,,NO,3.50,4.03,https://conectatech-ec.github.io/productos/pila050-pila-aa-rca-pack-2/,Imagen y autenticidad pendientes
PILA069,Pila AA Sony Pack DE 4,por verificar,selección automática,,NO,4.30,4.95,https://conectatech-ec.github.io/productos/pila069-pila-aa-sony-pack-de-4/,Imagen y autenticidad pendientes
PILA027,Pila AAA RCA Pack DE 2,por verificar,selección automática,,NO,2.50,2.88,https://conectatech-ec.github.io/productos/pila027-pila-aaa-rca-pack-de-2/,Imagen y autenticidad pendientes
PILA026,Pila AAA RCA Pack DE 4,por verificar,selección automática,,NO,3.80,4.37,https://conectatech-ec.github.io/productos/pila026-pila-aaa-rca-pack-de-4/,Imagen y autenticidad pendientes
PROT001,Protector DE Camara Para Iphone Y Android,por verificar,selección automática,,NO,6.00,6.90,https://conectatech-ec.github.io/productos/prot001-protector-de-camara-para-iphone-y-android/,Imagen y autenticidad pendientes
PROT003,Protectores DE Silicon Animados Para Cables,por verificar,selección automática,,NO,2.25,2.59,https://conectatech-ec.github.io/productos/prot003-protectores-de-silicon-animados-para-cables/,Imagen y autenticidad pendientes
REL043,Reloj Animados Para Ninos Digital Y Analogico,por verificar,selección automática,,NO,6.50,7.48,https://conectatech-ec.github.io/productos/rel043-reloj-animados-para-ninos-digital-y-analogico/,Imagen y autenticidad pendientes
REL032,Reloj Para Animados Nios Tapa Giratoria,por verificar,selección automática,,NO,8.50,9.78,https://conectatech-ec.github.io/productos/rel032-reloj-para-animados-nios-tapa-giratoria/,Imagen y autenticidad pendientes
REL046,Reloj Smarwatch Infinix H4,por verificar,selección automática,,NO,39.00,44.85,https://conectatech-ec.github.io/productos/rel046-reloj-smarwatch-infinix-h4/,Imagen y autenticidad pendientes
SOPO023,Soporte DE Celular Modelo T8-04,por verificar,selección automática,,NO,5.35,6.15,https://conectatech-ec.github.io/productos/sopo023-soporte-de-celular-modelo-t8-04/,Imagen y autenticidad pendientes
STYL005,Stylus PEN Universal,por verificar,selección automática,,NO,18.89,21.72,https://conectatech-ec.github.io/productos/styl005-stylus-pen-universal/,Imagen y autenticidad pendientes
TRIP026,Tripode Selfie N08S,por verificar,selección automática,,NO,9.55,10.98,https://conectatech-ec.github.io/productos/trip026-tripode-selfie-n08s/,Imagen y autenticidad pendientes
ADAP028,Adaptador Bluetooth Dongle HJX-001 Usb-a Tipo Flash,por verificar,selección automática,,NO,5.50,6.33,https://conectatech-ec.github.io/productos/adap028-adaptador-bluetooth-dongle-hjx-001-usb-a-tipo-flash/,Imagen y autenticidad pendientes
ADAP031,Adaptador Divisor Microfono-audifonos Besser Sound,por verificar,selección automática,,NO,11.50,13.23,https://conectatech-ec.github.io/productos/adap031-adaptador-divisor-microfono-audifonos-besser-sound/,Imagen y autenticidad pendientes
ADAP030,Adaptador Divisor Microfono-audifonos Blanco,por verificar,selección automática,,NO,5.50,6.33,https://conectatech-ec.github.io/productos/adap030-adaptador-divisor-microfono-audifonos-blanco/,Imagen y autenticidad pendientes
ADAP049,Adaptador Tarjeta DE Sonido Usb-a A Microfono+audifonos,por verificar,selección automática,,NO,6.50,7.48,https://conectatech-ec.github.io/productos/adap049-adaptador-tarjeta-de-sonido-usb-a-a-microfono-audifonos/,Imagen y autenticidad pendientes
ADAP051,Adaptador Tarjeta DE Sonido Usb-c A Microfono+audifonos,por verificar,selección automática,,NO,9.35,10.75,https://conectatech-ec.github.io/productos/adap051-adaptador-tarjeta-de-sonido-usb-c-a-microfono-audifonos/,Imagen y autenticidad pendientes
AUDI123,Airpods PRO 3 CON AI,por verificar,selección automática,,NO,31.90,36.69,https://conectatech-ec.github.io/productos/audi123-airpods-pro-3-con-ai/,Imagen y autenticidad pendientes
ANTE002,Antena Digital Hdtv 3.5DBI SG-3002,por verificar,selección automática,,NO,11.99,13.79,https://conectatech-ec.github.io/productos/ante002-antena-digital-hdtv-3-5dbi-sg-3002/,Imagen y autenticidad pendientes
ANTE001,Antena Jupiter Para TV,por verificar,selección automática,,NO,6.50,7.48,https://conectatech-ec.github.io/productos/ante001-antena-jupiter-para-tv/,Imagen y autenticidad pendientes
AUDI002,Audifonos AKG 3.5MM,por verificar,selección automática,,NO,5.00,5.75,https://conectatech-ec.github.io/productos/audi002-audifonos-akg-3-5mm/,Imagen y autenticidad pendientes
AUDI003,Audifonos AKG Usb-c,por verificar,selección automática,,NO,6.00,6.90,https://conectatech-ec.github.io/productos/audi003-audifonos-akg-usb-c/,Imagen y autenticidad pendientes
AUDI094,Audifonos Airpods 3 3ERA,por verificar,selección automática,,NO,15.00,17.25,https://conectatech-ec.github.io/productos/audi094-audifonos-airpods-3-3era/,Imagen y autenticidad pendientes
AUDI001,Audifonos Airpods PRO 2 ANC,por verificar,selección automática,,NO,25.00,28.75,https://conectatech-ec.github.io/productos/audi001-audifonos-airpods-pro-2-anc/,Imagen y autenticidad pendientes
AUDI004,Audifonos Alambricos Basicos Esencial,por verificar,selección automática,,NO,3.50,4.03,https://conectatech-ec.github.io/productos/audi004-audifonos-alambricos-basicos-esencial/,Imagen y autenticidad pendientes
AUDI008,Audifonos Alambricos Earpods Lightning,por verificar,selección automática,,NO,15.00,17.25,https://conectatech-ec.github.io/productos/audi008-audifonos-alambricos-earpods-lightning/,Imagen y autenticidad pendientes
AUDI009,Audifonos Alambricos Earpods Tipo Usb-c,por verificar,selección automática,,NO,16.00,18.40,https://conectatech-ec.github.io/productos/audi009-audifonos-alambricos-earpods-tipo-usb-c/,Imagen y autenticidad pendientes
AUDI097,Audifonos Alambricos Tune 310C,por verificar,selección automática,,NO,11.90,13.69,https://conectatech-ec.github.io/productos/audi097-audifonos-alambricos-tune-310c/,Imagen y autenticidad pendientes
AUDI045,Audifonos Cuello Modelo WX7,por verificar,selección automática,,NO,11.99,13.79,https://conectatech-ec.github.io/productos/audi045-audifonos-cuello-modelo-wx7/,Imagen y autenticidad pendientes
AUDI120,Audifonos DE Diadema 3.5MM Xtech XTH356 Avid,por verificar,selección automática,,NO,19.35,22.25,https://conectatech-ec.github.io/productos/audi120-audifonos-de-diadema-3-5mm-xtech-xth356-avid/,Imagen y autenticidad pendientes
AUDI039,Audifonos DE Diadema Animados Para Ninos,por verificar,selección automática,,NO,14.00,16.10,https://conectatech-ec.github.io/productos/audi039-audifonos-de-diadema-animados-para-ninos/,Imagen y autenticidad pendientes
AUDI046,Audifonos DE Diadema Animados Para Nios BIG Mario,por verificar,selección automática,,NO,19.00,21.85,https://conectatech-ec.github.io/productos/audi046-audifonos-de-diadema-animados-para-nios-big-mario/,Imagen y autenticidad pendientes
AUDI117,Audifonos DE Diadema CON Microfono Xtech XTH564 3.5MM,por verificar,selección automática,,NO,23.58,27.12,https://conectatech-ec.github.io/productos/audi117-audifonos-de-diadema-con-microfono-xtech-xth564-3-5mm/,Imagen y autenticidad pendientes
AUDI038,Audifonos DE Diadema Cascos Quitcomfort Ultra Noise Cancelling,por verificar,selección automática,,NO,26.30,30.25,https://conectatech-ec.github.io/productos/audi038-audifonos-de-diadema-cascos-quitcomfort-ultra-noise-cancelling/,Imagen y autenticidad pendientes
AUDI116,Audifonos DE Diadema Coon Microfono Usb-c Xtech XTH-245,por verificar,selección automática,,NO,18.70,21.51,https://conectatech-ec.github.io/productos/audi116-audifonos-de-diadema-coon-microfono-usb-c-xtech-xth-245/,Imagen y autenticidad pendientes
AUDI012,Audifonos DE Diadema Gamer Komc G306,por verificar,selección automática,,NO,18.00,20.70,https://conectatech-ec.github.io/productos/audi012-audifonos-de-diadema-gamer-komc-g306/,Imagen y autenticidad pendientes
AUDI076,Audifonos DE Diadema Gaming 5RCA553,por verificar,selección automática,,NO,23.15,26.62,https://conectatech-ec.github.io/productos/audi076-audifonos-de-diadema-gaming-5rca553/,Imagen y autenticidad pendientes
AUDI108,Audifonos DE Diadema Klipxtreme Duovox KCH-915,por verificar,selección automática,,NO,69.40,79.81,https://conectatech-ec.github.io/productos/audi108-audifonos-de-diadema-klipxtreme-duovox-kch-915/,Imagen y autenticidad pendientes
AUDI091,Audifonos DE Diadema Klipxtreme Escape,por verificar,selección automática,,NO,39.10,44.97,https://conectatech-ec.github.io/productos/audi091-audifonos-de-diadema-klipxtreme-escape/,Imagen y autenticidad pendientes
AUDI107,Audifonos DE Diadema Klipxtreme Hi-fi KNH-750GR,por verificar,selección automática,,NO,92.40,106.26,https://conectatech-ec.github.io/productos/audi107-audifonos-de-diadema-klipxtreme-hi-fi-knh-750gr/,Imagen y autenticidad pendientes
AUDI085,Audifonos DE Diadema Klipxtreme KSH-290 Sekual,por verificar,selección automática,,NO,17.60,20.24,https://conectatech-ec.github.io/productos/audi085-audifonos-de-diadema-klipxtreme-ksh-290-sekual/,Imagen y autenticidad pendientes
AUDI090,Audifonos DE Diadema Klipxtreme Style,por verificar,selección automática,,NO,58.31,67.06,https://conectatech-ec.github.io/productos/audi090-audifonos-de-diadema-klipxtreme-style/,Imagen y autenticidad pendientes
AUDI119,Audifonos DE Diadema Logitech H390 Usb-c,por verificar,selección automática,,NO,41.89,48.17,https://conectatech-ec.github.io/productos/audi119-audifonos-de-diadema-logitech-h390-usb-c/,Imagen y autenticidad pendientes
AUDI104,Audifonos DE Diadema Mono Klipxtreme Voxcom KCH-750,por verificar,selección automática,,NO,39.30,45.20,https://conectatech-ec.github.io/productos/audi104-audifonos-de-diadema-mono-klipxtreme-voxcom-kch-750/,Imagen y autenticidad pendientes
AUDI081,Audifonos DE Diadema Para PC Klipxtreme Klearcom,por verificar,selección automática,,NO,29.45,33.87,https://conectatech-ec.github.io/productos/audi081-audifonos-de-diadema-para-pc-klipxtreme-klearcom/,Imagen y autenticidad pendientes
AUDI096,Audifonos DE Diadema Para Pc-laptops SY440MV,por verificar,selección automática,,NO,9.15,10.52,https://conectatech-ec.github.io/productos/audi096-audifonos-de-diadema-para-pc-laptops-sy440mv/,Imagen y autenticidad pendientes
AUDI037,Audifonos DE Diadema Quietcomfort 45 II,por verificar,selección automática,,NO,24.85,28.58,https://conectatech-ec.github.io/productos/audi037-audifonos-de-diadema-quietcomfort-45-ii/,Imagen y autenticidad pendientes
AUDI114,Audifonos DE Diadema Riversong Rhythm L9,por verificar,selección automática,,NO,29.35,33.75,https://conectatech-ec.github.io/productos/audi114-audifonos-de-diadema-riversong-rhythm-l9/,Imagen y autenticidad pendientes
AUDI064,Audifonos DE Diadema Soundgear Sense Deportivos,por verificar,selección automática,,NO,28.78,33.10,https://conectatech-ec.github.io/productos/audi064-audifonos-de-diadema-soundgear-sense-deportivos/,Imagen y autenticidad pendientes
AUDI047,Audifonos DE Diadema Tune 760,por verificar,selección automática,,NO,19.00,21.85,https://conectatech-ec.github.io/productos/audi047-audifonos-de-diadema-tune-760/,Imagen y autenticidad pendientes
AUDI089,Audifonos DE Diadema Tune A16,por verificar,selección automática,,NO,23.00,26.45,https://conectatech-ec.github.io/productos/audi089-audifonos-de-diadema-tune-a16/,Imagen y autenticidad pendientes
AUDI016,Audifonos DE Diadema Tune A6,por verificar,selección automática,,NO,17.91,20.60,https://conectatech-ec.github.io/productos/audi016-audifonos-de-diadema-tune-a6/,Imagen y autenticidad pendientes
AUDI100,Audifonos DE Diadema ULT Powersound,por verificar,selección automática,,NO,22.15,25.47,https://conectatech-ec.github.io/productos/audi100-audifonos-de-diadema-ult-powersound/,Imagen y autenticidad pendientes
AUDI080,Audifonos DE Diadema Xtech Spiderman,por verificar,selección automática,,NO,33.01,37.96,https://conectatech-ec.github.io/productos/audi080-audifonos-de-diadema-xtech-spiderman/,Imagen y autenticidad pendientes
AUDI072,Audifonos DE Diadema Xtrike-me GH-512W,por verificar,selección automática,,NO,49.00,56.35,https://conectatech-ec.github.io/productos/audi072-audifonos-de-diadema-xtrike-me-gh-512w/,Imagen y autenticidad pendientes
AUDI057,Audifonos Deportivos OWS-03,por verificar,selección automática,,NO,19.00,21.85,https://conectatech-ec.github.io/productos/audi057-audifonos-deportivos-ows-03/,Imagen y autenticidad pendientes
AUDI095,Audifonos Deportivos Thinkplus X15PRO,por verificar,selección automática,,NO,39.15,45.02,https://conectatech-ec.github.io/productos/audi095-audifonos-deportivos-thinkplus-x15pro/,Imagen y autenticidad pendientes
AUDI005,Audifonos Diadema Airpods MAX,por verificar,selección automática,,NO,29.00,33.35,https://conectatech-ec.github.io/productos/audi005-audifonos-diadema-airpods-max/,Imagen y autenticidad pendientes
AUDI007,Audifonos Diadema PRO Studio,por verificar,selección automática,,NO,16.91,19.45,https://conectatech-ec.github.io/productos/audi007-audifonos-diadema-pro-studio/,Imagen y autenticidad pendientes
AUDI101,Audifonos Galaxy Buds 5 PRO,por verificar,selección automática,,NO,20.90,24.04,https://conectatech-ec.github.io/productos/audi101-audifonos-galaxy-buds-5-pro/,Imagen y autenticidad pendientes
AUDI053,Audifonos Galaxy Buds PRO 6,por verificar,selección automática,,NO,22.00,25.30,https://conectatech-ec.github.io/productos/audi053-audifonos-galaxy-buds-pro-6/,Imagen y autenticidad pendientes
AUDI082,Audifonos Galaxy Buds PRO 9,por verificar,selección automática,,NO,19.21,22.09,https://conectatech-ec.github.io/productos/audi082-audifonos-galaxy-buds-pro-9/,Imagen y autenticidad pendientes
AUDI049,Audifonos Gamer HP DHE8001U,por verificar,selección automática,,NO,27.45,31.57,https://conectatech-ec.github.io/productos/audi049-audifonos-gamer-hp-dhe8001u/,Imagen y autenticidad pendientes
AUDI106,Audifonos Gaming JBL Quantum 650 Wireless,por verificar,selección automática,,NO,164.30,188.95,https://conectatech-ec.github.io/productos/audi106-audifonos-gaming-jbl-quantum-650-wireless/,Imagen y autenticidad pendientes
AUDI088,Audifonos Inalambricos 1HORA,por verificar,selección automática,,NO,22.90,26.34,https://conectatech-ec.github.io/productos/audi088-audifonos-inalambricos-1hora/,Imagen y autenticidad pendientes
AUDI042,Audifonos Inalambricos Airpods 4 4TA,por verificar,selección automática,,NO,25.00,28.75,https://conectatech-ec.github.io/productos/audi042-audifonos-inalambricos-airpods-4-4ta/,Imagen y autenticidad pendientes
AUDI061,Audifonos Inalambricos Airpods 4 ANC 4TA,por verificar,selección automática,,NO,29.00,33.35,https://conectatech-ec.github.io/productos/audi061-audifonos-inalambricos-airpods-4-anc-4ta/,Imagen y autenticidad pendientes
AUDI069,Audifonos Inalambricos Airpods Animados,por verificar,selección automática,,NO,14.90,17.14,https://conectatech-ec.github.io/productos/audi069-audifonos-inalambricos-airpods-animados/,Imagen y autenticidad pendientes
AUDI063,Audifonos Inalambricos Airpods PRO 2 Anc-enc CON Pantalla,por verificar,selección automática,,NO,19.35,22.25,https://conectatech-ec.github.io/productos/audi063-audifonos-inalambricos-airpods-pro-2-anc-enc-con-pantalla/,Imagen y autenticidad pendientes
AUDI062,Audifonos Inalambricos Airpods XFT-01,por verificar,selección automática,,NO,18.00,20.70,https://conectatech-ec.github.io/productos/audi062-audifonos-inalambricos-airpods-xft-01/,Imagen y autenticidad pendientes
AUDI099,Audifonos Inalambricos Blackshark T13 ANC,por verificar,selección automática,,NO,49.15,56.52,https://conectatech-ec.github.io/productos/audi099-audifonos-inalambricos-blackshark-t13-anc/,Imagen y autenticidad pendientes
AUDI083,Audifonos Inalambricos Deportivos Linkbuds FIT,por verificar,selección automática,,NO,14.85,17.08,https://conectatech-ec.github.io/productos/audi083-audifonos-inalambricos-deportivos-linkbuds-fit/,Imagen y autenticidad pendientes
AUDI015,Audifonos Inalambricos Face Change G05D,por verificar,selección automática,,NO,22.00,25.30,https://conectatech-ec.github.io/productos/audi015-audifonos-inalambricos-face-change-g05d/,Imagen y autenticidad pendientes
AUDI073,Audifonos Inalambricos Galaxy Buds 6 PRO,por verificar,selección automática,,NO,19.35,22.25,https://conectatech-ec.github.io/productos/audi073-audifonos-inalambricos-galaxy-buds-6-pro/,Imagen y autenticidad pendientes
AUDI041,Audifonos Inalambricos Havit TW969 Lite,por verificar,selección automática,,NO,22.00,25.30,https://conectatech-ec.github.io/productos/audi041-audifonos-inalambricos-havit-tw969-lite/,Imagen y autenticidad pendientes
AUDI086,Audifonos Inalambricos Klipxtreme KTE-015PR,por verificar,selección automática,,NO,28.15,32.37,https://conectatech-ec.github.io/productos/audi086-audifonos-inalambricos-klipxtreme-kte-015pr/,Imagen y autenticidad pendientes
AUDI034,Audifonos Inalambricos Monster Airmars XKT01,por verificar,selección automática,,NO,37.00,42.55,https://conectatech-ec.github.io/productos/audi034-audifonos-inalambricos-monster-airmars-xkt01/,Imagen y autenticidad pendientes
AUDI028,Audifonos Inalambricos Monster N-lite 203,por verificar,selección automática,,NO,34.99,40.24,https://conectatech-ec.github.io/productos/audi028-audifonos-inalambricos-monster-n-lite-203/,Imagen y autenticidad pendientes
AUDI118,Audifonos Inalambricos Primus Arcus 300S,por verificar,selección automática,,NO,47.35,54.45,https://conectatech-ec.github.io/productos/audi118-audifonos-inalambricos-primus-arcus-300s/,Imagen y autenticidad pendientes
AUDI067,Audifonos Inalambricos Riversong Airfly L1,por verificar,selección automática,,NO,25.00,28.75,https://conectatech-ec.github.io/productos/audi067-audifonos-inalambricos-riversong-airfly-l1/,Imagen y autenticidad pendientes
AUDI066,Audifonos Inalambricos Saiva SY-MT1 Metal,por verificar,selección automática,,NO,25.00,28.75,https://conectatech-ec.github.io/productos/audi066-audifonos-inalambricos-saiva-sy-mt1-metal/,Imagen y autenticidad pendientes
AUDI122,Audifonos Inalambricos Saiva YB4,por verificar,selección automática,,NO,19.85,22.83,https://conectatech-ec.github.io/productos/audi122-audifonos-inalambricos-saiva-yb4/,Imagen y autenticidad pendientes
AUDI017,Audifonos Inalambricos Signature,por verificar,selección automática,,NO,29.00,33.35,https://conectatech-ec.github.io/productos/audi017-audifonos-inalambricos-signature/,Imagen y autenticidad pendientes
AUDI074,Audifonos Inalambricos Starwars Primus,por verificar,selección automática,,NO,43.15,49.62,https://conectatech-ec.github.io/productos/audi074-audifonos-inalambricos-starwars-primus/,Imagen y autenticidad pendientes
AUDI020,Audifonos Inalambricos TUNE230NC,por verificar,selección automática,,NO,24.00,27.60,https://conectatech-ec.github.io/productos/audi020-audifonos-inalambricos-tune230nc/,Imagen y autenticidad pendientes
AUDI025,Audifonos Inalambricos Thinkplus X15II,por verificar,selección automática,,NO,30.00,34.50,https://conectatech-ec.github.io/productos/audi025-audifonos-inalambricos-thinkplus-x15ii/,Imagen y autenticidad pendientes
AUDI065,Audifonos Inalambricos Tune 220,por verificar,selección automática,,NO,15.90,18.29,https://conectatech-ec.github.io/productos/audi065-audifonos-inalambricos-tune-220/,Imagen y autenticidad pendientes
AUDI098,Audifonos Inalambricos Tune Beam 150,por verificar,selección automática,,NO,19.15,22.02,https://conectatech-ec.github.io/productos/audi098-audifonos-inalambricos-tune-beam-150/,Imagen y autenticidad pendientes
AUDI018,Audifonos Inalambricos Tune Flex,por verificar,selección automática,,NO,19.00,21.85,https://conectatech-ec.github.io/productos/audi018-audifonos-inalambricos-tune-flex/,Imagen y autenticidad pendientes
AUDI026,Audifonos Inalambricosthinkplus LP1S,por verificar,selección automática,,NO,28.00,32.20,https://conectatech-ec.github.io/productos/audi026-audifonos-inalambricosthinkplus-lp1s/,Imagen y autenticidad pendientes
AUDI124,Audifonos Inalmabricos LMN-K21,por verificar,selección automática,,NO,16.55,19.03,https://conectatech-ec.github.io/productos/audi124-audifonos-inalmabricos-lmn-k21/,Imagen y autenticidad pendientes
AUDI103,Audifonos JBL Endurance Pace,por verificar,selección automática,,NO,89.30,102.70,https://conectatech-ec.github.io/productos/audi103-audifonos-jbl-endurance-pace/,Imagen y autenticidad pendientes
AUDI093,Audifonos Klipxtreme Open AIR Conduccion Osea,por verificar,selección automática,,NO,47.85,55.03,https://conectatech-ec.github.io/productos/audi093-audifonos-klipxtreme-open-air-conduccion-osea/,Imagen y autenticidad pendientes
AUDI113,Audifonos Klipxtreme Openbuds KOE-250BK,por verificar,selección automática,,NO,49.15,56.52,https://conectatech-ec.github.io/productos/audi113-audifonos-klipxtreme-openbuds-koe-250bk/,Imagen y autenticidad pendientes
AUDI055,Audifonos Redmi Buds 6 Play,por verificar,selección automática,,NO,26.80,30.82,https://conectatech-ec.github.io/productos/audi055-audifonos-redmi-buds-6-play/,Imagen y autenticidad pendientes
AUDI110,Audifonos Tipo Arete HT-10,por verificar,selección automática,,NO,13.90,15.99,https://conectatech-ec.github.io/productos/audi110-audifonos-tipo-arete-ht-10/,Imagen y autenticidad pendientes
AUDI036,Audifonos Ultra Open Earbuds,por verificar,selección automática,,NO,36.00,41.40,https://conectatech-ec.github.io/productos/audi036-audifonos-ultra-open-earbuds/,Imagen y autenticidad pendientes
CABL132,Cable Adaptador Divisor Microfono-audifono 3.5MM Hembra A Doble 3.5MM Macho Rojo,por verificar,selección automática,,NO,4.75,5.46,https://conectatech-ec.github.io/productos/cabl132-cable-adaptador-divisor-microfono-audifono-3-5mm-hembra-a-doble-3-5mm-macho-ro/,Imagen y autenticidad pendientes
CABL070,Cable DE Disco Duro Usb-a A USB 3.0 Micro-b,por verificar,selección automática,,NO,5.90,6.79,https://conectatech-ec.github.io/productos/cabl070-cable-de-disco-duro-usb-a-a-usb-3-0-micro-b/,Imagen y autenticidad pendientes
CABL161,Cable Hdmi + Micro + Mini Adaptadores Hdtv 3 EN 1,por verificar,selección automática,,NO,12.90,14.84,https://conectatech-ec.github.io/productos/cabl161-cable-hdmi-micro-mini-adaptadores-hdtv-3-en-1/,Imagen y autenticidad pendientes
CABL012,Cable Para Router DE 5V A 12V 2AMP,por verificar,selección automática,,NO,9.00,10.35,https://conectatech-ec.github.io/productos/cabl012-cable-para-router-de-5v-a-12v-2amp/,Imagen y autenticidad pendientes
CAPT003,Capturadora DE Video Hdtv 4K 3.0 Hdmi Input + Output,por verificar,selección automática,,NO,26.30,30.25,https://conectatech-ec.github.io/productos/capt003-capturadora-de-video-hdtv-4k-3-0-hdmi-input-output/,Imagen y autenticidad pendientes
CAPT004,Capturadora DE Video Hdtv Tipo Flashmemory,por verificar,selección automática,,NO,13.90,15.99,https://conectatech-ec.github.io/productos/capt004-capturadora-de-video-hdtv-tipo-flashmemory/,Imagen y autenticidad pendientes
CARG066,Cargador Para Smartwatch DE Pines,por verificar,selección automática,,NO,6.75,7.76,https://conectatech-ec.github.io/productos/carg066-cargador-para-smartwatch-de-pines/,Imagen y autenticidad pendientes
CARG061,Cargador Smartwatch Infinix H4,por verificar,selección automática,,NO,13.50,15.53,https://conectatech-ec.github.io/productos/carg061-cargador-smartwatch-infinix-h4/,Imagen y autenticidad pendientes
CASE003,Case Disco Duro 2.5 Altek Plastico,por verificar,selección automática,,NO,11.85,13.63,https://conectatech-ec.github.io/productos/case003-case-disco-duro-2-5-altek-plastico/,Imagen y autenticidad pendientes
CASE002,Case Para Disco NV2 Y NV3,por verificar,selección automática,,NO,19.35,22.25,https://conectatech-ec.github.io/productos/case002-case-para-disco-nv2-y-nv3/,Imagen y autenticidad pendientes
CONT001,Control TV + Tvbox + PC CON Teclado Iluminado,por verificar,selección automática,,NO,11.16,12.83,https://conectatech-ec.github.io/productos/cont001-control-tv-tvbox-pc-con-teclado-iluminado/,Imagen y autenticidad pendientes
CONT004,Control TV + Tvbox + PC Negro CON Teclado,por verificar,selección automática,,NO,23.15,26.62,https://conectatech-ec.github.io/productos/cont004-control-tv-tvbox-pc-negro-con-teclado/,Imagen y autenticidad pendientes
CORR009,Correa Para Smartwatch Lisa,por verificar,selección automática,,NO,11.99,13.79,https://conectatech-ec.github.io/productos/corr009-correa-para-smartwatch-lisa/,Imagen y autenticidad pendientes
CORR003,Correa Smartwatch Blanca CON Bordes Rosados,por verificar,selección automática,,NO,11.99,13.79,https://conectatech-ec.github.io/productos/corr003-correa-smartwatch-blanca-con-bordes-rosados/,Imagen y autenticidad pendientes
CORR004,Correa Smartwatch CON Huecos,por verificar,selección automática,,NO,13.00,14.95,https://conectatech-ec.github.io/productos/corr004-correa-smartwatch-con-huecos/,Imagen y autenticidad pendientes
CORR005,Correa Smartwatch Infinix H4,por verificar,selección automática,,NO,13.50,15.53,https://conectatech-ec.github.io/productos/corr005-correa-smartwatch-infinix-h4/,Imagen y autenticidad pendientes
CORR006,Correa Smartwatch Mario-luigi,por verificar,selección automática,,NO,12.16,13.98,https://conectatech-ec.github.io/productos/corr006-correa-smartwatch-mario-luigi/,Imagen y autenticidad pendientes
CORR008,Correa Smartwatch Verde,por verificar,selección automática,,NO,15.00,17.25,https://conectatech-ec.github.io/productos/corr008-correa-smartwatch-verde/,Imagen y autenticidad pendientes
DISC005,Disco Duro Externo Adata 1TB Antishock,por verificar,selección automática,,NO,149.30,171.70,https://conectatech-ec.github.io/productos/disc005-disco-duro-externo-adata-1tb-antishock/,Imagen y autenticidad pendientes
DISC003,Disco Duro Externo Adata 2TB Antishock,por verificar,selección automática,,NO,179.40,206.31,https://conectatech-ec.github.io/productos/disc003-disco-duro-externo-adata-2tb-antishock/,Imagen y autenticidad pendientes
DISC009,Disco Duro Externo Western Digital 1TB WD Elements,por verificar,selección automática,,NO,135.21,155.49,https://conectatech-ec.github.io/productos/disc009-disco-duro-externo-western-digital-1tb-wd-elements/,Imagen y autenticidad pendientes
DISC004,Disco Solido Externo SSD Adata 500GB,por verificar,selección automática,,NO,99.30,114.20,https://conectatech-ec.github.io/productos/disc004-disco-solido-externo-ssd-adata-500gb/,Imagen y autenticidad pendientes
TVBO010,Fire TV Stick Amazon 4K 8GB Wifi 6,por verificar,selección automática,,NO,69.20,79.58,https://conectatech-ec.github.io/productos/tvbo010-fire-tv-stick-amazon-4k-8gb-wifi-6/,Imagen y autenticidad pendientes
TVBO007,Fire TV Stick Amazon 4K MAX 16GB Wifi 6E,por verificar,selección automática,,NO,94.30,108.45,https://conectatech-ec.github.io/productos/tvbo007-fire-tv-stick-amazon-4k-max-16gb-wifi-6e/,Imagen y autenticidad pendientes
FLAS005,Flash Memory 128GB 2.0 Kingston Tipo Llavero,por verificar,selección automática,,NO,15.00,17.25,https://conectatech-ec.github.io/productos/flas005-flash-memory-128gb-2-0-kingston-tipo-llavero/,Imagen y autenticidad pendientes
FLAS035,Flash Memory 128GB Kingston Exodia 3.2,por verificar,selección automática,,NO,19.15,22.02,https://conectatech-ec.github.io/productos/flas035-flash-memory-128gb-kingston-exodia-3-2/,Imagen y autenticidad pendientes
FLAS038,Flash Memory 128GB Sandisk 3.2 100MB,por verificar,selección automática,,NO,21.36,24.56,https://conectatech-ec.github.io/productos/flas038-flash-memory-128gb-sandisk-3-2-100mb/,Imagen y autenticidad pendientes
FLAS031,Flash Memory 128GB Sandisk Corta,por verificar,selección automática,,NO,19.35,22.25,https://conectatech-ec.github.io/productos/flas031-flash-memory-128gb-sandisk-corta/,Imagen y autenticidad pendientes
FLAS013,Flash Memory 128GB Steren Usb-c + Usb-a,por verificar,selección automática,,NO,22.30,25.65,https://conectatech-ec.github.io/productos/flas013-flash-memory-128gb-steren-usb-c-usb-a/,Imagen y autenticidad pendientes
FLAS037,Flash Memory 16GB Sandisk 16GB 2.0,por verificar,selección automática,,NO,13.31,15.31,https://conectatech-ec.github.io/productos/flas037-flash-memory-16gb-sandisk-16gb-2-0/,Imagen y autenticidad pendientes
FLAS014,Flash Memory 256GB Steren Usb-c + Usb-a,por verificar,selección automática,,NO,29.15,33.52,https://conectatech-ec.github.io/productos/flas014-flash-memory-256gb-steren-usb-c-usb-a/,Imagen y autenticidad pendientes
FLAS004,Flash Memory 32GB 2.0 Kingston Tipo Llavero,por verificar,selección automática,,NO,11.01,12.66,https://conectatech-ec.github.io/productos/flas004-flash-memory-32gb-2-0-kingston-tipo-llavero/,Imagen y autenticidad pendientes
FLAS016,Flash Memory 32GB Kingston 2.0 3.0 3.1,por verificar,selección automática,,NO,11.25,12.94,https://conectatech-ec.github.io/productos/flas016-flash-memory-32gb-kingston-2-0-3-0-3-1/,Imagen y autenticidad pendientes
FLAS021,Flash Memory 32GB Monster,por verificar,selección automática,,NO,10.25,11.79,https://conectatech-ec.github.io/productos/flas021-flash-memory-32gb-monster/,Imagen y autenticidad pendientes
FLAS034,Flash Memory 32GB Sandisk,por verificar,selección automática,,NO,9.45,10.87,https://conectatech-ec.github.io/productos/flas034-flash-memory-32gb-sandisk/,Imagen y autenticidad pendientes
FLAS017,Flash Memory 32GB Steren 32GB Usb-c + Usb-a,por verificar,selección automática,,NO,13.00,14.95,https://conectatech-ec.github.io/productos/flas017-flash-memory-32gb-steren-32gb-usb-c-usb-a/,Imagen y autenticidad pendientes
FLAS027,Flash Memory 512GB Kingston 220MB/S,por verificar,selección automática,,NO,95.20,109.48,https://conectatech-ec.github.io/productos/flas027-flash-memory-512gb-kingston-220mb-s/,Imagen y autenticidad pendientes
FLAS003,Flash Memory 64GB 2.0 Kingston Tipo Llavero,por verificar,selección automática,,NO,11.99,13.79,https://conectatech-ec.github.io/productos/flas003-flash-memory-64gb-2-0-kingston-tipo-llavero/,Imagen y autenticidad pendientes
FLAS023,Flash Memory 64GB ENV,por verificar,selección automática,,NO,9.75,11.21,https://conectatech-ec.github.io/productos/flas023-flash-memory-64gb-env/,Imagen y autenticidad pendientes
FLAS009,Flash Memory 64GB HP V222W,por verificar,selección automática,,NO,15.50,17.83,https://conectatech-ec.github.io/productos/flas009-flash-memory-64gb-hp-v222w/,Imagen y autenticidad pendientes
FLAS032,Flash Memory 64GB Kingston Morada,por verificar,selección automática,,NO,13.14,15.11,https://conectatech-ec.github.io/productos/flas032-flash-memory-64gb-kingston-morada/,Imagen y autenticidad pendientes
FLAS008,Flash Memory 64GB Kingston Usb-c 3.2,por verificar,selección automática,,NO,16.50,18.98,https://conectatech-ec.github.io/productos/flas008-flash-memory-64gb-kingston-usb-c-3-2/,Imagen y autenticidad pendientes
FLAS022,Flash Memory 64GB Monster,por verificar,selección automática,,NO,12.90,14.84,https://conectatech-ec.github.io/productos/flas022-flash-memory-64gb-monster/,Imagen y autenticidad pendientes
FLAS036,Flash Memory 64GB Sandisk 3.2 GEN 1 100MB,por verificar,selección automática,,NO,16.30,18.75,https://conectatech-ec.github.io/productos/flas036-flash-memory-64gb-sandisk-3-2-gen-1-100mb/,Imagen y autenticidad pendientes
FLAS033,Flash Memory 64GB Steren Usb-c + Usb-a,por verificar,selección automática,,NO,16.91,19.45,https://conectatech-ec.github.io/productos/flas033-flash-memory-64gb-steren-usb-c-usb-a/,Imagen y autenticidad pendientes
FLAS024,Flash Memory 8GB Kingston 3.2 Exodia,por verificar,selección automática,,NO,7.30,8.40,https://conectatech-ec.github.io/productos/flas024-flash-memory-8gb-kingston-3-2-exodia/,Imagen y autenticidad pendientes
FUND006,Funda Cobertora DE Tablet,por verificar,selección automática,,NO,4.90,5.64,https://conectatech-ec.github.io/productos/fund006-funda-cobertora-de-tablet/,Imagen y autenticidad pendientes
JUGU166,Juguete Carro Coleccionable CON Parlante Varios Modelos,por verificar,selección automática,,NO,33.01,37.96,https://conectatech-ec.github.io/productos/jugu166-juguete-carro-coleccionable-con-parlante-varios-modelos/,Imagen y autenticidad pendientes
JUGU129,Juguete Consola DE Videojuegos Game 2.4GHZ Hdmi Para TV,por verificar,selección automática,,NO,39.00,44.85,https://conectatech-ec.github.io/productos/jugu129-juguete-consola-de-videojuegos-game-2-4ghz-hdmi-para-tv/,Imagen y autenticidad pendientes
JUGU141,Juguete Parlante Karaoke Para Nios K52,por verificar,selección automática,,NO,15.90,18.29,https://conectatech-ec.github.io/productos/jugu141-juguete-parlante-karaoke-para-nios-k52/,Imagen y autenticidad pendientes
JUGU097,Juguete SET KIT Para Nios(as) Audifonos Inalambricos - Reloj - Consola,por verificar,selección automática,,NO,29.85,34.33,https://conectatech-ec.github.io/productos/jugu097-juguete-set-kit-para-nios-as-audifonos-inalambricos-reloj-consola/,Imagen y autenticidad pendientes
LECT002,Lector DE Memoria Microsd OT12,por verificar,selección automática,,NO,9.00,10.35,https://conectatech-ec.github.io/productos/lect002-lector-de-memoria-microsd-ot12/,Imagen y autenticidad pendientes
MICR01,Microfono Alambrico 3.5MM CON Audifono MC-R5,por verificar,selección automática,,NO,9.50,10.93,https://conectatech-ec.github.io/productos/micr01-microfono-alambrico-3-5mm-con-audifono-mc-r5/,Imagen y autenticidad pendientes
MICR07,Microfono Alambrico Usb-c CON Audifono MC-R6,por verificar,selección automática,,NO,10.50,12.08,https://conectatech-ec.github.io/productos/micr07-microfono-alambrico-usb-c-con-audifono-mc-r6/,Imagen y autenticidad pendientes
MICR19,Microfonos SET 2 Para Parlante Sing-e ZQS-2M502 Vocal Karaoke,por verificar,selección automática,,NO,29.30,33.70,https://conectatech-ec.github.io/productos/micr19-microfonos-set-2-para-parlante-sing-e-zqs-2m502-vocal-karaoke/,Imagen y autenticidad pendientes
MONI002,Monitor DE Mesa-escritorio 19 Pulgadas Marca ONE,por verificar,selección automática,,NO,59.90,68.89,https://conectatech-ec.github.io/productos/moni002-monitor-de-mesa-escritorio-19-pulgadas-marca-one/,Imagen y autenticidad pendientes
MONI004,Monitor Portatil Asus 360 15.6 Pulgadas,por verificar,selección automática,,NO,139.30,160.20,https://conectatech-ec.github.io/productos/moni004-monitor-portatil-asus-360-15-6-pulgadas/,Imagen y autenticidad pendientes
MONI005,Monitor Portatil ONE 15.6 Pulgadas,por verificar,selección automática,,NO,99.90,114.89,https://conectatech-ec.github.io/productos/moni005-monitor-portatil-one-15-6-pulgadas/,Imagen y autenticidad pendientes
PARL011,Parlante ABS 4109,por verificar,selección automática,,NO,25.00,28.75,https://conectatech-ec.github.io/productos/parl011-parlante-abs-4109/,Imagen y autenticidad pendientes
PARL040,Parlante Bluetooth JBL Grip,por verificar,selección automática,,NO,93.10,107.07,https://conectatech-ec.github.io/productos/parl040-parlante-bluetooth-jbl-grip/,Imagen y autenticidad pendientes
PARL032,Parlante Bluetooth Portatil Klipxtreme Groovesplash,por verificar,selección automática,,NO,29.00,33.35,https://conectatech-ec.github.io/productos/parl032-parlante-bluetooth-portatil-klipxtreme-groovesplash/,Imagen y autenticidad pendientes
PARL041,Parlante Bluetooth Portatil Klipxtreme Nitro,por verificar,selección automática,,NO,32.10,36.92,https://conectatech-ec.github.io/productos/parl041-parlante-bluetooth-portatil-klipxtreme-nitro/,Imagen y autenticidad pendientes
PARL038,Parlante Bluetooth Portatil Monster Vibe,por verificar,selección automática,,NO,63.80,73.37,https://conectatech-ec.github.io/productos/parl038-parlante-bluetooth-portatil-monster-vibe/,Imagen y autenticidad pendientes
PARL016,Parlante Bluetooth RCA RGB 53HSRCR,por verificar,selección automática,,NO,17.91,20.60,https://conectatech-ec.github.io/productos/parl016-parlante-bluetooth-rca-rgb-53hsrcr/,Imagen y autenticidad pendientes
PARL037,Parlante CON Doble Microfono Sing-e Mediano,por verificar,selección automática,,NO,29.00,33.35,https://conectatech-ec.github.io/productos/parl037-parlante-con-doble-microfono-sing-e-mediano/,Imagen y autenticidad pendientes
PARL001,Parlante CON Luces L20,por verificar,selección automática,,NO,17.45,20.07,https://conectatech-ec.github.io/productos/parl001-parlante-con-luces-l20/,Imagen y autenticidad pendientes
PARL031,Parlante CON Microfono ABS-4220,por verificar,selección automática,,NO,39.00,44.85,https://conectatech-ec.github.io/productos/parl031-parlante-con-microfono-abs-4220/,Imagen y autenticidad pendientes
PARL029,Parlante CON Microfono Mini Sing-e ZQS-W3103,por verificar,selección automática,,NO,13.90,15.99,https://conectatech-ec.github.io/productos/parl029-parlante-con-microfono-mini-sing-e-zqs-w3103/,Imagen y autenticidad pendientes
PARL020,Parlante CON Microfono Modelo ZQS1343W Karaoke,por verificar,selección automática,,NO,26.00,29.90,https://conectatech-ec.github.io/productos/parl020-parlante-con-microfono-modelo-zqs1343w-karaoke/,Imagen y autenticidad pendientes
PARL042,Parlante JBL Flip 7,por verificar,selección automática,,NO,132.14,151.96,https://conectatech-ec.github.io/productos/parl042-parlante-jbl-flip-7/,Imagen y autenticidad pendientes
PARL002,Parlante Luces MS2676BT,por verificar,selección automática,,NO,19.00,21.85,https://conectatech-ec.github.io/productos/parl002-parlante-luces-ms2676bt/,Imagen y autenticidad pendientes
PARL003,Parlante Mini CON Microfono Para Nios Karaoke,por verificar,selección automática,,NO,11.90,13.69,https://conectatech-ec.github.io/productos/parl003-parlante-mini-con-microfono-para-nios-karaoke/,Imagen y autenticidad pendientes
PARL043,Parlante Mini Xtech Halen,por verificar,selección automática,,NO,17.28,19.87,https://conectatech-ec.github.io/productos/parl043-parlante-mini-xtech-halen/,Imagen y autenticidad pendientes
PARL028,Parlante Monster Project 1,por verificar,selección automática,,NO,93.20,107.18,https://conectatech-ec.github.io/productos/parl028-parlante-monster-project-1/,Imagen y autenticidad pendientes
PARL035,Parlante Para Bicicleta-moto Blackview Aurabass,por verificar,selección automática,,NO,59.14,68.01,https://conectatech-ec.github.io/productos/parl035-parlante-para-bicicleta-moto-blackview-aurabass/,Imagen y autenticidad pendientes
PARL022,Parlante Para Bicicleta-moto Pavareal BS16,por verificar,selección automática,,NO,26.00,29.90,https://conectatech-ec.github.io/productos/parl022-parlante-para-bicicleta-moto-pavareal-bs16/,Imagen y autenticidad pendientes
PARL013,Parlante Para Pc-laptop HP DHS-2111,por verificar,selección automática,,NO,16.00,18.40,https://conectatech-ec.github.io/productos/parl013-parlante-para-pc-laptop-hp-dhs-2111/,Imagen y autenticidad pendientes
PARL026,Parlante Sing-e 3 Pulgadas ZQS1328S,por verificar,selección automática,,NO,11.99,13.79,https://conectatech-ec.github.io/productos/parl026-parlante-sing-e-3-pulgadas-zqs1328s/,Imagen y autenticidad pendientes
PARL025,Parlante Triangular Monster Superstar E1,por verificar,selección automática,,NO,25.90,29.79,https://conectatech-ec.github.io/productos/parl025-parlante-triangular-monster-superstar-e1/,Imagen y autenticidad pendientes
PARL044,Parlante Ultrablaster Klipxtreme,por verificar,selección automática,,NO,139.85,160.83,https://conectatech-ec.github.io/productos/parl044-parlante-ultrablaster-klipxtreme/,Imagen y autenticidad pendientes
PARL039,Parlante Xiaomi Sound Pocket,por verificar,selección automática,,NO,35.20,40.48,https://conectatech-ec.github.io/productos/parl039-parlante-xiaomi-sound-pocket/,Imagen y autenticidad pendientes
PARL006,Parlante Zioli CON Luces,por verificar,selección automática,,NO,29.00,33.35,https://conectatech-ec.github.io/productos/parl006-parlante-zioli-con-luces/,Imagen y autenticidad pendientes
PARL033,Parlantes Para Pc-laptop ENV Thunder 1306,por verificar,selección automática,,NO,26.80,30.82,https://conectatech-ec.github.io/productos/parl033-parlantes-para-pc-laptop-env-thunder-1306/,Imagen y autenticidad pendientes
PARL009,Parlantes Para Pc-laptop Kisonli X7 RGB,por verificar,selección automática,,NO,13.50,15.53,https://conectatech-ec.github.io/productos/parl009-parlantes-para-pc-laptop-kisonli-x7-rgb/,Imagen y autenticidad pendientes
PARL034,Parlantes Para Pc-laptop Optimum 3100 ENV,por verificar,selección automática,,NO,29.65,34.10,https://conectatech-ec.github.io/productos/parl034-parlantes-para-pc-laptop-optimum-3100-env/,Imagen y autenticidad pendientes
PILA066,Pila Rayovac Para Audifonos Tamano 10,por verificar,selección automática,,NO,7.50,8.63,https://conectatech-ec.github.io/productos/pila066-pila-rayovac-para-audifonos-tamano-10/,Imagen y autenticidad pendientes
PILA065,Pila Rayovac Para Audifonos Tamano 13,por verificar,selección automática,,NO,7.50,8.63,https://conectatech-ec.github.io/productos/pila065-pila-rayovac-para-audifonos-tamano-13/,Imagen y autenticidad pendientes
PILA063,Pila Rayovac Para Audifonos Tamano 312,por verificar,selección automática,,NO,7.50,8.63,https://conectatech-ec.github.io/productos/pila063-pila-rayovac-para-audifonos-tamano-312/,Imagen y autenticidad pendientes
PILA064,Pila Rayovac Para Audifonos Tamano 675,por verificar,selección automática,,NO,7.50,8.63,https://conectatech-ec.github.io/productos/pila064-pila-rayovac-para-audifonos-tamano-675/,Imagen y autenticidad pendientes
PILA044,Pila Renata Para Audifonos Tamano 10,por verificar,selección automática,,NO,6.90,7.94,https://conectatech-ec.github.io/productos/pila044-pila-renata-para-audifonos-tamano-10/,Imagen y autenticidad pendientes
PILA045,Pila Renata Para Audifonos Tamano 312,por verificar,selección automática,,NO,6.90,7.94,https://conectatech-ec.github.io/productos/pila045-pila-renata-para-audifonos-tamano-312/,Imagen y autenticidad pendientes
POWE020,Powerbank Mini 2 EN 1 Klipxtreme Para Smartwatch Y Emergencias,por verificar,selección automática,,NO,26.20,30.13,https://conectatech-ec.github.io/productos/powe020-powerbank-mini-2-en-1-klipxtreme-para-smartwatch-y-emergencias/,Imagen y autenticidad pendientes
RADI003,Radio Parlante Despertador Clock Bluetooth Speaker NEW,por verificar,selección automática,,NO,20.00,23.00,https://conectatech-ec.github.io/productos/radi003-radio-parlante-despertador-clock-bluetooth-speaker-new/,Imagen y autenticidad pendientes
RADI002,Radio Parlante Lenovo TS13 CON Despertador,por verificar,selección automática,,NO,29.41,33.82,https://conectatech-ec.github.io/productos/radi002-radio-parlante-lenovo-ts13-con-despertador/,Imagen y autenticidad pendientes
RADI001,Radio Parlante RCA 53HSRCL CON Despertador,por verificar,selección automática,,NO,22.15,25.47,https://conectatech-ec.github.io/productos/radi001-radio-parlante-rca-53hsrcl-con-despertador/,Imagen y autenticidad pendientes
REL012,Reloj Smartwatch Aemai YX6,por verificar,selección automática,,NO,44.51,51.19,https://conectatech-ec.github.io/productos/rel012-reloj-smartwatch-aemai-yx6/,Imagen y autenticidad pendientes
REL071,Reloj Smartwatch Aurafit Nexa 6,por verificar,selección automática,,NO,69.35,79.75,https://conectatech-ec.github.io/productos/rel071-reloj-smartwatch-aurafit-nexa-6/,Imagen y autenticidad pendientes
REL006,Reloj Smartwatch BIG Ultra 7 EN 1,por verificar,selección automática,,NO,22.00,25.30,https://conectatech-ec.github.io/productos/rel006-reloj-smartwatch-big-ultra-7-en-1/,Imagen y autenticidad pendientes
REL067,Reloj Smartwatch Blackview R50,por verificar,selección automática,,NO,49.35,56.75,https://conectatech-ec.github.io/productos/rel067-reloj-smartwatch-blackview-r50/,Imagen y autenticidad pendientes
REL011,Reloj Smartwatch Caja Flashlight,por verificar,selección automática,,NO,59.00,67.85,https://conectatech-ec.github.io/productos/rel011-reloj-smartwatch-caja-flashlight/,Imagen y autenticidad pendientes
REL068,Reloj Smartwatch ENG GO Watch Square Pink,por verificar,selección automática,,NO,33.15,38.12,https://conectatech-ec.github.io/productos/rel068-reloj-smartwatch-eng-go-watch-square-pink/,Imagen y autenticidad pendientes
REL063,Reloj Smartwatch ENV Watch X Lite,por verificar,selección automática,,NO,29.90,34.39,https://conectatech-ec.github.io/productos/rel063-reloj-smartwatch-env-watch-x-lite/,Imagen y autenticidad pendientes
REL034,Reloj Smartwatch Fitcluodpro Amoled,por verificar,selección automática,,NO,55.00,63.25,https://conectatech-ec.github.io/productos/rel034-reloj-smartwatch-fitcluodpro-amoled/,Imagen y autenticidad pendientes
REL023,Reloj Smartwatch Galaxy Watch Ultra,por verificar,selección automática,,NO,59.00,67.85,https://conectatech-ec.github.io/productos/rel023-reloj-smartwatch-galaxy-watch-ultra/,Imagen y autenticidad pendientes
REL036,Reloj Smartwatch H20,por verificar,selección automática,,NO,29.00,33.35,https://conectatech-ec.github.io/productos/rel036-reloj-smartwatch-h20/,Imagen y autenticidad pendientes
REL070,Reloj Smartwatch Kalobee GW11 Mini,por verificar,selección automática,,NO,36.20,41.63,https://conectatech-ec.github.io/productos/rel070-reloj-smartwatch-kalobee-gw11-mini/,Imagen y autenticidad pendientes
REL062,Reloj Smartwatch Kalobee Para Cabellero SK43,por verificar,selección automática,,NO,55.30,63.60,https://conectatech-ec.github.io/productos/rel062-reloj-smartwatch-kalobee-para-cabellero-sk43/,Imagen y autenticidad pendientes
REL060,Reloj Smartwatch Kieslect Lora 3,por verificar,selección automática,,NO,98.30,113.05,https://conectatech-ec.github.io/productos/rel060-reloj-smartwatch-kieslect-lora-3/,Imagen y autenticidad pendientes
REL013,Reloj Smartwatch Para Iphone Watch Series 10 46MM,por verificar,selección automática,,NO,59.00,67.85,https://conectatech-ec.github.io/productos/rel013-reloj-smartwatch-para-iphone-watch-series-10-46mm/,Imagen y autenticidad pendientes
REL033,Reloj Smartwatch RCA Model Exact,por verificar,selección automática,,NO,25.00,28.75,https://conectatech-ec.github.io/productos/rel033-reloj-smartwatch-rca-model-exact/,Imagen y autenticidad pendientes
REL014,Reloj Smartwatch RCA Ultra,por verificar,selección automática,,NO,55.00,63.25,https://conectatech-ec.github.io/productos/rel014-reloj-smartwatch-rca-ultra/,Imagen y autenticidad pendientes
REL050,Reloj Smartwatch Riversong Motive 10GT,por verificar,selección automática,,NO,97.20,111.78,https://conectatech-ec.github.io/productos/rel050-reloj-smartwatch-riversong-motive-10gt/,Imagen y autenticidad pendientes
REL040,Reloj Smartwatch Riversong Motive 7C,por verificar,selección automática,,NO,55.00,63.25,https://conectatech-ec.github.io/productos/rel040-reloj-smartwatch-riversong-motive-7c/,Imagen y autenticidad pendientes
REL041,Reloj Smartwatch Riversong Motive 9 PRO,por verificar,selección automática,,NO,74.30,85.45,https://conectatech-ec.github.io/productos/rel041-reloj-smartwatch-riversong-motive-9-pro/,Imagen y autenticidad pendientes
REL065,Reloj Smartwatch S11 PRO,por verificar,selección automática,,NO,11.99,13.79,https://conectatech-ec.github.io/productos/rel065-reloj-smartwatch-s11-pro/,Imagen y autenticidad pendientes
REL038,Reloj Smartwatch Saiva SY10 Ultra,por verificar,selección automática,,NO,42.00,48.30,https://conectatech-ec.github.io/productos/rel038-reloj-smartwatch-saiva-sy10-ultra/,Imagen y autenticidad pendientes
REL016,Reloj Smartwatch T900 Ultra BIG 2.09,por verificar,selección automática,,NO,13.00,14.95,https://conectatech-ec.github.io/productos/rel016-reloj-smartwatch-t900-ultra-big-2-09/,Imagen y autenticidad pendientes
REL059,Reloj Smartwatch Ultra 2 YY-20,por verificar,selección automática,,NO,13.00,14.95,https://conectatech-ec.github.io/productos/rel059-reloj-smartwatch-ultra-2-yy-20/,Imagen y autenticidad pendientes
REL031,Reloj Smartwatch Ultra 9,por verificar,selección automática,,NO,19.00,21.85,https://conectatech-ec.github.io/productos/rel031-reloj-smartwatch-ultra-9/,Imagen y autenticidad pendientes
REL066,Reloj Smartwatch V19 PRO Redondo,por verificar,selección automática,,NO,19.30,22.20,https://conectatech-ec.github.io/productos/rel066-reloj-smartwatch-v19-pro-redondo/,Imagen y autenticidad pendientes
REL057,Reloj Smartwatch V36 Redondo Wearfit,por verificar,selección automática,,NO,43.50,50.03,https://conectatech-ec.github.io/productos/rel057-reloj-smartwatch-v36-redondo-wearfit/,Imagen y autenticidad pendientes
REL017,Reloj Smartwatch Watch 6 Classic,por verificar,selección automática,,NO,49.00,56.35,https://conectatech-ec.github.io/productos/rel017-reloj-smartwatch-watch-6-classic/,Imagen y autenticidad pendientes
SOPO009,Soporte Base Para Celular Y Tablet DE Mesa Giratorio Marca Monster,por verificar,selección automática,,NO,16.50,18.98,https://conectatech-ec.github.io/productos/sopo009-soporte-base-para-celular-y-tablet-de-mesa-giratorio-marca-monster/,Imagen y autenticidad pendientes
SOPO039,Soporte DE Celular Y Tablet Para Cabecera DE Vehiculo Klip Xtreme,por verificar,selección automática,,NO,19.30,22.20,https://conectatech-ec.github.io/productos/sopo039-soporte-de-celular-y-tablet-para-cabecera-de-vehiculo-klip-xtreme/,Imagen y autenticidad pendientes
SOPO046,Soporte DE Escritorio Para DOS Monitores Klipxtreme,por verificar,selección automática,,NO,59.14,68.01,https://conectatech-ec.github.io/productos/sopo046-soporte-de-escritorio-para-dos-monitores-klipxtreme/,Imagen y autenticidad pendientes
SOPO012,Soporte DE Mesa Para Tablet L3T L-363,por verificar,selección automática,,NO,14.90,17.14,https://conectatech-ec.github.io/productos/sopo012-soporte-de-mesa-para-tablet-l3t-l-363/,Imagen y autenticidad pendientes
SOPO044,Soporte DE Mesa Tipo Prensa Para Celulares Y Tablet Metalico,por verificar,selección automática,,NO,19.15,22.02,https://conectatech-ec.github.io/productos/sopo044-soporte-de-mesa-tipo-prensa-para-celulares-y-tablet-metalico/,Imagen y autenticidad pendientes
SOPO011,Soporte Para Audifonos DE Diadema RCA,por verificar,selección automática,,NO,15.00,17.25,https://conectatech-ec.github.io/productos/sopo011-soporte-para-audifonos-de-diadema-rca/,Imagen y autenticidad pendientes
SOPO007,Soporte Para Celular Y Tablet DE Cabecera Asiento Vehiculo Meidou MD-E18,por verificar,selección automática,,NO,17.91,20.60,https://conectatech-ec.github.io/productos/sopo007-soporte-para-celular-y-tablet-de-cabecera-asiento-vehiculo-meidou-md-e18/,Imagen y autenticidad pendientes
SOPO060,Soporte Para Celular Y Tablet T8-02,por verificar,selección automática,,NO,10.84,12.47,https://conectatech-ec.github.io/productos/sopo060-soporte-para-celular-y-tablet-t8-02/,Imagen y autenticidad pendientes
SOPO048,Soporte Para Monitor ENV ARM PRO Lift,por verificar,selección automática,,NO,26.80,30.82,https://conectatech-ec.github.io/productos/sopo048-soporte-para-monitor-env-arm-pro-lift/,Imagen y autenticidad pendientes
SOPO035,Soporte Para TV 13 A 42 Pulgadas CON Movimiento,por verificar,selección automática,,NO,10.15,11.67,https://conectatech-ec.github.io/productos/sopo035-soporte-para-tv-13-a-42-pulgadas-con-movimiento/,Imagen y autenticidad pendientes
SOPO033,Soporte Para TV DE 23-43 Pulgadas Fijo,por verificar,selección automática,,NO,6.35,7.30,https://conectatech-ec.github.io/productos/sopo033-soporte-para-tv-de-23-43-pulgadas-fijo/,Imagen y autenticidad pendientes
SOPO034,Soporte Para TV DE 32-55 Pulgadas Fijo CON Movimiento Solo Hacia Adelante-abajo,por verificar,selección automática,,NO,9.20,10.58,https://conectatech-ec.github.io/productos/sopo034-soporte-para-tv-de-32-55-pulgadas-fijo-con-movimiento-solo-hacia-adelante-abaj/,Imagen y autenticidad pendientes
SOPO047,Soporte Para Tablet Flexible Ugreen,por verificar,selección automática,,NO,32.90,37.84,https://conectatech-ec.github.io/productos/sopo047-soporte-para-tablet-flexible-ugreen/,Imagen y autenticidad pendientes
SOPO042,Soporte Para Tablet Ugreen,por verificar,selección automática,,NO,34.99,40.24,https://conectatech-ec.github.io/productos/sopo042-soporte-para-tablet-ugreen/,Imagen y autenticidad pendientes
TVBO006,TV BOX Andowl MXQ PRO,por verificar,selección automática,,NO,49.00,56.35,https://conectatech-ec.github.io/productos/tvbo006-tv-box-andowl-mxq-pro/,Imagen y autenticidad pendientes
TVBO005,TV BOX Consola DE Video Juegos,por verificar,selección automática,,NO,69.00,79.35,https://conectatech-ec.github.io/productos/tvbo005-tv-box-consola-de-video-juegos/,Imagen y autenticidad pendientes
TVBO008,TV BOX ONN 4K,por verificar,selección automática,,NO,85.15,97.92,https://conectatech-ec.github.io/productos/tvbo008-tv-box-onn-4k/,Imagen y autenticidad pendientes
TVBO001,TV Stick Android,por verificar,selección automática,,NO,39.00,44.85,https://conectatech-ec.github.io/productos/tvbo001-tv-stick-android/,Imagen y autenticidad pendientes
TVBO002,TV Stick TV98 5G 8K,por verificar,selección automática,,NO,47.90,55.09,https://conectatech-ec.github.io/productos/tvbo002-tv-stick-tv98-5g-8k/,Imagen y autenticidad pendientes
TVBO004,TV Stick TV98 5G ATV X8 Redondo,por verificar,selección automática,,NO,49.00,56.35,https://conectatech-ec.github.io/productos/tvbo004-tv-stick-tv98-5g-atv-x8-redondo/,Imagen y autenticidad pendientes
TABL004,Tablet K2 Edicion Mario Bros,por verificar,selección automática,,NO,79.90,91.89,https://conectatech-ec.github.io/productos/tabl004-tablet-k2-edicion-mario-bros/,Imagen y autenticidad pendientes
TABL001,Tablet Redmi PAD 2 11 Pulgadas 128GB 4GB+4GB,por verificar,selección automática,,NO,215.90,248.29,https://conectatech-ec.github.io/productos/tabl001-tablet-redmi-pad-2-11-pulgadas-128gb-4gb-4gb/,Imagen y autenticidad pendientes
TABL002,Tablet Redmi PAD 2 11 Pulgadas 256GB 8GB+8GB,por verificar,selección automática,,NO,265.90,305.79,https://conectatech-ec.github.io/productos/tabl002-tablet-redmi-pad-2-11-pulgadas-256gb-8gb-8gb/,Imagen y autenticidad pendientes
TARJ013,Tarjeta DE Memoria DE 128GB Adata V10,por verificar,selección automática,,NO,29.35,33.75,https://conectatech-ec.github.io/productos/tarj013-tarjeta-de-memoria-de-128gb-adata-v10/,Imagen y autenticidad pendientes
TARJ019,Tarjeta DE Memoria Kingston 128GB 150MBS,por verificar,selección automática,,NO,39.15,45.02,https://conectatech-ec.github.io/productos/tarj019-tarjeta-de-memoria-kingston-128gb-150mbs/,Imagen y autenticidad pendientes
TARJ017,Tarjeta DE Memoria Kingston 128GB 200MBS Canvas GO Plus,por verificar,selección automática,,NO,86.30,99.25,https://conectatech-ec.github.io/productos/tarj017-tarjeta-de-memoria-kingston-128gb-200mbs-canvas-go-plus/,Imagen y autenticidad pendientes
TARJ018,Tarjeta DE Memoria Kingston 256GB 150MBS,por verificar,selección automática,,NO,59.90,68.89,https://conectatech-ec.github.io/productos/tarj018-tarjeta-de-memoria-kingston-256gb-150mbs/,Imagen y autenticidad pendientes
TARJ016,Tarjeta DE Memoria Kingston 256GB 200MBS Canvas GO Plus,por verificar,selección automática,,NO,99.15,114.02,https://conectatech-ec.github.io/productos/tarj016-tarjeta-de-memoria-kingston-256gb-200mbs-canvas-go-plus/,Imagen y autenticidad pendientes
TARJ015,Tarjeta DE Memoria Kingston 512GB 150MBS V30,por verificar,selección automática,,NO,115.20,132.48,https://conectatech-ec.github.io/productos/tarj015-tarjeta-de-memoria-kingston-512gb-150mbs-v30/,Imagen y autenticidad pendientes
TARJ002,Tarjeta DE Memoria Microsd 256GB Kingston 80 Mb/s,por verificar,selección automática,,NO,21.15,24.32,https://conectatech-ec.github.io/productos/tarj002-tarjeta-de-memoria-microsd-256gb-kingston-80-mb-s/,Imagen y autenticidad pendientes
TARJ006,Tarjeta DE Memoria Microsd 64GB ENV Gaming,por verificar,selección automática,,NO,17.50,20.13,https://conectatech-ec.github.io/productos/tarj006-tarjeta-de-memoria-microsd-64gb-env-gaming/,Imagen y autenticidad pendientes
TARJ004,Tarjeta DE Memoria Microsd 64GB Kingston 80MB/S YAN Tech,por verificar,selección automática,,NO,15.90,18.29,https://conectatech-ec.github.io/productos/tarj004-tarjeta-de-memoria-microsd-64gb-kingston-80mb-s-yan-tech/,Imagen y autenticidad pendientes
TARJ014,Tarjeta DE Memoria Microsd 64GB Kingston Canvas GO Plus,por verificar,selección automática,,NO,42.90,49.34,https://conectatech-ec.github.io/productos/tarj014-tarjeta-de-memoria-microsd-64gb-kingston-canvas-go-plus/,Imagen y autenticidad pendientes
TARJ005,Tarjeta DE Memoria Microsd 64GB Monster,por verificar,selección automática,,NO,14.50,16.68,https://conectatech-ec.github.io/productos/tarj005-tarjeta-de-memoria-microsd-64gb-monster/,Imagen y autenticidad pendientes
TARJ001,Tarjeta DE Memoria Microsd DE 128GB Kingston,por verificar,selección automática,,NO,19.30,22.20,https://conectatech-ec.github.io/productos/tarj001-tarjeta-de-memoria-microsd-de-128gb-kingston/,Imagen y autenticidad pendientes
TARJ003,Tarjeta DE Memoria Microsd HP 64GB 100MB Model MX310,por verificar,selección automática,,NO,16.91,19.45,https://conectatech-ec.github.io/productos/tarj003-tarjeta-de-memoria-microsd-hp-64gb-100mb-model-mx310/,Imagen y autenticidad pendientes
TARJ010,Tarjeta DE Memoria Microsd Kingston 32GB 80MB/S,por verificar,selección automática,,NO,11.35,13.05,https://conectatech-ec.github.io/productos/tarj010-tarjeta-de-memoria-microsd-kingston-32gb-80mb-s/,Imagen y autenticidad pendientes
TARJ012,Tarjeta DE Memoria Microsd Kingston 8GB 80MB/S,por verificar,selección automática,,NO,9.15,10.52,https://conectatech-ec.github.io/productos/tarj012-tarjeta-de-memoria-microsd-kingston-8gb-80mb-s/,Imagen y autenticidad pendientes
TARJ008,Tarjeta DE Memoria Microsd Monster DE 128GB,por verificar,selección automática,,NO,19.35,22.25,https://conectatech-ec.github.io/productos/tarj008-tarjeta-de-memoria-microsd-monster-de-128gb/,Imagen y autenticidad pendientes
TARJ007,Tarjeta DE Memoria Microsd Sandisk 64GB 100MB,por verificar,selección automática,,NO,17.15,19.72,https://conectatech-ec.github.io/productos/tarj007-tarjeta-de-memoria-microsd-sandisk-64gb-100mb/,Imagen y autenticidad pendientes
TECL012,Teclado KIT Mouse + Audifonos + Padmouse KIT Gaming RCA 5RCA55C,por verificar,selección automática,,NO,33.01,37.96,https://conectatech-ec.github.io/productos/tecl012-teclado-kit-mouse-audifonos-padmouse-kit-gaming-rca-5rca55c/,Imagen y autenticidad pendientes
TELF023,Telefono Honor X5C 128GB 4GB+4GB,por verificar,selección automática,,NO,145.90,167.79,https://conectatech-ec.github.io/productos/telf023-telefono-honor-x5c-128gb-4gb-4gb/,Imagen y autenticidad pendientes
TELF024,Telefono Honor X5C Plus 256GB 4GB+4GB,por verificar,selección automática,,NO,159.90,183.89,https://conectatech-ec.github.io/productos/telf024-telefono-honor-x5c-plus-256gb-4gb-4gb/,Imagen y autenticidad pendientes
TELF034,Telefono Honor X5D 128GB 4GB+4GB,por verificar,selección automática,,NO,149.90,172.39,https://conectatech-ec.github.io/productos/telf034-telefono-honor-x5d-128gb-4gb-4gb/,Imagen y autenticidad pendientes
TELF008,Telefono Infinix Smart 20 128GB 4GB+4GB,por verificar,selección automática,,NO,155.91,179.30,https://conectatech-ec.github.io/productos/telf008-telefono-infinix-smart-20-128gb-4gb-4gb/,Imagen y autenticidad pendientes
TELF013,Telefono Poco C71 128GB 4GB+4GB,por verificar,selección automática,,NO,129.90,149.39,https://conectatech-ec.github.io/productos/telf013-telefono-poco-c71-128gb-4gb-4gb/,Imagen y autenticidad pendientes
TELF020,Redmi 15 256GB | 16GB RAM total (8+8) | Negro Ocaso,por verificar,selección automática,,SI,235.90,271.29,https://conectatech-ec.github.io/productos/telf020-telefono-redmi-15-256gb-8gb-8gb/,Verificar autenticidad
TELF017,Telefono Redmi 15C 128GB 4GB+4GB,por verificar,selección automática,,NO,159.90,183.89,https://conectatech-ec.github.io/productos/telf017-telefono-redmi-15c-128gb-4gb-4gb/,Imagen y autenticidad pendientes
TELF018,Telefono Redmi 15C 256GB 4GB+4GB,por verificar,selección automática,,NO,175.90,202.29,https://conectatech-ec.github.io/productos/telf018-telefono-redmi-15c-256gb-4gb-4gb/,Imagen y autenticidad pendientes
TELF019,Telefono Redmi 15C 256GB 8GB+8GB,por verificar,selección automática,,NO,185.90,213.79,https://conectatech-ec.github.io/productos/telf019-telefono-redmi-15c-256gb-8gb-8gb/,Imagen y autenticidad pendientes
TELF022,Redmi A7 Pro 128GB | 8GB RAM total (4+4) | Verde Palmera,por verificar,selección automática,,NO,145.90,167.79,https://conectatech-ec.github.io/productos/telf022-telefono-redmi-a7-pro-128gb-4gb-4gb/,Imagen y autenticidad pendientes
TELF036,Redmi Note 15 Pro 512GB | 24GB RAM total (12+12) | Azul Glaciar,por verificar,selección automática,,SI,395.90,455.29,https://conectatech-ec.github.io/productos/telf036-telefono-redmi-note-15-pro-512gb-12gb-12gb/,Verificar autenticidad
TELF037,Redmi Note 17 256GB | 12GB RAM total (6+6) | Morado Celestial,por verificar,selección automática,,NO,269.91,310.40,https://conectatech-ec.github.io/productos/telf037-telefono-redmi-note-17-256gb-6gb-6gb/,Imagen y autenticidad pendientes
TELF010,Telefono Samsung A07 6GB+128GB,por verificar,selección automática,,NO,165.90,190.79,https://conectatech-ec.github.io/productos/telf010-telefono-samsung-a07-6gb-128gb/,Imagen y autenticidad pendientes
TELF011,Telefono Samsung A17 4GB+128GB,por verificar,selección automática,,NO,185.90,213.79,https://conectatech-ec.github.io/productos/telf011-telefono-samsung-a17-4gb-128gb/,Imagen y autenticidad pendientes
TELF012,Telefono Samsung A17 8GB+256GB,por verificar,selección automática,,NO,239.90,275.89,https://conectatech-ec.github.io/productos/telf012-telefono-samsung-a17-8gb-256gb/,Imagen y autenticidad pendientes
TELF015,Telefono Tecno Spark GO 2 256GB 4GB+4GB,por verificar,selección automática,,NO,155.91,179.30,https://conectatech-ec.github.io/productos/telf015-telefono-tecno-spark-go-2-256gb-4gb-4gb/,Imagen y autenticidad pendientes
TELF026,TECNO Spark Go 3 128GB | 8GB RAM total (4+4),por verificar,selección automática,,NO,145.90,167.79,https://conectatech-ec.github.io/productos/telf026-telefono-tecno-spark-go-3-128gb-4gb-4gb/,Imagen y autenticidad pendientes
TELF025,TECNO Spark Go 3 64GB | 8GB RAM total (4+4) | Negro Tinta,por verificar,selección automática,,NO,125.90,144.79,https://conectatech-ec.github.io/productos/telf025-telefono-tecno-spark-go-3-64gb-4gb-4gb/,Imagen y autenticidad pendientes
TELF027,Telefono ZTE A35E 64GB 2GB+4GB,por verificar,selección automática,,NO,105.90,121.79,https://conectatech-ec.github.io/productos/telf027-telefono-zte-a35e-64gb-2gb-4gb/,Imagen y autenticidad pendientes
TELF002,Telefono ZTE Nubia V80 PRO,por verificar,selección automática,,NO,229.90,264.39,https://conectatech-ec.github.io/productos/telf002-telefono-zte-nubia-v80-pro/,Imagen y autenticidad pendientes
TELF003,Telefono ZTE V80 MAX 256GB 4GB+10GB,por verificar,selección automática,,NO,165.90,190.79,https://conectatech-ec.github.io/productos/telf003-telefono-zte-v80-max-256gb-4gb-10gb/,Imagen y autenticidad pendientes
TELF004,Telefono ZTE V80 MAX 256GB 8GB+12GB,por verificar,selección automática,,NO,179.89,206.87,https://conectatech-ec.github.io/productos/telf004-telefono-zte-v80-max-256gb-8gb-12gb/,Imagen y autenticidad pendientes
TELE001,Televisor ENV 32 Pulgadas,por verificar,selección automática,,NO,139.90,160.89,https://conectatech-ec.github.io/productos/tele001-televisor-env-32-pulgadas/,Imagen y autenticidad pendientes
TELE003,Televisor House TV 43 Pulgadas Fullhd,por verificar,selección automática,,NO,229.90,264.39,https://conectatech-ec.github.io/productos/tele003-televisor-house-tv-43-pulgadas-fullhd/,Imagen y autenticidad pendientes
TERM001,Termo Parlante Tomatodo,por verificar,selección automática,,NO,14.00,16.10,https://conectatech-ec.github.io/productos/term001-termo-parlante-tomatodo/,Imagen y autenticidad pendientes
TRIP014,Tripode Para Celulares Y Tablet,por verificar,selección automática,,NO,31.00,35.65,https://conectatech-ec.github.io/productos/trip014-tripode-para-celulares-y-tablet/,Imagen y autenticidad pendientes
AROD02,ARO DE LUZ 3D-26,por verificar,selección automática,,NO,16.35,18.80,https://conectatech-ec.github.io/productos/arod02-aro-de-luz-3d-26/,Imagen y autenticidad pendientes
ADAP053,Adaptador 1/4 Hembra A 3.5 Macho Stereo Negro,por verificar,selección automática,,NO,2.00,2.30,https://conectatech-ec.github.io/productos/adap053-adaptador-1-4-hembra-a-3-5-macho-stereo-negro/,Imagen y autenticidad pendientes
ADAP086,Adaptador Angulo Hdmi L,por verificar,selección automática,,NO,2.90,3.34,https://conectatech-ec.github.io/productos/adap086-adaptador-angulo-hdmi-l/,Imagen y autenticidad pendientes
ADAP045,Adaptador Antena Wifi Doble Banda 600MBPS Antena Incorporada,por verificar,selección automática,,NO,18.75,21.56,https://conectatech-ec.github.io/productos/adap045-adaptador-antena-wifi-doble-banda-600mbps-antena-incorporada/,Imagen y autenticidad pendientes
ADAP036,Adaptador Bluetooth Dongle 5.0 Usb-a Para Pc-laptops,por verificar,selección automática,,NO,9.26,10.65,https://conectatech-ec.github.io/productos/adap036-adaptador-bluetooth-dongle-5-0-usb-a-para-pc-laptops/,Imagen y autenticidad pendientes
ADAP035,Adaptador Bluetooth Dongle Usb-a Earldom M73,por verificar,selección automática,,NO,18.00,20.70,https://conectatech-ec.github.io/productos/adap035-adaptador-bluetooth-dongle-usb-a-earldom-m73/,Imagen y autenticidad pendientes
ADAP069,Adaptador Convertidor DE Audio Digital A Analogico,por verificar,selección automática,,NO,10.90,12.54,https://conectatech-ec.github.io/productos/adap069-adaptador-convertidor-de-audio-digital-a-analogico/,Imagen y autenticidad pendientes
ADAP039,Adaptador Convertidor DE Displayport A Hdmi,por verificar,selección automática,,NO,11.99,13.79,https://conectatech-ec.github.io/productos/adap039-adaptador-convertidor-de-displayport-a-hdmi/,Imagen y autenticidad pendientes
ADAP038,Adaptador Convertidor DE Minidisplayport A Hdmi,por verificar,selección automática,,NO,11.99,13.79,https://conectatech-ec.github.io/productos/adap038-adaptador-convertidor-de-minidisplayport-a-hdmi/,Imagen y autenticidad pendientes
ADAP057,Adaptador Convertidor DE VGA A Hdmi Treqa HDV-552,por verificar,selección automática,,NO,7.35,8.45,https://conectatech-ec.github.io/productos/adap057-adaptador-convertidor-de-vga-a-hdmi-treqa-hdv-552/,Imagen y autenticidad pendientes
ADAP059,Adaptador Convertidor Displayport A VGA,por verificar,selección automática,,NO,10.90,12.54,https://conectatech-ec.github.io/productos/adap059-adaptador-convertidor-displayport-a-vga/,Imagen y autenticidad pendientes
ADAP029,Adaptador Convertidor Hdmi A RCA,por verificar,selección automática,,NO,6.50,7.48,https://conectatech-ec.github.io/productos/adap029-adaptador-convertidor-hdmi-a-rca/,Imagen y autenticidad pendientes
ADAP037,Adaptador Convertidor Hdmi A VGA,por verificar,selección automática,,NO,9.00,10.35,https://conectatech-ec.github.io/productos/adap037-adaptador-convertidor-hdmi-a-vga/,Imagen y autenticidad pendientes
ADAP040,Adaptador Convertidor Hdmi A VGA SGL,por verificar,selección automática,,NO,12.16,13.98,https://conectatech-ec.github.io/productos/adap040-adaptador-convertidor-hdmi-a-vga-sgl/,Imagen y autenticidad pendientes
ADAP050,Adaptador Convertidor RCA A Hdmi ADA618 Aiwa,por verificar,selección automática,,NO,9.50,10.93,https://conectatech-ec.github.io/productos/adap050-adaptador-convertidor-rca-a-hdmi-ada618-aiwa/,Imagen y autenticidad pendientes
ADAP002,Adaptador DE 2 Macho A 3 Hembra Latinoamerica,por verificar,selección automática,,NO,2.00,2.30,https://conectatech-ec.github.io/productos/adap002-adaptador-de-2-macho-a-3-hembra-latinoamerica/,Imagen y autenticidad pendientes
ADAP032,Adaptador DE 3.5MM Macho A Doble 3.5MM Hembra,por verificar,selección automática,,NO,3.50,4.03,https://conectatech-ec.github.io/productos/adap032-adaptador-de-3-5mm-macho-a-doble-3-5mm-hembra/,Imagen y autenticidad pendientes
ADAP033,Adaptador DE 3.5MM Macho A Doble RCA Hembra,por verificar,selección automática,,NO,2.50,2.88,https://conectatech-ec.github.io/productos/adap033-adaptador-de-3-5mm-macho-a-doble-rca-hembra/,Imagen y autenticidad pendientes
ADAP084,Adaptador DE Corriente 12V 2A Orvesion,por verificar,selección automática,,NO,11.99,13.79,https://conectatech-ec.github.io/productos/adap084-adaptador-de-corriente-12v-2a-orvesion/,Imagen y autenticidad pendientes
ADAP085,Adaptador DE Corriente 12V 5A Orvesion,por verificar,selección automática,,NO,15.00,17.25,https://conectatech-ec.github.io/productos/adap085-adaptador-de-corriente-12v-5a-orvesion/,Imagen y autenticidad pendientes
ADAP082,Adaptador DE Corriente 5V 2A Orvesion,por verificar,selección automática,,NO,8.00,9.20,https://conectatech-ec.github.io/productos/adap082-adaptador-de-corriente-5v-2a-orvesion/,Imagen y autenticidad pendientes
ADAP083,Adaptador DE Corriente 9V 2A Orvesion,por verificar,selección automática,,NO,9.00,10.35,https://conectatech-ec.github.io/productos/adap083-adaptador-de-corriente-9v-2a-orvesion/,Imagen y autenticidad pendientes
ADAP075,Adaptador DE RED RJ45 DE 1 A 2 Salidas,por verificar,selección automática,,NO,4.85,5.58,https://conectatech-ec.github.io/productos/adap075-adaptador-de-red-rj45-de-1-a-2-salidas/,Imagen y autenticidad pendientes
ADAP097,Adaptador DE Usb-c A Ethernet,por verificar,selección automática,,NO,11.90,13.69,https://conectatech-ec.github.io/productos/adap097-adaptador-de-usb-c-a-ethernet/,Imagen y autenticidad pendientes
ADAP056,Adaptador Divisor DE 3.5MM Macho A Doble 3.5MM Hembra,por verificar,selección automática,,NO,4.35,5.00,https://conectatech-ec.github.io/productos/adap056-adaptador-divisor-de-3-5mm-macho-a-doble-3-5mm-hembra/,Imagen y autenticidad pendientes
ADAP073,Adaptador Enchufe 110 A 12V Socket CAR,por verificar,selección automática,,NO,3.55,4.08,https://conectatech-ec.github.io/productos/adap073-adaptador-enchufe-110-a-12v-socket-car/,Imagen y autenticidad pendientes
ADAP007,Adaptador Lightning A 3.5MM,por verificar,selección automática,,NO,6.00,6.90,https://conectatech-ec.github.io/productos/adap007-adaptador-lightning-a-3-5mm/,Imagen y autenticidad pendientes
ADAP065,Adaptador Lightning A Doble Lightning,por verificar,selección automática,,NO,5.00,5.75,https://conectatech-ec.github.io/productos/adap065-adaptador-lightning-a-doble-lightning/,Imagen y autenticidad pendientes
ADAP027,Adaptador Mini-hdmi Macho A Hdmi Hembra,por verificar,selección automática,,NO,6.90,7.94,https://conectatech-ec.github.io/productos/adap027-adaptador-mini-hdmi-macho-a-hdmi-hembra/,Imagen y autenticidad pendientes
ADAP068,Adaptador Multiadaptadores Baten Modelo CB-201,por verificar,selección automática,,NO,14.90,17.14,https://conectatech-ec.github.io/productos/adap068-adaptador-multiadaptadores-baten-modelo-cb-201/,Imagen y autenticidad pendientes
ADAP046,Adaptador OTG 3 EN 1,por verificar,selección automática,,NO,7.25,8.34,https://conectatech-ec.github.io/productos/adap046-adaptador-otg-3-en-1/,Imagen y autenticidad pendientes
ADAP009,Adaptador OTG Lightning,por verificar,selección automática,,NO,6.00,6.90,https://conectatech-ec.github.io/productos/adap009-adaptador-otg-lightning/,Imagen y autenticidad pendientes
ADAP011,Adaptador OTG Micro-usb,por verificar,selección automática,,NO,4.00,4.60,https://conectatech-ec.github.io/productos/adap011-adaptador-otg-micro-usb/,Imagen y autenticidad pendientes
ADAP058,Adaptador OTG Micro-usb Xtech,por verificar,selección automática,,NO,3.25,3.74,https://conectatech-ec.github.io/productos/adap058-adaptador-otg-micro-usb-xtech/,Imagen y autenticidad pendientes
ADAP080,Adaptador OTG Mini-usb V3,por verificar,selección automática,,NO,6.90,7.94,https://conectatech-ec.github.io/productos/adap080-adaptador-otg-mini-usb-v3/,Imagen y autenticidad pendientes
ADAP089,Adaptador Receptor Antena Wifi Tp-link 150 Mbps,por verificar,selección automática,,NO,14.85,17.08,https://conectatech-ec.github.io/productos/adap089-adaptador-receptor-antena-wifi-tp-link-150-mbps/,Imagen y autenticidad pendientes
ADAP017,Adaptador Receptor Wifi USB Antena Dual Band 1300MBPS,por verificar,selección automática,,NO,21.45,24.67,https://conectatech-ec.github.io/productos/adap017-adaptador-receptor-wifi-usb-antena-dual-band-1300mbps/,Imagen y autenticidad pendientes
ADAP016,Adaptador Receptor Wifi USB Antena Dual Band 600MBPS,por verificar,selección automática,,NO,16.50,18.98,https://conectatech-ec.github.io/productos/adap016-adaptador-receptor-wifi-usb-antena-dual-band-600mbps/,Imagen y autenticidad pendientes
ADAP071,Adaptador Splitter Hdmi 1080 Orvesion DOS Salidas,por verificar,selección automática,,NO,13.90,15.99,https://conectatech-ec.github.io/productos/adap071-adaptador-splitter-hdmi-1080-orvesion-dos-salidas/,Imagen y autenticidad pendientes
ADAP063,Adaptador Splitter Hdmi 4 Salidas Tipo Cajetin,por verificar,selección automática,,NO,13.50,15.53,https://conectatech-ec.github.io/productos/adap063-adaptador-splitter-hdmi-4-salidas-tipo-cajetin/,Imagen y autenticidad pendientes
ADAP060,Adaptador Splitter Hdmi A Doble Hdmi Hembra Orvesion,por verificar,selección automática,,NO,6.50,7.48,https://conectatech-ec.github.io/productos/adap060-adaptador-splitter-hdmi-a-doble-hdmi-hembra-orvesion/,Imagen y autenticidad pendientes
ADAP081,Adaptador Splitter Switch Hdmi Bidireccional ENV,por verificar,selección automática,,NO,23.15,26.62,https://conectatech-ec.github.io/productos/adap081-adaptador-splitter-switch-hdmi-bidireccional-env/,Imagen y autenticidad pendientes
ADAP066,Adaptador Switch Hdmi 3 Entradas 1 Salida,por verificar,selección automática,,NO,13.90,15.99,https://conectatech-ec.github.io/productos/adap066-adaptador-switch-hdmi-3-entradas-1-salida/,Imagen y autenticidad pendientes
ADAP061,Adaptador Switch Hdmi 4K HP,por verificar,selección automática,,NO,20.00,23.00,https://conectatech-ec.github.io/productos/adap061-adaptador-switch-hdmi-4k-hp/,Imagen y autenticidad pendientes
ADAP025,Adaptador Union 3.5MM DE Metal Coupler,por verificar,selección automática,,NO,2.90,3.34,https://conectatech-ec.github.io/productos/adap025-adaptador-union-3-5mm-de-metal-coupler/,Imagen y autenticidad pendientes
ADAP024,Adaptador Union 3.5MM Plastico Negro Coupler,por verificar,selección automática,,NO,2.50,2.88,https://conectatech-ec.github.io/productos/adap024-adaptador-union-3-5mm-plastico-negro-coupler/,Imagen y autenticidad pendientes
ADAP076,Adaptador Union Coupler DE RED RJ45 Beige,por verificar,selección automática,,NO,1.50,1.73,https://conectatech-ec.github.io/productos/adap076-adaptador-union-coupler-de-red-rj45-beige/,Imagen y autenticidad pendientes
ADAP077,Adaptador Union Coupler DE RED RJ45 Blindado Negro,por verificar,selección automática,,NO,4.35,5.00,https://conectatech-ec.github.io/productos/adap077-adaptador-union-coupler-de-red-rj45-blindado-negro/,Imagen y autenticidad pendientes
ADAP018,Adaptador Union Coupler Hdmi,por verificar,selección automática,,NO,4.35,5.00,https://conectatech-ec.github.io/productos/adap018-adaptador-union-coupler-hdmi/,Imagen y autenticidad pendientes
ADAP070,Adaptador Union Coupler Hdmi 4K Gris,por verificar,selección automática,,NO,5.50,6.33,https://conectatech-ec.github.io/productos/adap070-adaptador-union-coupler-hdmi-4k-gris/,Imagen y autenticidad pendientes
ADAP026,Adaptador Union RCA A RCA Hembra,por verificar,selección automática,,NO,1.25,1.44,https://conectatech-ec.github.io/productos/adap026-adaptador-union-rca-a-rca-hembra/,Imagen y autenticidad pendientes
ADAP022,Adaptador Union RCA DE Audio (doble),por verificar,selección automática,,NO,2.50,2.88,https://conectatech-ec.github.io/productos/adap022-adaptador-union-rca-de-audio-doble/,Imagen y autenticidad pendientes
ADAP023,Adaptador Union RCA DE Audio Y Video (triple),por verificar,selección automática,,NO,2.90,3.34,https://conectatech-ec.github.io/productos/adap023-adaptador-union-rca-de-audio-y-video-triple/,Imagen y autenticidad pendientes
ADAP072,Adaptador Usb-a A Hdmi,por verificar,selección automática,,NO,14.90,17.14,https://conectatech-ec.github.io/productos/adap072-adaptador-usb-a-a-hdmi/,Imagen y autenticidad pendientes
ADAP047,Adaptador Usb-a A Usb-c Hembra Earldom 0T91A,por verificar,selección automática,,NO,5.85,6.73,https://conectatech-ec.github.io/productos/adap047-adaptador-usb-a-a-usb-c-hembra-earldom-0t91a/,Imagen y autenticidad pendientes
ADAP067,Adaptador Usb-a A Usb-c Hembra Ldnio Star,por verificar,selección automática,,NO,7.50,8.63,https://conectatech-ec.github.io/productos/adap067-adaptador-usb-a-a-usb-c-hembra-ldnio-star/,Imagen y autenticidad pendientes
ADAP087,Adaptador Usb-a A Usb-c Ldnio,por verificar,selección automática,,NO,6.90,7.94,https://conectatech-ec.github.io/productos/adap087-adaptador-usb-a-a-usb-c-ldnio/,Imagen y autenticidad pendientes
ADAP062,Adaptador Usb-a Antena Wifi Alfa UW06,por verificar,selección automática,,NO,11.99,13.79,https://conectatech-ec.github.io/productos/adap062-adaptador-usb-a-antena-wifi-alfa-uw06/,Imagen y autenticidad pendientes
ADAP019,Adaptador Usb-c A 3.5MM,por verificar,selección automática,,NO,6.50,7.48,https://conectatech-ec.github.io/productos/adap019-adaptador-usb-c-a-3-5mm/,Imagen y autenticidad pendientes
ADAP012,Adaptador Usb-c A 3.5MM + Usb-c JH-031,por verificar,selección automática,,NO,9.50,10.93,https://conectatech-ec.github.io/productos/adap012-adaptador-usb-c-a-3-5mm-usb-c-jh-031/,Imagen y autenticidad pendientes
ADAP020,Adaptador Usb-c A 3.5MM Negro,por verificar,selección automática,,NO,4.26,4.90,https://conectatech-ec.github.io/productos/adap020-adaptador-usb-c-a-3-5mm-negro/,Imagen y autenticidad pendientes
ADAP014,Adaptador Usb-c A Hdmi HP 3.1 DHC-CT202,por verificar,selección automática,,NO,33.01,37.96,https://conectatech-ec.github.io/productos/adap014-adaptador-usb-c-a-hdmi-hp-3-1-dhc-ct202/,Imagen y autenticidad pendientes
ADAP064,Adaptador Usb-c A Hdmi Marca Monster,por verificar,selección automática,,NO,19.15,22.02,https://conectatech-ec.github.io/productos/adap064-adaptador-usb-c-a-hdmi-marca-monster/,Imagen y autenticidad pendientes
ADAP042,Adaptador Viajero Travel World Internacional,por verificar,selección automática,,NO,7.90,9.09,https://conectatech-ec.github.io/productos/adap042-adaptador-viajero-travel-world-internacional/,Imagen y autenticidad pendientes
ADAP099,Adaptador Viajero Travel World Internacional 30W Klip Xtreme,por verificar,selección automática,,NO,49.15,56.52,https://conectatech-ec.github.io/productos/adap099-adaptador-viajero-travel-world-internacional-30w-klip-xtreme/,Imagen y autenticidad pendientes
ADAP043,Adaptador Viajero Travel World Internacional Earldom 3.5A,por verificar,selección automática,,NO,33.45,38.47,https://conectatech-ec.github.io/productos/adap043-adaptador-viajero-travel-world-internacional-earldom-3-5a/,Imagen y autenticidad pendientes
ADAP044,Adaptador Viajero Travel World Internacional RCA,por verificar,selección automática,,NO,21.40,24.61,https://conectatech-ec.github.io/productos/adap044-adaptador-viajero-travel-world-internacional-rca/,Imagen y autenticidad pendientes
AIRT002,Airtag DE Billetera Loshall,por verificar,selección automática,,NO,29.00,33.35,https://conectatech-ec.github.io/productos/airt002-airtag-de-billetera-loshall/,Imagen y autenticidad pendientes
AIRT004,Airtag Portatil Tipo Llavero Cuadrado,por verificar,selección automática,,NO,14.15,16.27,https://conectatech-ec.github.io/productos/airt004-airtag-portatil-tipo-llavero-cuadrado/,Imagen y autenticidad pendientes
AIRT001,Airtag Sling Find MY IP,por verificar,selección automática,,NO,13.90,15.99,https://conectatech-ec.github.io/productos/airt001-airtag-sling-find-my-ip/,Imagen y autenticidad pendientes
AIRT003,Airtag Ugreen Find MY IP,por verificar,selección automática,,NO,29.00,33.35,https://conectatech-ec.github.io/productos/airt003-airtag-ugreen-find-my-ip/,Imagen y autenticidad pendientes
ALEX004,Alexa Amazon Echo Show 8 8.7 Pulgadas,por verificar,selección automática,,NO,253.15,291.12,https://conectatech-ec.github.io/productos/alex004-alexa-amazon-echo-show-8-8-7-pulgadas/,Imagen y autenticidad pendientes
ALEX001,Alexa Echo DOT,por verificar,selección automática,,NO,86.91,99.95,https://conectatech-ec.github.io/productos/alex001-alexa-echo-dot/,Imagen y autenticidad pendientes
ALEX002,Alexa Echo POP,por verificar,selección automática,,NO,63.80,73.37,https://conectatech-ec.github.io/productos/alex002-alexa-echo-pop/,Imagen y autenticidad pendientes
BAL001,Balon DE Futbol Grande,por verificar,selección automática,,NO,9.86,11.34,https://conectatech-ec.github.io/productos/bal001-balon-de-futbol-grande/,Imagen y autenticidad pendientes
BAL002,Balon DE Futbol Indoor,por verificar,selección automática,,NO,6.35,7.30,https://conectatech-ec.github.io/productos/bal002-balon-de-futbol-indoor/,Imagen y autenticidad pendientes
BARR002,Barra DE Sonido Klipxtreme Thunder Zound,por verificar,selección automática,,NO,89.15,102.52,https://conectatech-ec.github.io/productos/barr002-barra-de-sonido-klipxtreme-thunder-zound/,Imagen y autenticidad pendientes
BASE005,Base DE Carga Inalambrica 2 EN 1 Ugreen,por verificar,selección automática,,NO,77.15,88.72,https://conectatech-ec.github.io/productos/base005-base-de-carga-inalambrica-2-en-1-ugreen/,Imagen y autenticidad pendientes
BASE003,Base Inalambrica DE Carga 3 EN 1,por verificar,selección automática,,NO,22.00,25.30,https://conectatech-ec.github.io/productos/base003-base-inalambrica-de-carga-3-en-1/,Imagen y autenticidad pendientes
BASE004,Base Inalambrica DE Carga 3 EN 1 Cuadrada Monster WX632,por verificar,selección automática,,NO,28.70,33.01,https://conectatech-ec.github.io/productos/base004-base-inalambrica-de-carga-3-en-1-cuadrada-monster-wx632/,Imagen y autenticidad pendientes
BASE006,Base Inalambrica DE Carga 3 EN 1 Metal-flexible,por verificar,selección automática,,NO,29.35,33.75,https://conectatech-ec.github.io/productos/base006-base-inalambrica-de-carga-3-en-1-metal-flexible/,Imagen y autenticidad pendientes
BASE002,Base Inalambrica DE Carga Multifuncional 3 EN 1 Monster,por verificar,selección automática,,NO,24.30,27.95,https://conectatech-ec.github.io/productos/base002-base-inalambrica-de-carga-multifuncional-3-en-1-monster/,Imagen y autenticidad pendientes
BILL004,Billetera Animada,por verificar,selección automática,,NO,9.00,10.35,https://conectatech-ec.github.io/productos/bill004-billetera-animada/,Imagen y autenticidad pendientes
BILL008,Billetera Animada Toad,por verificar,selección automática,,NO,12.90,14.84,https://conectatech-ec.github.io/productos/bill008-billetera-animada-toad/,Imagen y autenticidad pendientes
BILL006,Billetera CON Magsafe HDD Marron CON Soporte Wallet,por verificar,selección automática,,NO,15.00,17.25,https://conectatech-ec.github.io/productos/bill006-billetera-con-magsafe-hdd-marron-con-soporte-wallet/,Imagen y autenticidad pendientes
BILL002,Billetera Magsafe IPH Silicon Wallet,por verificar,selección automática,,NO,11.99,13.79,https://conectatech-ec.github.io/productos/bill002-billetera-magsafe-iph-silicon-wallet/,Imagen y autenticidad pendientes
BINO001,Binoculares 8X40,por verificar,selección automática,,NO,26.00,29.90,https://conectatech-ec.github.io/productos/bino001-binoculares-8x40/,Imagen y autenticidad pendientes
BRAZ001,Brazalete Deportivo Para Celular Brazo,por verificar,selección automática,,NO,9.45,10.87,https://conectatech-ec.github.io/productos/braz001-brazalete-deportivo-para-celular-brazo/,Imagen y autenticidad pendientes
CARP001,CAR Play XO-CZ026 Mini,por verificar,selección automática,,NO,42.85,49.28,https://conectatech-ec.github.io/productos/carp001-car-play-xo-cz026-mini/,Imagen y autenticidad pendientes
CABL087,Cable 1/4 A 1/4 Para Guitarra 3M,por verificar,selección automática,,NO,9.55,10.98,https://conectatech-ec.github.io/productos/cabl087-cable-1-4-a-1-4-para-guitarra-3m/,Imagen y autenticidad pendientes
CABL086,Cable 1/4 Mono A XLR Canon Para Microfono,por verificar,selección automática,,NO,9.86,11.34,https://conectatech-ec.github.io/productos/cabl086-cable-1-4-mono-a-xlr-canon-para-microfono/,Imagen y autenticidad pendientes
CABL049,Cable 3.5MM A AV 1.50M,por verificar,selección automática,,NO,3.25,3.74,https://conectatech-ec.github.io/productos/cabl049-cable-3-5mm-a-av-1-50m/,Imagen y autenticidad pendientes
CABL090,Cable AV PS2 Play Station 2,por verificar,selección automática,,NO,5.90,6.79,https://conectatech-ec.github.io/productos/cabl090-cable-av-ps2-play-station-2/,Imagen y autenticidad pendientes
CABL001,Cable Adaptador DE Lightning A 3.5MM,por verificar,selección automática,,NO,9.00,10.35,https://conectatech-ec.github.io/productos/cabl001-cable-adaptador-de-lightning-a-3-5mm/,Imagen y autenticidad pendientes
CABL002,Cable Adaptador DE Usb-c A 3.5MM,por verificar,selección automática,,NO,8.50,9.78,https://conectatech-ec.github.io/productos/cabl002-cable-adaptador-de-usb-c-a-3-5mm/,Imagen y autenticidad pendientes
CABL053,Cable Audio 3.5MM A RCA 0.90M,por verificar,selección automática,,NO,3.25,3.74,https://conectatech-ec.github.io/productos/cabl053-cable-audio-3-5mm-a-rca-0-90m/,Imagen y autenticidad pendientes
CABL054,Cable Audio 3.5MM A RCA 1.50M,por verificar,selección automática,,NO,4.00,4.60,https://conectatech-ec.github.io/productos/cabl054-cable-audio-3-5mm-a-rca-1-50m/,Imagen y autenticidad pendientes
CABL055,Cable Audio 3.5MM A RCA 3M,por verificar,selección automática,,NO,5.50,6.33,https://conectatech-ec.github.io/productos/cabl055-cable-audio-3-5mm-a-rca-3m/,Imagen y autenticidad pendientes
CABL056,Cable Audio 3.5MM A RCA 5M,por verificar,selección automática,,NO,6.90,7.94,https://conectatech-ec.github.io/productos/cabl056-cable-audio-3-5mm-a-rca-5m/,Imagen y autenticidad pendientes
CABL050,Cable Audio Y Video AV 1.5M,por verificar,selección automática,,NO,3.25,3.74,https://conectatech-ec.github.io/productos/cabl050-cable-audio-y-video-av-1-5m/,Imagen y autenticidad pendientes
CABL051,Cable Audio Y Video AV 3M,por verificar,selección automática,,NO,3.90,4.49,https://conectatech-ec.github.io/productos/cabl051-cable-audio-y-video-av-3m/,Imagen y autenticidad pendientes
CABL006,Cable Auxiliar 3.5MM 2M HP DHC AU02,por verificar,selección automática,,NO,8.20,9.43,https://conectatech-ec.github.io/productos/cabl006-cable-auxiliar-3-5mm-2m-hp-dhc-au02/,Imagen y autenticidad pendientes
CABL079,Cable Auxiliar Earldom 1M AUX08,por verificar,selección automática,,NO,5.50,6.33,https://conectatech-ec.github.io/productos/cabl079-cable-auxiliar-earldom-1m-aux08/,Imagen y autenticidad pendientes
CABL098,Cable Auxiliar Earldom 1M Modelo Elbow AUX 21 Punta L,por verificar,selección automática,,NO,7.85,9.03,https://conectatech-ec.github.io/productos/cabl098-cable-auxiliar-earldom-1m-modelo-elbow-aux-21-punta-l/,Imagen y autenticidad pendientes
CABL067,Cable Auxiliar Earldom 2M AUX10,por verificar,selección automática,,NO,6.50,7.48,https://conectatech-ec.github.io/productos/cabl067-cable-auxiliar-earldom-2m-aux10/,Imagen y autenticidad pendientes
CABL080,Cable Auxiliar KIN 1.2M KY-213,por verificar,selección automática,,NO,4.50,5.18,https://conectatech-ec.github.io/productos/cabl080-cable-auxiliar-kin-1-2m-ky-213/,Imagen y autenticidad pendientes
CABL078,Cable Auxiliar Treqa CA-1019,por verificar,selección automática,,NO,2.25,2.59,https://conectatech-ec.github.io/productos/cabl078-cable-auxiliar-treqa-ca-1019/,Imagen y autenticidad pendientes
CABL072,Cable Convertidor Hdmi A RCA Thunder Sound 1.5M,por verificar,selección automática,,NO,11.99,13.79,https://conectatech-ec.github.io/productos/cabl072-cable-convertidor-hdmi-a-rca-thunder-sound-1-5m/,Imagen y autenticidad pendientes
CABL100,Cable DE Audio Coaxial Digital 1.8M,por verificar,selección automática,,NO,7.90,9.09,https://conectatech-ec.github.io/productos/cabl100-cable-de-audio-coaxial-digital-1-8m/,Imagen y autenticidad pendientes
CABL060,Cable DE Audio RCA 1.8M,por verificar,selección automática,,NO,3.90,4.49,https://conectatech-ec.github.io/productos/cabl060-cable-de-audio-rca-1-8m/,Imagen y autenticidad pendientes
CABL059,Cable DE Audio RCA 3M,por verificar,selección automática,,NO,4.75,5.46,https://conectatech-ec.github.io/productos/cabl059-cable-de-audio-rca-3m/,Imagen y autenticidad pendientes
CABL013,Cable DE Extension Usb-a 1.5M Mindpure,por verificar,selección automática,,NO,3.90,4.49,https://conectatech-ec.github.io/productos/cabl013-cable-de-extension-usb-a-1-5m-mindpure/,Imagen y autenticidad pendientes
CABL014,Cable DE Extension Usb-a 3M Mindpure,por verificar,selección automática,,NO,5.30,6.10,https://conectatech-ec.github.io/productos/cabl014-cable-de-extension-usb-a-3m-mindpure/,Imagen y autenticidad pendientes
CABL116,Cable DE Impresora Usb-a A Usb-b 10M Mindpure,por verificar,selección automática,,NO,19.85,22.83,https://conectatech-ec.github.io/productos/cabl116-cable-de-impresora-usb-a-a-usb-b-10m-mindpure/,Imagen y autenticidad pendientes
CABL118,Cable DE Impresora Usb-a A Usb-b 3M Mindpure,por verificar,selección automática,,NO,9.30,10.70,https://conectatech-ec.github.io/productos/cabl118-cable-de-impresora-usb-a-a-usb-b-3m-mindpure/,Imagen y autenticidad pendientes
CABL117,Cable DE Impresora Usb-a A Usb-b 5M Mindpure,por verificar,selección automática,,NO,15.35,17.65,https://conectatech-ec.github.io/productos/cabl117-cable-de-impresora-usb-a-a-usb-b-5m-mindpure/,Imagen y autenticidad pendientes
CABL057,Cable DE Impresora Usb-b Azul,por verificar,selección automática,,NO,5.26,6.05,https://conectatech-ec.github.io/productos/cabl057-cable-de-impresora-usb-b-azul/,Imagen y autenticidad pendientes
CABL121,Cable DE Impresora Usb-c A Usb-a 3M,por verificar,selección automática,,NO,9.50,10.93,https://conectatech-ec.github.io/productos/cabl121-cable-de-impresora-usb-c-a-usb-a-3m/,Imagen y autenticidad pendientes
CABL120,Cable DE Impresora Usb-c A Usb-b 1.5M,por verificar,selección automática,,NO,7.90,9.09,https://conectatech-ec.github.io/productos/cabl120-cable-de-impresora-usb-c-a-usb-b-1-5m/,Imagen y autenticidad pendientes
CABL018,Cable DE Poder Blanco,por verificar,selección automática,,NO,5.00,5.75,https://conectatech-ec.github.io/productos/cabl018-cable-de-poder-blanco/,Imagen y autenticidad pendientes
CABL163,Cable DE Poder Negro,por verificar,selección automática,,NO,3.25,3.74,https://conectatech-ec.github.io/productos/cabl163-cable-de-poder-negro/,Imagen y autenticidad pendientes
CABL017,Cable DE Poder Tipo 8 DE 1.5M,por verificar,selección automática,,NO,3.50,4.03,https://conectatech-ec.github.io/productos/cabl017-cable-de-poder-tipo-8-de-1-5m/,Imagen y autenticidad pendientes
CABL016,Cable DE Poder Tipo 8 DE 1M,por verificar,selección automática,,NO,3.00,3.45,https://conectatech-ec.github.io/productos/cabl016-cable-de-poder-tipo-8-de-1m/,Imagen y autenticidad pendientes
CABL015,Cable DE Poder Trebol,por verificar,selección automática,,NO,3.50,4.03,https://conectatech-ec.github.io/productos/cabl015-cable-de-poder-trebol/,Imagen y autenticidad pendientes
CABL164,Cable DE Poder Trebol Plano,por verificar,selección automática,,NO,3.90,4.49,https://conectatech-ec.github.io/productos/cabl164-cable-de-poder-trebol-plano/,Imagen y autenticidad pendientes
CABL169,Cable DE RED 10M Monster CAT 6,por verificar,selección automática,,NO,13.19,15.17,https://conectatech-ec.github.io/productos/cabl169-cable-de-red-10m-monster-cat-6/,Imagen y autenticidad pendientes
CABL130,Cable DE RED 15M PLH Color Azul CAT6E,por verificar,selección automática,,NO,10.35,11.90,https://conectatech-ec.github.io/productos/cabl130-cable-de-red-15m-plh-color-azul-cat6e/,Imagen y autenticidad pendientes
CABL133,Cable DE RED 20M CAT 6E Cabo Series,por verificar,selección automática,,NO,15.35,17.65,https://conectatech-ec.github.io/productos/cabl133-cable-de-red-20m-cat-6e-cabo-series/,Imagen y autenticidad pendientes
CABL146,Cable DE RED 25M Andowl,por verificar,selección automática,,NO,19.85,22.83,https://conectatech-ec.github.io/productos/cabl146-cable-de-red-25m-andowl/,Imagen y autenticidad pendientes
CABL147,Cable DE RED 30M Andowl,por verificar,selección automática,,NO,22.34,25.69,https://conectatech-ec.github.io/productos/cabl147-cable-de-red-30m-andowl/,Imagen y autenticidad pendientes
CABL167,Cable DE RED 3M Monster CAT6,por verificar,selección automática,,NO,7.13,8.20,https://conectatech-ec.github.io/productos/cabl167-cable-de-red-3m-monster-cat6/,Imagen y autenticidad pendientes
CABL019,Cable DE RED 5M Azul CAT 5,por verificar,selección automática,,NO,4.00,4.60,https://conectatech-ec.github.io/productos/cabl019-cable-de-red-5m-azul-cat-5/,Imagen y autenticidad pendientes
CABL126,Cable DE RED 5M CAT6 PLH,por verificar,selección automática,,NO,6.15,7.07,https://conectatech-ec.github.io/productos/cabl126-cable-de-red-5m-cat6-plh/,Imagen y autenticidad pendientes
CABL168,Cable DE RED 5M Monster CAT 6,por verificar,selección automática,,NO,9.37,10.78,https://conectatech-ec.github.io/productos/cabl168-cable-de-red-5m-monster-cat-6/,Imagen y autenticidad pendientes
CABL134,Cable DE RED DE 10M CAT 5 Cabo Series,por verificar,selección automática,,NO,7.00,8.05,https://conectatech-ec.github.io/productos/cabl134-cable-de-red-de-10m-cat-5-cabo-series/,Imagen y autenticidad pendientes
CABL135,Cable DE RED DE 10M CAT 6 It-blue Cabo Series,por verificar,selección automática,,NO,9.50,10.93,https://conectatech-ec.github.io/productos/cabl135-cable-de-red-de-10m-cat-6-it-blue-cabo-series/,Imagen y autenticidad pendientes
CABL082,Cable DE RED Gris CAT6 15M,por verificar,selección automática,,NO,8.35,9.60,https://conectatech-ec.github.io/productos/cabl082-cable-de-red-gris-cat6-15m/,Imagen y autenticidad pendientes
CABL042,Cable DE RED HP CAT 5 C5E Color Gris C5E246060361,por verificar,selección automática,,NO,9.86,11.34,https://conectatech-ec.github.io/productos/cabl042-cable-de-red-hp-cat-5-c5e-color-gris-c5e246060361/,Imagen y autenticidad pendientes
CABL039,Cable DE RED HP CAT 6 3M,por verificar,selección automática,,NO,11.99,13.79,https://conectatech-ec.github.io/productos/cabl039-cable-de-red-hp-cat-6-3m/,Imagen y autenticidad pendientes
CABL041,Cable DE RED HP CAT 6 Morado CAT624508H353,por verificar,selección automática,,NO,11.50,13.23,https://conectatech-ec.github.io/productos/cabl041-cable-de-red-hp-cat-6-morado-cat624508h353/,Imagen y autenticidad pendientes
CABL127,Cable Extension 3.5MM DE 3 Lineas,por verificar,selección automática,,NO,9.50,10.93,https://conectatech-ec.github.io/productos/cabl127-cable-extension-3-5mm-de-3-lineas/,Imagen y autenticidad pendientes
CABL123,Cable Extension Auxiliar 1.5M,por verificar,selección automática,,NO,4.50,5.18,https://conectatech-ec.github.io/productos/cabl123-cable-extension-auxiliar-1-5m/,Imagen y autenticidad pendientes
CABL124,Cable Extension Auxiliar 3M American Xtreme,por verificar,selección automática,,NO,6.90,7.94,https://conectatech-ec.github.io/productos/cabl124-cable-extension-auxiliar-3m-american-xtreme/,Imagen y autenticidad pendientes
CABL115,Cable Extension Usb-a Macho A Usb-a Hembra Amplificada 8M,por verificar,selección automática,,NO,20.15,23.17,https://conectatech-ec.github.io/productos/cabl115-cable-extension-usb-a-macho-a-usb-a-hembra-amplificada-8m/,Imagen y autenticidad pendientes
CABL076,Cable Hdmi 1.5M Orvesion AWX-1008A,por verificar,selección automática,,NO,6.50,7.48,https://conectatech-ec.github.io/productos/cabl076-cable-hdmi-1-5m-orvesion-awx-1008a/,Imagen y autenticidad pendientes
CABL114,Cable Hdmi 20M,por verificar,selección automática,,NO,21.36,24.56,https://conectatech-ec.github.io/productos/cabl114-cable-hdmi-20m/,Imagen y autenticidad pendientes
CABL144,Cable Hdmi 2M Orvesion Plano,por verificar,selección automática,,NO,8.90,10.24,https://conectatech-ec.github.io/productos/cabl144-cable-hdmi-2m-orvesion-plano/,Imagen y autenticidad pendientes
CABL110,Cable Hdmi 3M Andowl 4K,por verificar,selección automática,,NO,11.99,13.79,https://conectatech-ec.github.io/productos/cabl110-cable-hdmi-3m-andowl-4k/,Imagen y autenticidad pendientes
CABL111,Cable Hdmi 3M Orvesion 2K Y 4K,por verificar,selección automática,,NO,11.50,13.23,https://conectatech-ec.github.io/productos/cabl111-cable-hdmi-3m-orvesion-2k-y-4k/,Imagen y autenticidad pendientes
CABL143,Cable Hdmi 3M Orvesion 8K,por verificar,selección automática,,NO,11.35,13.05,https://conectatech-ec.github.io/productos/cabl143-cable-hdmi-3m-orvesion-8k/,Imagen y autenticidad pendientes
CABL142,Cable Hdmi 5M Orvesion 8K,por verificar,selección automática,,NO,13.50,15.53,https://conectatech-ec.github.io/productos/cabl142-cable-hdmi-5m-orvesion-8k/,Imagen y autenticidad pendientes
CABL073,Cable Hdmi A DVI HP,por verificar,selección automática,,NO,13.00,14.95,https://conectatech-ec.github.io/productos/cabl073-cable-hdmi-a-dvi-hp/,Imagen y autenticidad pendientes
CABL094,Cable Hdmi A Displayport 3M,por verificar,selección automática,,NO,18.25,20.99,https://conectatech-ec.github.io/productos/cabl094-cable-hdmi-a-displayport-3m/,Imagen y autenticidad pendientes
CABL131,Cable Hdmi A Displayport 4K X 2K,por verificar,selección automática,,NO,12.90,14.84,https://conectatech-ec.github.io/productos/cabl131-cable-hdmi-a-displayport-4k-x-2k/,Imagen y autenticidad pendientes
CABL125,Cable Hdmi A Displayport ENV 1.8M,por verificar,selección automática,,NO,22.00,25.30,https://conectatech-ec.github.io/productos/cabl125-cable-hdmi-a-displayport-env-1-8m/,Imagen y autenticidad pendientes
CABL069,Cable Hdmi A VGA SGL,por verificar,selección automática,,NO,15.00,17.25,https://conectatech-ec.github.io/productos/cabl069-cable-hdmi-a-vga-sgl/,Imagen y autenticidad pendientes
CABL138,Cable Hdmi Belkin 4K 18GBPS 2M,por verificar,selección automática,,NO,19.30,22.20,https://conectatech-ec.github.io/productos/cabl138-cable-hdmi-belkin-4k-18gbps-2m/,Imagen y autenticidad pendientes
CABL092,Cable Hdmi Orvesion 3M Plano,por verificar,selección automática,,NO,10.01,11.51,https://conectatech-ec.github.io/productos/cabl092-cable-hdmi-orvesion-3m-plano/,Imagen y autenticidad pendientes
CABL093,Cable Hdmi Orvesion 5M Plano,por verificar,selección automática,,NO,11.75,13.51,https://conectatech-ec.github.io/productos/cabl093-cable-hdmi-orvesion-5m-plano/,Imagen y autenticidad pendientes
CABL024,Cable IIN ZII Micro-usb 2M 8821,por verificar,selección automática,,NO,6.50,7.48,https://conectatech-ec.github.io/productos/cabl024-cable-iin-zii-micro-usb-2m-8821/,Imagen y autenticidad pendientes
CABL032,Cable IIN ZII Micro-usb C8901,por verificar,selección automática,,NO,4.00,4.60,https://conectatech-ec.github.io/productos/cabl032-cable-iin-zii-micro-usb-c8901/,Imagen y autenticidad pendientes
CABL083,Cable IIN ZII Usb-a A Usb-c 8831 3M,por verificar,selección automática,,NO,8.30,9.55,https://conectatech-ec.github.io/productos/cabl083-cable-iin-zii-usb-a-a-usb-c-8831-3m/,Imagen y autenticidad pendientes
CABL025,Cable IIN ZII Usb-c 1.20M 8822,por verificar,selección automática,,NO,5.90,6.79,https://conectatech-ec.github.io/productos/cabl025-cable-iin-zii-usb-c-1-20m-8822/,Imagen y autenticidad pendientes
CABL026,Cable IIN ZII Usb-c 1M 8826,por verificar,selección automática,,NO,6.50,7.48,https://conectatech-ec.github.io/productos/cabl026-cable-iin-zii-usb-c-1m-8826/,Imagen y autenticidad pendientes
CABL027,Cable IIN ZII Usb-c 1M 8827,por verificar,selección automática,,NO,6.90,7.94,https://conectatech-ec.github.io/productos/cabl027-cable-iin-zii-usb-c-1m-8827/,Imagen y autenticidad pendientes
CABL074,Cable IPH Usb-a A Lightning 1M,por verificar,selección automática,,NO,8.25,9.49,https://conectatech-ec.github.io/productos/cabl074-cable-iph-usb-a-a-lightning-1m/,Imagen y autenticidad pendientes
CABL068,Cable IPH Usb-c A Usb-c 1M 60W,por verificar,selección automática,,NO,13.50,15.53,https://conectatech-ec.github.io/productos/cabl068-cable-iph-usb-c-a-usb-c-1m-60w/,Imagen y autenticidad pendientes
CABL004,Cable IPH Usb-c A Usb-c 2M,por verificar,selección automática,,NO,6.00,6.90,https://conectatech-ec.github.io/productos/cabl004-cable-iph-usb-c-a-usb-c-2m/,Imagen y autenticidad pendientes
CABL005,Cable Lightning A Usb-a 2M,por verificar,selección automática,,NO,6.90,7.94,https://conectatech-ec.github.io/productos/cabl005-cable-lightning-a-usb-a-2m/,Imagen y autenticidad pendientes
CABL063,Cable Mini Hdmi A Hdmi,por verificar,selección automática,,NO,11.01,12.66,https://conectatech-ec.github.io/productos/cabl063-cable-mini-hdmi-a-hdmi/,Imagen y autenticidad pendientes
CABL096,Cable Mini Hdmi A Hdmi Century 3M,por verificar,selección automática,,NO,11.99,13.79,https://conectatech-ec.github.io/productos/cabl096-cable-mini-hdmi-a-hdmi-century-3m/,Imagen y autenticidad pendientes
CABL044,Cable Multiple + Cargador Inalambrico Vidvie CB4026,por verificar,selección automática,,NO,23.00,26.45,https://conectatech-ec.github.io/productos/cabl044-cable-multiple-cargador-inalambrico-vidvie-cb4026/,Imagen y autenticidad pendientes
CABL046,Cable Multiple 3 EN 1 120W 6A S219,por verificar,selección automática,,NO,14.90,17.14,https://conectatech-ec.github.io/productos/cabl046-cable-multiple-3-en-1-120w-6a-s219/,Imagen y autenticidad pendientes
CABL045,Cable Multiple 3 EN 1 Super Charging,por verificar,selección automática,,NO,10.01,11.51,https://conectatech-ec.github.io/productos/cabl045-cable-multiple-3-en-1-super-charging/,Imagen y autenticidad pendientes
CABL159,Cable Multiple 4 EN 1 65W/27W,por verificar,selección automática,,NO,11.85,13.63,https://conectatech-ec.github.io/productos/cabl159-cable-multiple-4-en-1-65w-27w/,Imagen y autenticidad pendientes
CABL158,Cable Para Rasuradora 5V 1.5M EDN,por verificar,selección automática,,NO,3.25,3.74,https://conectatech-ec.github.io/productos/cabl158-cable-para-rasuradora-5v-1-5m-edn/,Imagen y autenticidad pendientes
CABL165,Cable Para Rasuradora Corriente Directa,por verificar,selección automática,,NO,2.90,3.34,https://conectatech-ec.github.io/productos/cabl165-cable-para-rasuradora-corriente-directa/,Imagen y autenticidad pendientes
CABL037,Cable Samsung Usb-c A Usb-c 5A 1.8M,por verificar,selección automática,,NO,9.50,10.93,https://conectatech-ec.github.io/productos/cabl037-cable-samsung-usb-c-a-usb-c-5a-1-8m/,Imagen y autenticidad pendientes
CABL033,Cable Stark Usb-c A Usb-c LC121C,por verificar,selección automática,,NO,6.00,6.90,https://conectatech-ec.github.io/productos/cabl033-cable-stark-usb-c-a-usb-c-lc121c/,Imagen y autenticidad pendientes
CABL122,Cable Usb-a A Hdmi,por verificar,selección automática,,NO,12.90,14.84,https://conectatech-ec.github.io/productos/cabl122-cable-usb-a-a-hdmi/,Imagen y autenticidad pendientes
CABL089,Cable Usb-a A Lightning Baten CB-102,por verificar,selección automática,,NO,5.00,5.75,https://conectatech-ec.github.io/productos/cabl089-cable-usb-a-a-lightning-baten-cb-102/,Imagen y autenticidad pendientes
CABL099,Cable Usb-a A Lightning Earldom 1M Negro,por verificar,selección automática,,NO,6.00,6.90,https://conectatech-ec.github.io/productos/cabl099-cable-usb-a-a-lightning-earldom-1m-negro/,Imagen y autenticidad pendientes
CABL075,Cable Usb-a A Mini-usb V3 1M Negro,por verificar,selección automática,,NO,3.15,3.62,https://conectatech-ec.github.io/productos/cabl075-cable-usb-a-a-mini-usb-v3-1m-negro/,Imagen y autenticidad pendientes
CABL071,Cable Usb-a A Mini-usb V3 2M Azul,por verificar,selección automática,,NO,3.50,4.03,https://conectatech-ec.github.io/productos/cabl071-cable-usb-a-a-mini-usb-v3-2m-azul/,Imagen y autenticidad pendientes
CABL048,Cable Usb-a A Usb-a Macho A Macho,por verificar,selección automática,,NO,3.25,3.74,https://conectatech-ec.github.io/productos/cabl048-cable-usb-a-a-usb-a-macho-a-macho/,Imagen y autenticidad pendientes
CABL085,Cable Usb-a A Usb-c 2M 8A Braided CB85,por verificar,selección automática,,NO,8.50,9.78,https://conectatech-ec.github.io/productos/cabl085-cable-usb-a-a-usb-c-2m-8a-braided-cb85/,Imagen y autenticidad pendientes
CABL137,Cable Usb-a A Usb-c 3M Klipxtreme Powergo 050 KAC-050-10FT,por verificar,selección automática,,NO,11.35,13.05,https://conectatech-ec.github.io/productos/cabl137-cable-usb-a-a-usb-c-3m-klipxtreme-powergo-050-kac-050-10ft/,Imagen y autenticidad pendientes
CABL145,Cable Usb-a A Usb-c 3M Treqa,por verificar,selección automática,,NO,9.86,11.34,https://conectatech-ec.github.io/productos/cabl145-cable-usb-a-a-usb-c-3m-treqa/,Imagen y autenticidad pendientes
CABL136,Cable Usb-a A Usb-c Klipxtreme 1M 30W Powergo 050,por verificar,selección automática,,NO,8.35,9.60,https://conectatech-ec.github.io/productos/cabl136-cable-usb-a-a-usb-c-klipxtreme-1m-30w-powergo-050/,Imagen y autenticidad pendientes
CABL162,Cable Usb-c A 3.5MM Earldom AC01,por verificar,selección automática,,NO,10.45,12.02,https://conectatech-ec.github.io/productos/cabl162-cable-usb-c-a-3-5mm-earldom-ac01/,Imagen y autenticidad pendientes
CABL129,Cable Usb-c A Displayport,por verificar,selección automática,,NO,19.85,22.83,https://conectatech-ec.github.io/productos/cabl129-cable-usb-c-a-displayport/,Imagen y autenticidad pendientes
CABL128,Cable Usb-c A Hdmi 2M Andowl,por verificar,selección automática,,NO,23.90,27.49,https://conectatech-ec.github.io/productos/cabl128-cable-usb-c-a-hdmi-2m-andowl/,Imagen y autenticidad pendientes
CABL030,Cable Usb-c A Lightning 2M,por verificar,selección automática,,NO,9.00,10.35,https://conectatech-ec.github.io/productos/cabl030-cable-usb-c-a-lightning-2m/,Imagen y autenticidad pendientes
CABL166,Cable Usb-c A Lightning VER.2,por verificar,selección automática,,NO,12.45,14.32,https://conectatech-ec.github.io/productos/cabl166-cable-usb-c-a-lightning-ver-2/,Imagen y autenticidad pendientes
CABL097,Cable Usb-c A Usb-c + Adaptador Usb-c Hembra A Lightning,por verificar,selección automática,,NO,6.85,7.88,https://conectatech-ec.github.io/productos/cabl097-cable-usb-c-a-usb-c-adaptador-usb-c-hembra-a-lightning/,Imagen y autenticidad pendientes
CABL035,Cable Usb-c A Usb-c 2M Monster Power Flex,por verificar,selección automática,,NO,7.50,8.63,https://conectatech-ec.github.io/productos/cabl035-cable-usb-c-a-usb-c-2m-monster-power-flex/,Imagen y autenticidad pendientes
CABL141,Cable Usb-c A Usb-c 60W Color Naranja,por verificar,selección automática,,NO,12.60,14.49,https://conectatech-ec.github.io/productos/cabl141-cable-usb-c-a-usb-c-60w-color-naranja/,Imagen y autenticidad pendientes
CABL009,Cable Usb-c A Usb-c Gerlax GD-46T,por verificar,selección automática,,NO,11.99,13.79,https://conectatech-ec.github.io/productos/cabl009-cable-usb-c-a-usb-c-gerlax-gd-46t/,Imagen y autenticidad pendientes
CABL108,Cable Usb-c A Usb-c Klipxtreme 1.8M 100W,por verificar,selección automática,,NO,14.35,16.50,https://conectatech-ec.github.io/productos/cabl108-cable-usb-c-a-usb-c-klipxtreme-1-8m-100w/,Imagen y autenticidad pendientes
CABL107,Cable Usb-c A Usb-c Klipxtreme 1.8M 240W,por verificar,selección automática,,NO,18.15,20.87,https://conectatech-ec.github.io/productos/cabl107-cable-usb-c-a-usb-c-klipxtreme-1-8m-240w/,Imagen y autenticidad pendientes
CABL103,Cable Usb-c A Usb-c Klipxtreme 1.8M 60W,por verificar,selección automática,,NO,13.10,15.07,https://conectatech-ec.github.io/productos/cabl103-cable-usb-c-a-usb-c-klipxtreme-1-8m-60w/,Imagen y autenticidad pendientes
CABL105,Cable Usb-c A Usb-c Klipxtreme 3M 100W,por verificar,selección automática,,NO,15.85,18.23,https://conectatech-ec.github.io/productos/cabl105-cable-usb-c-a-usb-c-klipxtreme-3m-100w/,Imagen y autenticidad pendientes
CABL106,Cable Usb-c A Usb-c Klipxtreme 3M 240W,por verificar,selección automática,,NO,19.30,22.20,https://conectatech-ec.github.io/productos/cabl106-cable-usb-c-a-usb-c-klipxtreme-3m-240w/,Imagen y autenticidad pendientes
CABL104,Cable Usb-c A Usb-c Klipxtreme 3M 60W,por verificar,selección automática,,NO,13.90,15.99,https://conectatech-ec.github.io/productos/cabl104-cable-usb-c-a-usb-c-klipxtreme-3m-60w/,Imagen y autenticidad pendientes
CABL084,Cable Usb-c A Usb-c Samsung 1.8M 5A,por verificar,selección automática,,NO,8.50,9.78,https://conectatech-ec.github.io/productos/cabl084-cable-usb-c-a-usb-c-samsung-1-8m-5a/,Imagen y autenticidad pendientes
CABL052,Cable VGA 1.5M,por verificar,selección automática,,NO,4.50,5.18,https://conectatech-ec.github.io/productos/cabl052-cable-vga-1-5m/,Imagen y autenticidad pendientes
CABL101,Cable Ven-dens 60W RGB CON LUZ Modelo VD-DCF05,por verificar,selección automática,,NO,13.90,15.99,https://conectatech-ec.github.io/productos/cabl101-cable-ven-dens-60w-rgb-con-luz-modelo-vd-dcf05/,Imagen y autenticidad pendientes
CABL088,Cable XLR Macho A XLR Hembra Canon,por verificar,selección automática,,NO,10.01,11.51,https://conectatech-ec.github.io/productos/cabl088-cable-xlr-macho-a-xlr-hembra-canon/,Imagen y autenticidad pendientes
CALC003,Calculadora CON PAD DE Escritura,por verificar,selección automática,,NO,19.00,21.85,https://conectatech-ec.github.io/productos/calc003-calculadora-con-pad-de-escritura/,Imagen y autenticidad pendientes
CALC002,Calculadora Casio HL-815L,por verificar,selección automática,,NO,9.90,11.39,https://conectatech-ec.github.io/productos/calc002-calculadora-casio-hl-815l/,Imagen y autenticidad pendientes
CALC001,Calculadora Casio MX-8B,por verificar,selección automática,,NO,13.25,15.24,https://conectatech-ec.github.io/productos/calc001-calculadora-casio-mx-8b/,Imagen y autenticidad pendientes
CAMA003,Camara DE Seguridad BW300 Xiaomi,por verificar,selección automática,,NO,73.90,84.99,https://conectatech-ec.github.io/productos/cama003-camara-de-seguridad-bw300-xiaomi/,Imagen y autenticidad pendientes
CAMA002,Camara DE Seguridad HD Tipo Foco,por verificar,selección automática,,NO,26.85,30.88,https://conectatech-ec.github.io/productos/cama002-camara-de-seguridad-hd-tipo-foco/,Imagen y autenticidad pendientes
CAMA001,Camara DE Seguridad Mini Webcam HD,por verificar,selección automática,,NO,18.00,20.70,https://conectatech-ec.github.io/productos/cama001-camara-de-seguridad-mini-webcam-hd/,Imagen y autenticidad pendientes
CAMA007,Camara DE Seguridad Nexxt Indoor 2K,por verificar,selección automática,,NO,29.85,34.33,https://conectatech-ec.github.io/productos/cama007-camara-de-seguridad-nexxt-indoor-2k/,Imagen y autenticidad pendientes
CAMA008,Camara DE Seguridad TP Link Tapo Full HD 1080,por verificar,selección automática,,NO,36.70,42.21,https://conectatech-ec.github.io/productos/cama008-camara-de-seguridad-tp-link-tapo-full-hd-1080/,Imagen y autenticidad pendientes
CAMA009,Camara DE Seguridad Vigi BY TP Link Outdoor Fullcolor Easycam C320,por verificar,selección automática,,NO,29.15,33.52,https://conectatech-ec.github.io/productos/cama009-camara-de-seguridad-vigi-by-tp-link-outdoor-fullcolor-easycam-c320/,Imagen y autenticidad pendientes
CAMA005,Camara DE Seguridad Xiaomi C301 Para Interiores,por verificar,selección automática,,NO,59.85,68.83,https://conectatech-ec.github.io/productos/cama005-camara-de-seguridad-xiaomi-c301-para-interiores/,Imagen y autenticidad pendientes
CAMA010,Camara Para Vehiculo Dashcam Andowl,por verificar,selección automática,,NO,34.16,39.28,https://conectatech-ec.github.io/productos/cama010-camara-para-vehiculo-dashcam-andowl/,Imagen y autenticidad pendientes
CAND001,Candado Para Laptop Blot C Klip Xtreme,por verificar,selección automática,,NO,14.90,17.14,https://conectatech-ec.github.io/productos/cand001-candado-para-laptop-blot-c-klip-xtreme/,Imagen y autenticidad pendientes
CAPT002,Capturadora DE Video Usb-a A Audio Y Video AV,por verificar,selección automática,,NO,18.15,20.87,https://conectatech-ec.github.io/productos/capt002-capturadora-de-video-usb-a-a-audio-y-video-av/,Imagen y autenticidad pendientes
CARG036,Cargador 120W XIA GAN Charger SET,por verificar,selección automática,,NO,19.85,22.83,https://conectatech-ec.github.io/productos/carg036-cargador-120w-xia-gan-charger-set/,Imagen y autenticidad pendientes
CARG040,Cargador 120W XIA Usb-c + Usb-c + Usb-a,por verificar,selección automática,,NO,24.90,28.64,https://conectatech-ec.github.io/productos/carg040-cargador-120w-xia-usb-c-usb-c-usb-a/,Imagen y autenticidad pendientes
CARG053,Cargador 30W Usb-c CON Cable 1HORA,por verificar,selección automática,,NO,13.85,15.93,https://conectatech-ec.github.io/productos/carg053-cargador-30w-usb-c-con-cable-1hora/,Imagen y autenticidad pendientes
CARG010,Cargador 45W SAM CON Cable Usb-c A Usb-c,por verificar,selección automática,,NO,18.00,20.70,https://conectatech-ec.github.io/productos/carg010-cargador-45w-sam-con-cable-usb-c-a-usb-c/,Imagen y autenticidad pendientes
CARG015,Cargador 65W Power Trio SAM,por verificar,selección automática,,NO,25.00,28.75,https://conectatech-ec.github.io/productos/carg015-cargador-65w-power-trio-sam/,Imagen y autenticidad pendientes
CARG054,Cargador 65W Usb-c + Usb-c + Usb-a 1HORA,por verificar,selección automática,,NO,32.00,36.80,https://conectatech-ec.github.io/productos/carg054-cargador-65w-usb-c-usb-c-usb-a-1hora/,Imagen y autenticidad pendientes
CARG055,Cargador 65W Usb-c + Usb-c Doble 1HORA Plano,por verificar,selección automática,,NO,34.99,40.24,https://conectatech-ec.github.io/productos/carg055-cargador-65w-usb-c-usb-c-doble-1hora-plano/,Imagen y autenticidad pendientes
CARG016,Cargador BATEN CX-305 PD 25 W con cable USB-C,por verificar,sin caja,SIN CAJA en catálogo y banners. Conservar originales. No extraer el dibujo impreso como si fuera una fotografía del producto.,SI,14.00,16.10,https://conectatech-ec.github.io/productos/carg016-cargador-baten-25w-cx-305/,Verificar autenticidad
CARG033,Cargador IIN ZII C536 CON Cable Usb-c,por verificar,selección automática,,NO,11.75,13.51,https://conectatech-ec.github.io/productos/carg033-cargador-iin-zii-c536-con-cable-usb-c/,Imagen y autenticidad pendientes
CARG028,Cargador IPH 14PM 20W Usb-c A Lightning,por verificar,selección automática,,NO,14.90,17.14,https://conectatech-ec.github.io/productos/carg028-cargador-iph-14pm-20w-usb-c-a-lightning/,Imagen y autenticidad pendientes
CARG048,Cargador IPH 16PH 35W Usb-c A Usb-c,por verificar,selección automática,,NO,22.00,25.30,https://conectatech-ec.github.io/productos/carg048-cargador-iph-16ph-35w-usb-c-a-usb-c/,Imagen y autenticidad pendientes
CARG049,Cargador IPH 17PM 40W,por verificar,selección automática,,NO,28.00,32.20,https://conectatech-ec.github.io/productos/carg049-cargador-iph-17pm-40w/,Imagen y autenticidad pendientes
CARG034,Cargador IPH 25W 15PM Usb-c A Usb-c,por verificar,selección automática,,NO,18.50,21.28,https://conectatech-ec.github.io/productos/carg034-cargador-iph-25w-15pm-usb-c-a-usb-c/,Imagen y autenticidad pendientes
CARG001,Cargador IPH 35W Doble Conector Usb-c + Usb-c Y Cable Usb-c A Lightning,por verificar,selección automática,,NO,25.00,28.75,https://conectatech-ec.github.io/productos/carg001-cargador-iph-35w-doble-conector-usb-c-usb-c-y-cable-usb-c-a-lightning/,Imagen y autenticidad pendientes
CARG046,Cargador IPH 50W Usb-c + Usb-c,por verificar,selección automática,,NO,25.00,28.75,https://conectatech-ec.github.io/productos/carg046-cargador-iph-50w-usb-c-usb-c/,Imagen y autenticidad pendientes
CARG004,Cargador Inalambrico DE Mesa RCA Stand,por verificar,selección automática,,NO,14.90,17.14,https://conectatech-ec.github.io/productos/carg004-cargador-inalambrico-de-mesa-rca-stand/,Imagen y autenticidad pendientes
CARG056,Cargador Micro-usb Realme CON Cable Incorporado V8,por verificar,selección automática,,NO,5.00,5.75,https://conectatech-ec.github.io/productos/carg056-cargador-micro-usb-realme-con-cable-incorporado-v8/,Imagen y autenticidad pendientes
CARG057,Cargador Micro-usb V8 XIA,por verificar,selección automática,,NO,6.90,7.94,https://conectatech-ec.github.io/productos/carg057-cargador-micro-usb-v8-xia/,Imagen y autenticidad pendientes
CARG006,Cargador Multiple Marca EVL Para AA + AAA + 9V AD-517,por verificar,selección automática,,NO,13.00,14.95,https://conectatech-ec.github.io/productos/carg006-cargador-multiple-marca-evl-para-aa-aaa-9v-ad-517/,Imagen y autenticidad pendientes
CARG063,Cargador PRO 40 4G + 67W,por verificar,selección automática,,NO,23.00,26.45,https://conectatech-ec.github.io/productos/carg063-cargador-pro-40-4g-67w/,Imagen y autenticidad pendientes
CARG007,Cargador Para AA + AAA Incluye AAA JB-212 Jiabao,por verificar,selección automática,,NO,11.99,13.79,https://conectatech-ec.github.io/productos/carg007-cargador-para-aa-aaa-incluye-aaa-jb-212-jiabao/,Imagen y autenticidad pendientes
CARG058,Cargador Para MAC Magsafe 2 85W,por verificar,selección automática,,NO,43.00,49.45,https://conectatech-ec.github.io/productos/carg058-cargador-para-mac-magsafe-2-85w/,Imagen y autenticidad pendientes
CARG059,Cargador Para MAC Usb-c 96W,por verificar,selección automática,,NO,52.90,60.84,https://conectatech-ec.github.io/productos/carg059-cargador-para-mac-usb-c-96w/,Imagen y autenticidad pendientes
CARG050,Cargador para carro Klip Xtreme PowerCar 60 · 60 W,por verificar,con caja,Usar fotografía blanca del cargador y caja. No sustituir por una miniatura.,SI,17.30,19.90,https://conectatech-ec.github.io/productos/carg050-cargador-para-vehiculo-60w-klipxtreme-powercar-060/,Verificar autenticidad
CARG045,Cargador Para Vehiculo Baten 38W BT-C42 Usb-c + Usb-a,por verificar,selección automática,,NO,22.00,25.30,https://conectatech-ec.github.io/productos/carg045-cargador-para-vehiculo-baten-38w-bt-c42-usb-c-usb-a/,Imagen y autenticidad pendientes
CARG064,Cargador Para Vehiculo Belkin 42W,por verificar,selección automática,,NO,33.20,38.18,https://conectatech-ec.github.io/productos/carg064-cargador-para-vehiculo-belkin-42w/,Imagen y autenticidad pendientes
CARG025,Cargador Para Vehiculo Earldom ES-123 Usb-a Doble,por verificar,selección automática,,NO,11.99,13.79,https://conectatech-ec.github.io/productos/carg025-cargador-para-vehiculo-earldom-es-123-usb-a-doble/,Imagen y autenticidad pendientes
CARG035,Cargador Para Vehiculo IIN ZII IZ-C221 Usb-a Doble,por verificar,selección automática,,NO,8.50,9.78,https://conectatech-ec.github.io/productos/carg035-cargador-para-vehiculo-iin-zii-iz-c221-usb-a-doble/,Imagen y autenticidad pendientes
CARG041,Cargador Para Vehiculo Ldnio 30W C105 Usb-a + Cable Usb-c,por verificar,selección automática,,NO,13.90,15.99,https://conectatech-ec.github.io/productos/carg041-cargador-para-vehiculo-ldnio-30w-c105-usb-a-cable-usb-c/,Imagen y autenticidad pendientes
CARG042,Cargador Para Vehiculo Ldnio 60W C104 Usb-c Doble + Cable Usb-c A Usb-c,por verificar,selección automática,,NO,19.00,21.85,https://conectatech-ec.github.io/productos/carg042-cargador-para-vehiculo-ldnio-60w-c104-usb-c-doble-cable-usb-c-a-usb-c/,Imagen y autenticidad pendientes
CARG014,Cargador Para Vehiculo Marca Monster 38W Usb-c + Usb-a,por verificar,selección automática,,NO,18.00,20.70,https://conectatech-ec.github.io/productos/carg014-cargador-para-vehiculo-marca-monster-38w-usb-c-usb-a/,Imagen y autenticidad pendientes
CARG039,Cargador Para Vehiculo Multiple 4 EN 1,por verificar,selección automática,,NO,24.35,28.00,https://conectatech-ec.github.io/productos/carg039-cargador-para-vehiculo-multiple-4-en-1/,Imagen y autenticidad pendientes
CARG051,Cargador Para Vehiculo Multiple CON Extension Powercar 100W Klipxtreme,por verificar,selección automática,,NO,28.70,33.01,https://conectatech-ec.github.io/productos/carg051-cargador-para-vehiculo-multiple-con-extension-powercar-100w-klipxtreme/,Imagen y autenticidad pendientes
CARG019,Cargador Para Vehiculo ONE Must OM-CA03,por verificar,selección automática,,NO,15.00,17.25,https://conectatech-ec.github.io/productos/carg019-cargador-para-vehiculo-one-must-om-ca03/,Imagen y autenticidad pendientes
CARG070,Cargador Para Vehiculo Powercar 140 Klipxtreme,por verificar,selección automática,,NO,36.90,42.44,https://conectatech-ec.github.io/productos/carg070-cargador-para-vehiculo-powercar-140-klipxtreme/,Imagen y autenticidad pendientes
CARG047,Cargador Para Vehiculo SGS Modelo CC10,por verificar,selección automática,,NO,16.00,18.40,https://conectatech-ec.github.io/productos/carg047-cargador-para-vehiculo-sgs-modelo-cc10/,Imagen y autenticidad pendientes
CARG065,Cargador Para Vehiculo Ugreen 52.5W,por verificar,selección automática,,NO,29.20,33.58,https://conectatech-ec.github.io/productos/carg065-cargador-para-vehiculo-ugreen-52-5w/,Imagen y autenticidad pendientes
CARG068,Cargador Samsung Cubo 45W + Cable Usb-c A Usb-c,por verificar,selección automática,,NO,34.99,40.24,https://conectatech-ec.github.io/productos/carg068-cargador-samsung-cubo-45w-cable-usb-c-a-usb-c/,Imagen y autenticidad pendientes
CARG038,Cargador Turbopower Moto,por verificar,selección automática,,NO,13.75,15.81,https://conectatech-ec.github.io/productos/carg038-cargador-turbopower-moto/,Imagen y autenticidad pendientes
CARG062,Cargador Universal Para Laptop 65W,por verificar,selección automática,,NO,35.90,41.29,https://conectatech-ec.github.io/productos/carg062-cargador-universal-para-laptop-65w/,Imagen y autenticidad pendientes
CARG044,Cargador Voltrax 30W Usb-c + Cable,por verificar,selección automática,,NO,16.50,18.98,https://conectatech-ec.github.io/productos/carg044-cargador-voltrax-30w-usb-c-cable/,Imagen y autenticidad pendientes
CHIP004,Chip Simcard CNT,por verificar,selección automática,,NO,5.00,5.75,https://conectatech-ec.github.io/productos/chip004-chip-simcard-cnt/,Imagen y autenticidad pendientes
CHIP001,Chip Simcard Claro,por verificar,selección automática,,NO,5.00,5.75,https://conectatech-ec.github.io/productos/chip001-chip-simcard-claro/,Imagen y autenticidad pendientes
CHIP002,Chip Simcard Movistar,por verificar,selección automática,,NO,5.00,5.75,https://conectatech-ec.github.io/productos/chip002-chip-simcard-movistar/,Imagen y autenticidad pendientes
CHIP003,Chip Simcard Tuenti,por verificar,selección automática,,NO,5.00,5.75,https://conectatech-ec.github.io/productos/chip003-chip-simcard-tuenti/,Imagen y autenticidad pendientes
COBE006,Cobertor - Estuche Airpods PRO 2 Floreados,por verificar,selección automática,,NO,10.01,11.51,https://conectatech-ec.github.io/productos/cobe006-cobertor-estuche-airpods-pro-2-floreados/,Imagen y autenticidad pendientes
COBE002,Cobertor - Estuche Airpods PRO 2 Mickey,por verificar,selección automática,,NO,14.35,16.50,https://conectatech-ec.github.io/productos/cobe002-cobertor-estuche-airpods-pro-2-mickey/,Imagen y autenticidad pendientes
COBE009,Cobertor - Estuche Airpods PRO 2 Spigen,por verificar,selección automática,,NO,10.01,11.51,https://conectatech-ec.github.io/productos/cobe009-cobertor-estuche-airpods-pro-2-spigen/,Imagen y autenticidad pendientes
COBE007,Cobertor - Estuche Para Airpods Blister Varios Colores,por verificar,selección automática,,NO,10.01,11.51,https://conectatech-ec.github.io/productos/cobe007-cobertor-estuche-para-airpods-blister-varios-colores/,Imagen y autenticidad pendientes
COBE001,Cobertor - Estuche Para Cargadores Varios Modelos,por verificar,selección automática,,NO,6.50,7.48,https://conectatech-ec.github.io/productos/cobe001-cobertor-estuche-para-cargadores-varios-modelos/,Imagen y autenticidad pendientes
CORR007,Correa Para Reloj Smarwatch Varios Modelos - Colores,por verificar,selección automática,,NO,10.01,11.51,https://conectatech-ec.github.io/productos/corr007-correa-para-reloj-smarwatch-varios-modelos-colores/,Imagen y autenticidad pendientes
CORT01,Cortapicos Ldnio Multienchufes 6 Puertos Usb-a CS3604,por verificar,selección automática,,NO,23.90,27.49,https://conectatech-ec.github.io/productos/cort01-cortapicos-ldnio-multienchufes-6-puertos-usb-a-cs3604/,Imagen y autenticidad pendientes
CORT03,Cortapicos Modelo K37 Power Socket,por verificar,selección automática,,NO,17.00,19.55,https://conectatech-ec.github.io/productos/cort03-cortapicos-modelo-k37-power-socket/,Imagen y autenticidad pendientes
CORT04,Cortapicos Power Socket Usb-c X2 + Usb-a X2,por verificar,selección automática,,NO,11.35,13.05,https://conectatech-ec.github.io/productos/cort04-cortapicos-power-socket-usb-c-x2-usb-a-x2/,Imagen y autenticidad pendientes
CORT06,Cortapicos Regleta Negra Megastar,por verificar,selección automática,,NO,9.86,11.34,https://conectatech-ec.github.io/productos/cort06-cortapicos-regleta-negra-megastar/,Imagen y autenticidad pendientes
CUBO021,Cubo 40W Usb-c,por verificar,selección automática,,NO,20.00,23.00,https://conectatech-ec.github.io/productos/cubo021-cubo-40w-usb-c/,Imagen y autenticidad pendientes
CUBO018,Cubo Cargador 20W Monster Usbc + Usb-a,por verificar,selección automática,,NO,11.72,13.48,https://conectatech-ec.github.io/productos/cubo018-cubo-cargador-20w-monster-usbc-usb-a/,Imagen y autenticidad pendientes
CUBO013,Cubo Cargador 25W Monster RC252 1A1C,por verificar,selección automática,,NO,19.30,22.20,https://conectatech-ec.github.io/productos/cubo013-cubo-cargador-25w-monster-rc252-1a1c/,Imagen y autenticidad pendientes
CUBO009,Cubo Cargador 33W XIA,por verificar,selección automática,,NO,8.00,9.20,https://conectatech-ec.github.io/productos/cubo009-cubo-cargador-33w-xia/,Imagen y autenticidad pendientes
CUBO008,Cubo Cargador 35W Usb-c + Usb-c Doble,por verificar,selección automática,,NO,19.00,21.85,https://conectatech-ec.github.io/productos/cubo008-cubo-cargador-35w-usb-c-usb-c-doble/,Imagen y autenticidad pendientes
CUBO010,Cubo Cargador 67W XIA,por verificar,selección automática,,NO,9.00,10.35,https://conectatech-ec.github.io/productos/cubo010-cubo-cargador-67w-xia/,Imagen y autenticidad pendientes
CUBO003,Cubo Cargador IIN ZII 45W IZ-C523,por verificar,selección automática,,NO,15.50,17.83,https://conectatech-ec.github.io/productos/cubo003-cubo-cargador-iin-zii-45w-iz-c523/,Imagen y autenticidad pendientes
CUBO016,Cubo Cargador IIN ZII C536,por verificar,selección automática,,NO,5.00,5.75,https://conectatech-ec.github.io/productos/cubo016-cubo-cargador-iin-zii-c536/,Imagen y autenticidad pendientes
CUBO005,Cubo Cargador IPH 15PM 35W 5G,por verificar,selección automática,,NO,14.00,16.10,https://conectatech-ec.github.io/productos/cubo005-cubo-cargador-iph-15pm-35w-5g/,Imagen y autenticidad pendientes
CUBO002,Cubo Cargador Marca Ventev,por verificar,selección automática,,NO,12.85,14.78,https://conectatech-ec.github.io/productos/cubo002-cubo-cargador-marca-ventev/,Imagen y autenticidad pendientes
CUBO015,Cubo Cargador Onemust 30W OM-A02,por verificar,selección automática,,NO,15.90,18.29,https://conectatech-ec.github.io/productos/cubo015-cubo-cargador-onemust-30w-om-a02/,Imagen y autenticidad pendientes
CUBO019,Cubo Cargador Samsung 25W,por verificar,selección automática,,NO,15.85,18.23,https://conectatech-ec.github.io/productos/cubo019-cubo-cargador-samsung-25w/,Imagen y autenticidad pendientes
CUBO023,Cubo DE Carga 20W Klipxtreme,por verificar,selección automática,,NO,9.90,11.39,https://conectatech-ec.github.io/productos/cubo023-cubo-de-carga-20w-klipxtreme/,Imagen y autenticidad pendientes
CUBO024,Cubo DE Carga IPH 17PM 35W Usb-c,por verificar,selección automática,,NO,16.35,18.80,https://conectatech-ec.github.io/productos/cubo024-cubo-de-carga-iph-17pm-35w-usb-c/,Imagen y autenticidad pendientes
CUBO025,Cubo Samsung 45W 23132,por verificar,selección automática,,NO,16.15,18.57,https://conectatech-ec.github.io/productos/cubo025-cubo-samsung-45w-23132/,Imagen y autenticidad pendientes
CUBO011,Cubo USB Power Adapter 5W Usb-a 18245,por verificar,selección automática,,NO,8.75,10.06,https://conectatech-ec.github.io/productos/cubo011-cubo-usb-power-adapter-5w-usb-a-18245/,Imagen y autenticidad pendientes
DEST001,Destornilladores Universales DE Precision,por verificar,selección automática,,NO,9.15,10.52,https://conectatech-ec.github.io/productos/dest001-destornilladores-universales-de-precision/,Imagen y autenticidad pendientes
JUGU167,Dinosaurio Coelccionable Varios Modelos,por verificar,selección automática,,NO,12.75,14.66,https://conectatech-ec.github.io/productos/jugu167-dinosaurio-coelccionable-varios-modelos/,Imagen y autenticidad pendientes
ESTAB007,Estabilizador C08,por verificar,selección automática,,NO,33.15,38.12,https://conectatech-ec.github.io/productos/estab007-estabilizador-c08/,Imagen y autenticidad pendientes
ESTAB005,Estabilizador CM8,por verificar,selección automática,,NO,73.20,84.18,https://conectatech-ec.github.io/productos/estab005-estabilizador-cm8/,Imagen y autenticidad pendientes
ESTAB002,Estabilizador M1,por verificar,selección automática,,NO,66.36,76.31,https://conectatech-ec.github.io/productos/estab002-estabilizador-m1/,Imagen y autenticidad pendientes
ESTAB006,Estabilizador Q18,por verificar,selección automática,,NO,52.30,60.15,https://conectatech-ec.github.io/productos/estab006-estabilizador-q18/,Imagen y autenticidad pendientes
ESTA002,Estacion DE Carga GAN PRO 6 Puertos Usb-c X3 + Usb-a X3,por verificar,selección automática,,NO,38.25,43.99,https://conectatech-ec.github.io/productos/esta002-estacion-de-carga-gan-pro-6-puertos-usb-c-x3-usb-a-x3/,Imagen y autenticidad pendientes
ESTU091,Estruche Para Iphone CON Magsafe Semitransparente Gear,por verificar,selección automática,,NO,15.00,17.25,https://conectatech-ec.github.io/productos/estu091-estruche-para-iphone-con-magsafe-semitransparente-gear/,Imagen y autenticidad pendientes
ESTU102,Estuche Agenda 360 7-9 Pulgadas,por verificar,selección automática,,NO,10.50,12.08,https://conectatech-ec.github.io/productos/estu102-estuche-agenda-360-7-9-pulgadas/,Imagen y autenticidad pendientes
ESTU009,Estuche IPH DE Cuero Leather CON Magsafe Para Iphone Varios Modelos,por verificar,selección automática,,NO,15.00,17.25,https://conectatech-ec.github.io/productos/estu009-estuche-iph-de-cuero-leather-con-magsafe-para-iphone-varios-modelos/,Imagen y autenticidad pendientes
ESTU057,Estuche Magsafe Para Iphone Ag-glass Premium CON Protector DE Camara,por verificar,selección automática,,NO,17.50,20.13,https://conectatech-ec.github.io/productos/estu057-estuche-magsafe-para-iphone-ag-glass-premium-con-protector-de-camara/,Imagen y autenticidad pendientes
ESTU060,Estuche Magsafe Para Iphone Borde Plateado Varios Diseos,por verificar,selección automática,,NO,14.85,17.08,https://conectatech-ec.github.io/productos/estu060-estuche-magsafe-para-iphone-borde-plateado-varios-diseos/,Imagen y autenticidad pendientes
ESTU065,Estuche Magsafe Para Iphone CON Soporte I-like,por verificar,selección automática,,NO,14.15,16.27,https://conectatech-ec.github.io/productos/estu065-estuche-magsafe-para-iphone-con-soporte-i-like/,Imagen y autenticidad pendientes
ESTU064,Estuche Magsafe Para Iphone GEAR4 Varios Colores,por verificar,selección automática,,NO,15.50,17.83,https://conectatech-ec.github.io/productos/estu064-estuche-magsafe-para-iphone-gear4-varios-colores/,Imagen y autenticidad pendientes
ESTU053,Estuche Magsafe Para Iphone Transparente CON Bordes DE Colores,por verificar,selección automática,,NO,11.99,13.79,https://conectatech-ec.github.io/productos/estu053-estuche-magsafe-para-iphone-transparente-con-bordes-de-colores/,Imagen y autenticidad pendientes
ESTU059,Estuche Magsafe Para Iphone Transparente Resistente CON Brillos Anew Dress,por verificar,selección automática,,NO,15.50,17.83,https://conectatech-ec.github.io/productos/estu059-estuche-magsafe-para-iphone-transparente-resistente-con-brillos-anew-dress/,Imagen y autenticidad pendientes
ESTU062,Estuche Magsafe Para Iphone Transparente Rigido CON Bordes DE Colores,por verificar,selección automática,,NO,15.00,17.25,https://conectatech-ec.github.io/productos/estu062-estuche-magsafe-para-iphone-transparente-rigido-con-bordes-de-colores/,Imagen y autenticidad pendientes
ESTU054,Estuche Magsafe Para Iphone Transparete Semi-rigido,por verificar,selección automática,,NO,15.00,17.25,https://conectatech-ec.github.io/productos/estu054-estuche-magsafe-para-iphone-transparete-semi-rigido/,Imagen y autenticidad pendientes
ESTU055,Estuche Magsafe Transaparente Para Iphone Tipo Silicon,por verificar,selección automática,,NO,11.99,13.79,https://conectatech-ec.github.io/productos/estu055-estuche-magsafe-transaparente-para-iphone-tipo-silicon/,Imagen y autenticidad pendientes
ESTU073,Estuche Para Iphone 360 Completo Ultra-resistente,por verificar,selección automática,,NO,22.00,25.30,https://conectatech-ec.github.io/productos/estu073-estuche-para-iphone-360-completo-ultra-resistente/,Imagen y autenticidad pendientes
ESTU092,Estuche Para Iphone Acuerado HDD,por verificar,selección automática,,NO,12.90,14.84,https://conectatech-ec.github.io/productos/estu092-estuche-para-iphone-acuerado-hdd/,Imagen y autenticidad pendientes
ESTU022,Estuche Para Iphone Acuerdado CON Soporte Ring 360,por verificar,selección automática,,NO,19.50,22.43,https://conectatech-ec.github.io/productos/estu022-estuche-para-iphone-acuerdado-con-soporte-ring-360/,Imagen y autenticidad pendientes
ESTU076,Estuche Para Iphone Acuerdado CON Wallet,por verificar,selección automática,,NO,19.85,22.83,https://conectatech-ec.github.io/productos/estu076-estuche-para-iphone-acuerdado-con-wallet/,Imagen y autenticidad pendientes
ESTU087,Estuche Para Iphone Acuerdado CON Wallet,por verificar,selección automática,,NO,15.90,18.29,https://conectatech-ec.github.io/productos/estu087-estuche-para-iphone-acuerdado-con-wallet/,Imagen y autenticidad pendientes
ESTU078,Estuche Para Iphone CON Brillos Presidio,por verificar,selección automática,,NO,16.35,18.80,https://conectatech-ec.github.io/productos/estu078-estuche-para-iphone-con-brillos-presidio/,Imagen y autenticidad pendientes
ESTU100,Estuche Para Iphone CON Magsafe Case Completo Rigido Elegant,por verificar,selección automática,,NO,19.25,22.14,https://conectatech-ec.github.io/productos/estu100-estuche-para-iphone-con-magsafe-case-completo-rigido-elegant/,Imagen y autenticidad pendientes
ESTU084,Estuche Para Iphone CON Magsafe Mate Varios Colores,por verificar,selección automática,,NO,11.99,13.79,https://conectatech-ec.github.io/productos/estu084-estuche-para-iphone-con-magsafe-mate-varios-colores/,Imagen y autenticidad pendientes
ESTU086,Estuche Para Iphone CON Magsafe Moderno Naranja,por verificar,selección automática,,NO,18.50,21.28,https://conectatech-ec.github.io/productos/estu086-estuche-para-iphone-con-magsafe-moderno-naranja/,Imagen y autenticidad pendientes
ESTU085,Estuche Para Iphone CON Magsafe Resistente Premium Tornasol,por verificar,selección automática,,NO,17.85,20.53,https://conectatech-ec.github.io/productos/estu085-estuche-para-iphone-con-magsafe-resistente-premium-tornasol/,Imagen y autenticidad pendientes
ESTU096,Estuche Para Iphone CON Magsafe Transparente Belkin,por verificar,selección automática,,NO,14.55,16.73,https://conectatech-ec.github.io/productos/estu096-estuche-para-iphone-con-magsafe-transparente-belkin/,Imagen y autenticidad pendientes
ESTU094,Estuche Para Iphone CON Magsafe Y Brillos NEW Case,por verificar,selección automática,,NO,12.25,14.09,https://conectatech-ec.github.io/productos/estu094-estuche-para-iphone-con-magsafe-y-brillos-new-case/,Imagen y autenticidad pendientes
ESTU088,Estuche Para Iphone CON Magsafe Y Soporte,por verificar,selección automática,,NO,13.25,15.24,https://conectatech-ec.github.io/productos/estu088-estuche-para-iphone-con-magsafe-y-soporte/,Imagen y autenticidad pendientes
ESTU063,Estuche Para Iphone CON Soporte Ring 360,por verificar,selección automática,,NO,14.35,16.50,https://conectatech-ec.github.io/productos/estu063-estuche-para-iphone-con-soporte-ring-360/,Imagen y autenticidad pendientes
ESTU066,Estuche Para Iphone D Elegant CON Soporte Ring 360,por verificar,selección automática,,NO,19.75,22.71,https://conectatech-ec.github.io/productos/estu066-estuche-para-iphone-d-elegant-con-soporte-ring-360/,Imagen y autenticidad pendientes
ESTU098,Estuche Para Iphone Elegant CON Protector DE Camara,por verificar,selección automática,,NO,15.25,17.54,https://conectatech-ec.github.io/productos/estu098-estuche-para-iphone-elegant-con-protector-de-camara/,Imagen y autenticidad pendientes
ESTU082,Estuche Para Iphone Escarhados Dingend,por verificar,selección automática,,NO,16.91,19.45,https://conectatech-ec.github.io/productos/estu082-estuche-para-iphone-escarhados-dingend/,Imagen y autenticidad pendientes
ESTU079,Estuche Para Iphone Fiesta Series Core,por verificar,selección automática,,NO,7.85,9.03,https://conectatech-ec.github.io/productos/estu079-estuche-para-iphone-fiesta-series-core/,Imagen y autenticidad pendientes
ESTU075,Estuche Para Iphone Ipefet,por verificar,selección automática,,NO,15.00,17.25,https://conectatech-ec.github.io/productos/estu075-estuche-para-iphone-ipefet/,Imagen y autenticidad pendientes
ESTU099,Estuche Para Iphone Magnetico Delgado,por verificar,selección automática,,NO,12.80,14.72,https://conectatech-ec.github.io/productos/estu099-estuche-para-iphone-magnetico-delgado/,Imagen y autenticidad pendientes
ESTU090,Estuche Para Iphone Magsafe CON Soporte,por verificar,selección automática,,NO,11.16,12.83,https://conectatech-ec.github.io/productos/estu090-estuche-para-iphone-magsafe-con-soporte/,Imagen y autenticidad pendientes
ESTU093,Estuche Para Iphone Magsafe Spigen PRO Case,por verificar,selección automática,,NO,14.90,17.14,https://conectatech-ec.github.io/productos/estu093-estuche-para-iphone-magsafe-spigen-pro-case/,Imagen y autenticidad pendientes
ESTU074,Estuche Para Iphone Moderno,por verificar,selección automática,,NO,12.50,14.38,https://conectatech-ec.github.io/productos/estu074-estuche-para-iphone-moderno/,Imagen y autenticidad pendientes
ESTU089,Estuche Para Iphone Moderno Adidas,por verificar,selección automática,,NO,15.00,17.25,https://conectatech-ec.github.io/productos/estu089-estuche-para-iphone-moderno-adidas/,Imagen y autenticidad pendientes
ESTU058,Estuche Para Iphone Protective Case Classic Desing,por verificar,selección automática,,NO,13.50,15.53,https://conectatech-ec.github.io/productos/estu058-estuche-para-iphone-protective-case-classic-desing/,Imagen y autenticidad pendientes
ESTU071,Estuche Para Iphone Semitransparente CON Ring 360 Varios Colores,por verificar,selección automática,,NO,13.50,15.53,https://conectatech-ec.github.io/productos/estu071-estuche-para-iphone-semitransparente-con-ring-360-varios-colores/,Imagen y autenticidad pendientes
ESTU068,Estuche Para Iphone Spigen CON Soporte,por verificar,selección automática,,NO,12.90,14.84,https://conectatech-ec.github.io/productos/estu068-estuche-para-iphone-spigen-con-soporte/,Imagen y autenticidad pendientes
ESTU070,Estuche Para Iphone Spigen Premum Varios Modelos - Diseos,por verificar,selección automática,,NO,15.95,18.34,https://conectatech-ec.github.io/productos/estu070-estuche-para-iphone-spigen-premum-varios-modelos-diseos/,Imagen y autenticidad pendientes
ESTU081,Estuche Para Iphone Transparente Resistente CON Protectores DE Camara,por verificar,selección automática,,NO,14.90,17.14,https://conectatech-ec.github.io/productos/estu081-estuche-para-iphone-transparente-resistente-con-protectores-de-camara/,Imagen y autenticidad pendientes
ESTU072,Estuche Para Iphone Transparente Resitente CON Magsafe Y Protector DE Camara,por verificar,selección automática,,NO,15.00,17.25,https://conectatech-ec.github.io/productos/estu072-estuche-para-iphone-transparente-resitente-con-magsafe-y-protector-de-camara/,Imagen y autenticidad pendientes
ESTU097,Estuche Para Iphone Ultra Resistente Lifeproof Varios Colores,por verificar,selección automática,,NO,19.85,22.83,https://conectatech-ec.github.io/productos/estu097-estuche-para-iphone-ultra-resistente-lifeproof-varios-colores/,Imagen y autenticidad pendientes
ESTU095,Estuche Para Iphone Varios Disenos,por verificar,selección automática,,NO,12.95,14.89,https://conectatech-ec.github.io/productos/estu095-estuche-para-iphone-varios-disenos/,Imagen y autenticidad pendientes
ESTU083,Estuche Para Iphone Verde CON Ring 360,por verificar,selección automática,,NO,12.16,13.98,https://conectatech-ec.github.io/productos/estu083-estuche-para-iphone-verde-con-ring-360/,Imagen y autenticidad pendientes
ESTU080,Estuche Para Iphone Y Samsung CON Rayas Intercaladas,por verificar,selección automática,,NO,17.91,20.60,https://conectatech-ec.github.io/productos/estu080-estuche-para-iphone-y-samsung-con-rayas-intercaladas/,Imagen y autenticidad pendientes
ESTU061,Estuche Para Magsafe Para Iphone Premium Desing,por verificar,selección automática,,NO,20.00,23.00,https://conectatech-ec.github.io/productos/estu061-estuche-para-magsafe-para-iphone-premium-desing/,Imagen y autenticidad pendientes
ESTU067,Estuche Resistente Para Iphone Reforzado Drop Plus,por verificar,selección automática,,NO,18.00,20.70,https://conectatech-ec.github.io/productos/estu067-estuche-resistente-para-iphone-reforzado-drop-plus/,Imagen y autenticidad pendientes
ESTU030,Estuche Tipo Agenda Marca Melking 8 Pulgadas,por verificar,selección automática,,NO,11.99,13.79,https://conectatech-ec.github.io/productos/estu030-estuche-tipo-agenda-marca-melking-8-pulgadas/,Imagen y autenticidad pendientes
ESTU052,Estuche Transparente Esencial Para Iphone,por verificar,selección automática,,NO,5.85,6.73,https://conectatech-ec.github.io/productos/estu052-estuche-transparente-esencial-para-iphone/,Imagen y autenticidad pendientes
ESTU051,Estuche Transparente Premium Para Iphone,por verificar,selección automática,,NO,12.50,14.38,https://conectatech-ec.github.io/productos/estu051-estuche-transparente-premium-para-iphone/,Imagen y autenticidad pendientes
ESTU040,Estuche Universal DE Cinturon Universales Varios Tamaos,por verificar,selección automática,,NO,10.01,11.51,https://conectatech-ec.github.io/productos/estu040-estuche-universal-de-cinturon-universales-varios-tamaos/,Imagen y autenticidad pendientes
ESTU021,Estuche Universal Tipo Agenda 8 Pulgadas,por verificar,selección automática,,NO,9.99,11.49,https://conectatech-ec.github.io/productos/estu021-estuche-universal-tipo-agenda-8-pulgadas/,Imagen y autenticidad pendientes
ESTU026,Estuche Universal Tipo Agenda 8 Pulgadas DE Corazones,por verificar,selección automática,,NO,14.00,16.10,https://conectatech-ec.github.io/productos/estu026-estuche-universal-tipo-agenda-8-pulgadas-de-corazones/,Imagen y autenticidad pendientes
ESTU020,Estuche Universal Tipo Agenda 9 Pulgadas,por verificar,selección automática,,NO,9.99,11.49,https://conectatech-ec.github.io/productos/estu020-estuche-universal-tipo-agenda-9-pulgadas/,Imagen y autenticidad pendientes
ESTU029,Estuche Universal Tipo Agenda Animado 7-8 Pulgadas,por verificar,selección automática,,NO,9.99,11.49,https://conectatech-ec.github.io/productos/estu029-estuche-universal-tipo-agenda-animado-7-8-pulgadas/,Imagen y autenticidad pendientes
ESTU035,Estuche Universal Tipo Agenda CON Teclado Notrackpad,por verificar,selección automática,,NO,25.00,28.75,https://conectatech-ec.github.io/productos/estu035-estuche-universal-tipo-agenda-con-teclado-notrackpad/,Imagen y autenticidad pendientes
ESTU036,Estuche Universal Tipo Agenda CON Teclado Trackpad,por verificar,selección automática,,NO,32.00,36.80,https://conectatech-ec.github.io/productos/estu036-estuche-universal-tipo-agenda-con-teclado-trackpad/,Imagen y autenticidad pendientes
ESTU037,Estuche Universales DE Goma 9-10-11-12 Pulgadas,por verificar,selección automática,,NO,11.25,12.94,https://conectatech-ec.github.io/productos/estu037-estuche-universales-de-goma-9-10-11-12-pulgadas/,Imagen y autenticidad pendientes
EXTE003,Extensor DE Wifi 1200MBPS 6 Antenas,por verificar,selección automática,,NO,21.15,24.32,https://conectatech-ec.github.io/productos/exte003-extensor-de-wifi-1200mbps-6-antenas/,Imagen y autenticidad pendientes
EXTE002,Extensor DE Wifi 2.4GHZ Pix-link Modelo WR41Q,por verificar,selección automática,,NO,19.30,22.20,https://conectatech-ec.github.io/productos/exte002-extensor-de-wifi-2-4ghz-pix-link-modelo-wr41q/,Imagen y autenticidad pendientes
FOCO001,Foco Recargable CON Boquilla 20W Duralight,por verificar,selección automática,,NO,16.00,18.40,https://conectatech-ec.github.io/productos/foco001-foco-recargable-con-boquilla-20w-duralight/,Imagen y autenticidad pendientes
FOCO002,Foco Recargable DE Mano CON Panel Solar Astro,por verificar,selección automática,,NO,22.00,25.30,https://conectatech-ec.github.io/productos/foco002-foco-recargable-de-mano-con-panel-solar-astro/,Imagen y autenticidad pendientes
FREI001,Freidora DE Aire ENV 3 Litros 1000W Envase DE Vidrio,por verificar,selección automática,,NO,59.35,68.25,https://conectatech-ec.github.io/productos/frei001-freidora-de-aire-env-3-litros-1000w-envase-de-vidrio/,Imagen y autenticidad pendientes
FUND002,Funda Cobertor DE Laptop 14.5,por verificar,selección automática,,NO,6.00,6.90,https://conectatech-ec.github.io/productos/fund002-funda-cobertor-de-laptop-14-5/,Imagen y autenticidad pendientes
FUND005,Funda Cobertora DE Laptop 10-12 Pulgadas,por verificar,selección automática,,NO,5.50,6.33,https://conectatech-ec.github.io/productos/fund005-funda-cobertora-de-laptop-10-12-pulgadas/,Imagen y autenticidad pendientes
GADG004,Gadget Odometro Para Bicicleta Sunding,por verificar,selección automática,,NO,19.85,22.83,https://conectatech-ec.github.io/productos/gadg004-gadget-odometro-para-bicicleta-sunding/,Imagen y autenticidad pendientes
GADG008,Gadget Pantalla Magnetica Para Produccion Y Selfie,por verificar,selección automática,,NO,45.20,51.98,https://conectatech-ec.github.io/productos/gadg008-gadget-pantalla-magnetica-para-produccion-y-selfie/,Imagen y autenticidad pendientes
GADG001,Gadget Taza Game Over Blanca,por verificar,selección automática,,NO,11.99,13.79,https://conectatech-ec.github.io/productos/gadg001-gadget-taza-game-over-blanca/,Imagen y autenticidad pendientes
GANC001,Gancho DE Mano Deportivo Para Ejercitar,por verificar,selección automática,,NO,6.00,6.90,https://conectatech-ec.github.io/productos/ganc001-gancho-de-mano-deportivo-para-ejercitar/,Imagen y autenticidad pendientes
GRAM004,Gramera Mediana Tipo Plato,por verificar,selección automática,,NO,13.50,15.53,https://conectatech-ec.github.io/productos/gram004-gramera-mediana-tipo-plato/,Imagen y autenticidad pendientes
GRAM002,Gramera Para Comida CON Envase,por verificar,selección automática,,NO,20.00,23.00,https://conectatech-ec.github.io/productos/gram002-gramera-para-comida-con-envase/,Imagen y autenticidad pendientes
GRAM003,Gramera Tipo Gancho,por verificar,selección automática,,NO,12.31,14.16,https://conectatech-ec.github.io/productos/gram003-gramera-tipo-gancho/,Imagen y autenticidad pendientes
HUB005,HUB 3.0 8 IN 2 Usb-c + Usb-a Adapter,por verificar,selección automática,,NO,17.91,20.60,https://conectatech-ec.github.io/productos/hub005-hub-3-0-8-in-2-usb-c-usb-a-adapter/,Imagen y autenticidad pendientes
HUB017,HUB 3.0 Usb-a A LAN Ethernet RJ45,por verificar,selección automática,,NO,11.90,13.69,https://conectatech-ec.github.io/productos/hub017-hub-3-0-usb-a-a-lan-ethernet-rj45/,Imagen y autenticidad pendientes
HUB001,HUB 3.0 Usb-a A Usb-a X4 Puertos,por verificar,selección automática,,NO,8.50,9.78,https://conectatech-ec.github.io/productos/hub001-hub-3-0-usb-a-a-usb-a-x4-puertos/,Imagen y autenticidad pendientes
HUB011,HUB USB 11 EN 1 Fast,por verificar,selección automática,,NO,28.00,32.20,https://conectatech-ec.github.io/productos/hub011-hub-usb-11-en-1-fast/,Imagen y autenticidad pendientes
HUB008,HUB USB 3.0 7 Puertos Orvesion,por verificar,selección automática,,NO,11.25,12.94,https://conectatech-ec.github.io/productos/hub008-hub-usb-3-0-7-puertos-orvesion/,Imagen y autenticidad pendientes
HUB020,HUB USB 6 Ports Fast PD + Ethernet RJ45,por verificar,selección automática,,NO,29.00,33.35,https://conectatech-ec.github.io/productos/hub020-hub-usb-6-ports-fast-pd-ethernet-rj45/,Imagen y autenticidad pendientes
HUB030,HUB USB Belkin 4K 5 Puertos 100W,por verificar,selección automática,,NO,39.15,45.02,https://conectatech-ec.github.io/productos/hub030-hub-usb-belkin-4k-5-puertos-100w/,Imagen y autenticidad pendientes
HUB015,HUB USB HP 2.0 Usb-a X4,por verificar,selección automática,,NO,14.90,17.14,https://conectatech-ec.github.io/productos/hub015-hub-usb-hp-2-0-usb-a-x4/,Imagen y autenticidad pendientes
HUB014,HUB USB Targus 2.0 Usb-a X4,por verificar,selección automática,,NO,16.35,18.80,https://conectatech-ec.github.io/productos/hub014-hub-usb-targus-2-0-usb-a-x4/,Imagen y autenticidad pendientes
HUB025,HUB Usb-a A RED Ethernet RJ45,por verificar,selección automática,,NO,9.86,11.34,https://conectatech-ec.github.io/productos/hub025-hub-usb-a-a-red-ethernet-rj45/,Imagen y autenticidad pendientes
HUB022,HUB Usb-a A Usb-a X4 A-809,por verificar,selección automática,,NO,7.90,9.09,https://conectatech-ec.github.io/productos/hub022-hub-usb-a-a-usb-a-x4-a-809/,Imagen y autenticidad pendientes
HUB029,HUB Usb-a A Usb-a X4 Orvesion,por verificar,selección automática,,NO,9.15,10.52,https://conectatech-ec.github.io/productos/hub029-hub-usb-a-a-usb-a-x4-orvesion/,Imagen y autenticidad pendientes
HUB027,HUB Usb-a A Usb-a X7 Puertos,por verificar,selección automática,,NO,14.85,17.08,https://conectatech-ec.github.io/productos/hub027-hub-usb-a-a-usb-a-x7-puertos/,Imagen y autenticidad pendientes
HUB010,HUB Usb-c 3 EN 1 Salida C / USB,por verificar,selección automática,,NO,18.00,20.70,https://conectatech-ec.github.io/productos/hub010-hub-usb-c-3-en-1-salida-c-usb/,Imagen y autenticidad pendientes
HUB004,HUB Usb-c 4 Puertos RCA HB01,por verificar,selección automática,,NO,8.50,9.78,https://conectatech-ec.github.io/productos/hub004-hub-usb-c-4-puertos-rca-hb01/,Imagen y autenticidad pendientes
HUB012,HUB Usb-c A Hdmi + VGA Orvesion,por verificar,selección automática,,NO,23.49,27.01,https://conectatech-ec.github.io/productos/hub012-hub-usb-c-a-hdmi-vga-orvesion/,Imagen y autenticidad pendientes
HUB006,HUB Usb-c A Usb-a X3 + Ethernet Orvesion,por verificar,selección automática,,NO,13.25,15.24,https://conectatech-ec.github.io/productos/hub006-hub-usb-c-a-usb-a-x3-ethernet-orvesion/,Imagen y autenticidad pendientes
HUB016,HUB Usb-c A Usb-a X3 + USB C S/R,por verificar,selección automática,,NO,11.99,13.79,https://conectatech-ec.github.io/productos/hub016-hub-usb-c-a-usb-a-x3-usb-c-s-r/,Imagen y autenticidad pendientes
HUB021,HUB Usb-c A Usb-a X4 C-809,por verificar,selección automática,,NO,8.50,9.78,https://conectatech-ec.github.io/productos/hub021-hub-usb-c-a-usb-a-x4-c-809/,Imagen y autenticidad pendientes
HUB028,HUB Usb-c A Usb-a X4 Orvesion,por verificar,selección automática,,NO,10.01,11.51,https://conectatech-ec.github.io/productos/hub028-hub-usb-c-a-usb-a-x4-orvesion/,Imagen y autenticidad pendientes
HUB009,HUB Usb-c A Usb-a X4 Puertos Yourz MU7,por verificar,selección automática,,NO,9.50,10.93,https://conectatech-ec.github.io/productos/hub009-hub-usb-c-a-usb-a-x4-puertos-yourz-mu7/,Imagen y autenticidad pendientes
HUB007,HUB Usb-c A Usb-c Hembra + Usb-a Orvesion,por verificar,selección automática,,NO,16.76,19.27,https://conectatech-ec.github.io/productos/hub007-hub-usb-c-a-usb-c-hembra-usb-a-orvesion/,Imagen y autenticidad pendientes
HUB026,HUB Usb-c Ugreen 4K 60HZ 6 EN 1,por verificar,selección automática,,NO,49.15,56.52,https://conectatech-ec.github.io/productos/hub026-hub-usb-c-ugreen-4k-60hz-6-en-1/,Imagen y autenticidad pendientes
HUB024,HUB Usb-c Ugreen CON Ethernet RJ45 1000MBPS,por verificar,selección automática,,NO,33.01,37.96,https://conectatech-ec.github.io/productos/hub024-hub-usb-c-ugreen-con-ethernet-rj45-1000mbps/,Imagen y autenticidad pendientes
INVE002,Inversor DE Voltaje Para Vehiculo DC 12 A 110V + Usb-a,por verificar,selección automática,,NO,22.90,26.34,https://conectatech-ec.github.io/productos/inve002-inversor-de-voltaje-para-vehiculo-dc-12-a-110v-usb-a/,Imagen y autenticidad pendientes
JUGU109,Juguete .carrito Pichirilo Coleccionable EN Caja,por verificar,selección automática,,NO,9.00,10.35,https://conectatech-ec.github.io/productos/jugu109-juguete-carrito-pichirilo-coleccionable-en-caja/,Imagen y autenticidad pendientes
JUGU115,Juguete Armable Carros F1,por verificar,selección automática,,NO,12.85,14.78,https://conectatech-ec.github.io/productos/jugu115-juguete-armable-carros-f1/,Imagen y autenticidad pendientes
JUGU157,Juguete Armable Castillo DE Princesa 848 PCS,por verificar,selección automática,,NO,29.15,33.52,https://conectatech-ec.github.io/productos/jugu157-juguete-armable-castillo-de-princesa-848-pcs/,Imagen y autenticidad pendientes
JUGU101,Juguete Armable DE Auto 244 Piezas NO.33001,por verificar,selección automática,,NO,13.10,15.07,https://conectatech-ec.github.io/productos/jugu101-juguete-armable-de-auto-244-piezas-no-33001/,Imagen y autenticidad pendientes
JUGU050,Juguete Armable DE Personajes Variados - Varios Modelos,por verificar,selección automática,,NO,11.99,13.79,https://conectatech-ec.github.io/productos/jugu050-juguete-armable-de-personajes-variados-varios-modelos/,Imagen y autenticidad pendientes
JUGU148,Juguete Armable Florero 109 Piezas,por verificar,selección automática,,NO,19.25,22.14,https://conectatech-ec.github.io/productos/jugu148-juguete-armable-florero-109-piezas/,Imagen y autenticidad pendientes
JUGU149,Juguete Armable Florero Pequeo 309 Piezas,por verificar,selección automática,,NO,14.50,16.68,https://conectatech-ec.github.io/productos/jugu149-juguete-armable-florero-pequeo-309-piezas/,Imagen y autenticidad pendientes
JUGU105,Juguete Armable Moto BMW 255 Piezas,por verificar,selección automática,,NO,17.91,20.60,https://conectatech-ec.github.io/productos/jugu105-juguete-armable-moto-bmw-255-piezas/,Imagen y autenticidad pendientes
JUGU159,Juguete Armable Pastel Cake 344 Piezas,por verificar,selección automática,,NO,21.36,24.56,https://conectatech-ec.github.io/productos/jugu159-juguete-armable-pastel-cake-344-piezas/,Imagen y autenticidad pendientes
JUGU114,Juguete Armable Racecar Mingdi,por verificar,selección automática,,NO,11.25,12.94,https://conectatech-ec.github.io/productos/jugu114-juguete-armable-racecar-mingdi/,Imagen y autenticidad pendientes
JUGU153,Juguete Armable Street View Coctelera DE Jugos,por verificar,selección automática,,NO,19.00,21.85,https://conectatech-ec.github.io/productos/jugu153-juguete-armable-street-view-coctelera-de-jugos/,Imagen y autenticidad pendientes
JUGU090,Juguete Armable Transformer Avion Y Mueco 689 Piezas,por verificar,selección automática,,NO,39.00,44.85,https://conectatech-ec.github.io/productos/jugu090-juguete-armable-transformer-avion-y-mueco-689-piezas/,Imagen y autenticidad pendientes
JUGU038,Juguete Auto Armable Ferrari Rojo,por verificar,selección automática,,NO,49.00,56.35,https://conectatech-ec.github.io/productos/jugu038-juguete-auto-armable-ferrari-rojo/,Imagen y autenticidad pendientes
JUGU103,Juguete BUS Escolar Pequeo,por verificar,selección automática,,NO,8.35,9.60,https://conectatech-ec.github.io/productos/jugu103-juguete-bus-escolar-pequeo/,Imagen y autenticidad pendientes
JUGU112,Juguete Bicicleta Armable,por verificar,selección automática,,NO,15.76,18.12,https://conectatech-ec.github.io/productos/jugu112-juguete-bicicleta-armable/,Imagen y autenticidad pendientes
JUGU002,Juguete Bicicleta Hyper Realista Coleccionable,por verificar,selección automática,,NO,11.99,13.79,https://conectatech-ec.github.io/productos/jugu002-juguete-bicicleta-hyper-realista-coleccionable/,Imagen y autenticidad pendientes
JUGU108,Juguete Bicicleta Montanera Coleccionable,por verificar,selección automática,,NO,13.90,15.99,https://conectatech-ec.github.io/productos/jugu108-juguete-bicicleta-montanera-coleccionable/,Imagen y autenticidad pendientes
JUGU127,Juguete Camara Instantanea Para Nios(as),por verificar,selección automática,,NO,49.15,56.52,https://conectatech-ec.github.io/productos/jugu127-juguete-camara-instantanea-para-nios-as/,Imagen y autenticidad pendientes
JUGU133,Juguete Caminoneta Coleccionable Jeep Grande,por verificar,selección automática,,NO,28.30,32.55,https://conectatech-ec.github.io/productos/jugu133-juguete-caminoneta-coleccionable-jeep-grande/,Imagen y autenticidad pendientes
JUGU040,Juguete Camioneta Combi Coleccionable Grande,por verificar,selección automática,,NO,21.51,24.74,https://conectatech-ec.github.io/productos/jugu040-juguete-camioneta-combi-coleccionable-grande/,Imagen y autenticidad pendientes
JUGU042,Juguete Camioneta Combi Coleccionable Mediana,por verificar,selección automática,,NO,11.35,13.05,https://conectatech-ec.github.io/productos/jugu042-juguete-camioneta-combi-coleccionable-mediana/,Imagen y autenticidad pendientes
JUGU041,Juguete Camioneta Combi Coleccionable Semi Mediana,por verificar,selección automática,,NO,11.99,13.79,https://conectatech-ec.github.io/productos/jugu041-juguete-camioneta-combi-coleccionable-semi-mediana/,Imagen y autenticidad pendientes
JUGU089,Juguete Camioneta Tesla,por verificar,selección automática,,NO,19.00,21.85,https://conectatech-ec.github.io/productos/jugu089-juguete-camioneta-tesla/,Imagen y autenticidad pendientes
JUGU075,Juguete Camioneta Truck Pickup,por verificar,selección automática,,NO,8.00,9.20,https://conectatech-ec.github.io/productos/jugu075-juguete-camioneta-truck-pickup/,Imagen y autenticidad pendientes
JUGU104,Juguete Camioneta Vans Greddy,por verificar,selección automática,,NO,25.00,28.75,https://conectatech-ec.github.io/productos/jugu104-juguete-camioneta-vans-greddy/,Imagen y autenticidad pendientes
JUGU110,Juguete Carrito Coleccionable Swat Policia Pequeo,por verificar,selección automática,,NO,7.85,9.03,https://conectatech-ec.github.io/productos/jugu110-juguete-carrito-coleccionable-swat-policia-pequeo/,Imagen y autenticidad pendientes
JUGU102,Juguete Carrito DE Personaje Dinosuario Retractil,por verificar,selección automática,,NO,9.00,10.35,https://conectatech-ec.github.io/productos/jugu102-juguete-carrito-de-personaje-dinosuario-retractil/,Imagen y autenticidad pendientes
JUGU074,Juguete Carrito Rayo Mcqueen Mediano,por verificar,selección automática,,NO,6.50,7.48,https://conectatech-ec.github.io/productos/jugu074-juguete-carrito-rayo-mcqueen-mediano/,Imagen y autenticidad pendientes
JUGU085,Juguete Carrito Rayo Mcqueen Pequeo,por verificar,selección automática,,NO,3.80,4.37,https://conectatech-ec.github.io/productos/jugu085-juguete-carrito-rayo-mcqueen-pequeo/,Imagen y autenticidad pendientes
JUGU146,Juguete Carro A Control Remoto Verde Xuda RC CAR,por verificar,selección automática,,NO,29.15,33.52,https://conectatech-ec.github.io/productos/jugu146-juguete-carro-a-control-remoto-verde-xuda-rc-car/,Imagen y autenticidad pendientes
JUGU076,Juguete Carro Antiguo Lada,por verificar,selección automática,,NO,6.50,7.48,https://conectatech-ec.github.io/productos/jugu076-juguete-carro-antiguo-lada/,Imagen y autenticidad pendientes
JUGU059,Juguete Carro Coleccionable CON Trailer Y Gasolinera,por verificar,selección automática,,NO,34.99,40.24,https://conectatech-ec.github.io/productos/jugu059-juguete-carro-coleccionable-con-trailer-y-gasolinera/,Imagen y autenticidad pendientes
JUGU088,Juguete Carro Coleccionable Camaro,por verificar,selección automática,,NO,26.00,29.90,https://conectatech-ec.github.io/productos/jugu088-juguete-carro-coleccionable-camaro/,Imagen y autenticidad pendientes
JUGU134,Juguete Carro Coleccionable Camaro Tornasol,por verificar,selección automática,,NO,29.15,33.52,https://conectatech-ec.github.io/productos/jugu134-juguete-carro-coleccionable-camaro-tornasol/,Imagen y autenticidad pendientes
JUGU093,Juguete Carro Coleccionable Camioneta F150 Pequea,por verificar,selección automática,,NO,9.50,10.93,https://conectatech-ec.github.io/productos/jugu093-juguete-carro-coleccionable-camioneta-f150-pequea/,Imagen y autenticidad pendientes
JUGU095,Juguete Carro Coleccionable Camioneta Toyota FJ,por verificar,selección automática,,NO,10.84,12.47,https://conectatech-ec.github.io/productos/jugu095-juguete-carro-coleccionable-camioneta-toyota-fj/,Imagen y autenticidad pendientes
JUGU116,Juguete Carro Coleccionable DE Metal Lamborghini Mediano Purpura,por verificar,selección automática,,NO,15.85,18.23,https://conectatech-ec.github.io/productos/jugu116-juguete-carro-coleccionable-de-metal-lamborghini-mediano-purpura/,Imagen y autenticidad pendientes
JUGU094,Juguete Carro Coleccionable Deportivo Amarillo,por verificar,selección automática,,NO,9.50,10.93,https://conectatech-ec.github.io/productos/jugu094-juguete-carro-coleccionable-deportivo-amarillo/,Imagen y autenticidad pendientes
JUGU091,Juguete Carro Coleccionable Deportivo Semi Mediano Varios Modelos,por verificar,selección automática,,NO,7.25,8.34,https://conectatech-ec.github.io/productos/jugu091-juguete-carro-coleccionable-deportivo-semi-mediano-varios-modelos/,Imagen y autenticidad pendientes
JUGU081,Juguete Carro Coleccionable Mercedes Benz,por verificar,selección automática,,NO,26.00,29.90,https://conectatech-ec.github.io/productos/jugu081-juguete-carro-coleccionable-mercedes-benz/,Imagen y autenticidad pendientes
JUGU096,Juguete Carro Coleccionable Mercedes Benz Deportivo CON Stickers,por verificar,selección automática,,NO,29.00,33.35,https://conectatech-ec.github.io/productos/jugu096-juguete-carro-coleccionable-mercedes-benz-deportivo-con-stickers/,Imagen y autenticidad pendientes
JUGU072,Juguete Carro Coleccionable Mercedes Benz Pequeo,por verificar,selección automática,,NO,6.35,7.30,https://conectatech-ec.github.io/productos/jugu072-juguete-carro-coleccionable-mercedes-benz-pequeo/,Imagen y autenticidad pendientes
JUGU045,Juguete Carro Coleccionable Porsche,por verificar,selección automática,,NO,26.00,29.90,https://conectatech-ec.github.io/productos/jugu045-juguete-carro-coleccionable-porsche/,Imagen y autenticidad pendientes
JUGU049,Juguete Carro Coleccionable Rapido Y Furioso Blanco,por verificar,selección automática,,NO,20.00,23.00,https://conectatech-ec.github.io/productos/jugu049-juguete-carro-coleccionable-rapido-y-furioso-blanco/,Imagen y autenticidad pendientes
JUGU077,Juguete Carro Coleccionable Shelby Rayas,por verificar,selección automática,,NO,28.00,32.20,https://conectatech-ec.github.io/productos/jugu077-juguete-carro-coleccionable-shelby-rayas/,Imagen y autenticidad pendientes
JUGU135,Juguete Carro Coleccionale Skyline Racing,por verificar,selección automática,,NO,32.00,36.80,https://conectatech-ec.github.io/productos/jugu135-juguete-carro-coleccionale-skyline-racing/,Imagen y autenticidad pendientes
JUGU082,Juguete Carro DE Coleccion Mercedes AM30,por verificar,selección automática,,NO,11.99,13.79,https://conectatech-ec.github.io/productos/jugu082-juguete-carro-de-coleccion-mercedes-am30/,Imagen y autenticidad pendientes
JUGU084,Juguete Carro DE Coleccion Mercedes Benz Deportivo,por verificar,selección automática,,NO,28.00,32.20,https://conectatech-ec.github.io/productos/jugu084-juguete-carro-de-coleccion-mercedes-benz-deportivo/,Imagen y autenticidad pendientes
JUGU036,Juguete Carro DE Coleccion Pichirilo Grande,por verificar,selección automática,,NO,26.00,29.90,https://conectatech-ec.github.io/productos/jugu036-juguete-carro-de-coleccion-pichirilo-grande/,Imagen y autenticidad pendientes
JUGU037,Juguete Carro DE Coleccion Tamao Mercedes Benz Antiguo Grande,por verificar,selección automática,,NO,25.00,28.75,https://conectatech-ec.github.io/productos/jugu037-juguete-carro-de-coleccion-tamao-mercedes-benz-antiguo-grande/,Imagen y autenticidad pendientes
JUGU152,Juguete Carro Grande EN Contenedor Naranja Varios Modelos,por verificar,selección automática,,NO,32.00,36.80,https://conectatech-ec.github.io/productos/jugu152-juguete-carro-grande-en-contenedor-naranja-varios-modelos/,Imagen y autenticidad pendientes
JUGU005,Juguete Carro Mini Model,por verificar,selección automática,,NO,5.50,6.33,https://conectatech-ec.github.io/productos/jugu005-juguete-carro-mini-model/,Imagen y autenticidad pendientes
JUGU160,Juguete Carrusel Creative Music BOX,por verificar,selección automática,,NO,39.45,45.37,https://conectatech-ec.github.io/productos/jugu160-juguete-carrusel-creative-music-box/,Imagen y autenticidad pendientes
JUGU065,Juguete Cuadro CON Brillos Personajes Animados Varios Modelos,por verificar,selección automática,,NO,3.45,3.97,https://conectatech-ec.github.io/productos/jugu065-juguete-cuadro-con-brillos-personajes-animados-varios-modelos/,Imagen y autenticidad pendientes
JUGU113,Juguete Cubo Rubik,por verificar,selección automática,,NO,10.15,11.67,https://conectatech-ec.github.io/productos/jugu113-juguete-cubo-rubik/,Imagen y autenticidad pendientes
JUGU161,Juguete DE Combate,por verificar,selección automática,,NO,24.85,28.58,https://conectatech-ec.github.io/productos/jugu161-juguete-de-combate/,Imagen y autenticidad pendientes
JUGU058,Juguete Dinosaurio Armable NO13087 1268 Piezas,por verificar,selección automática,,NO,37.29,42.88,https://conectatech-ec.github.io/productos/jugu058-juguete-dinosaurio-armable-no13087-1268-piezas/,Imagen y autenticidad pendientes
JUGU154,Juguete Excavadora A Control Remoto,por verificar,selección automática,,NO,26.00,29.90,https://conectatech-ec.github.io/productos/jugu154-juguete-excavadora-a-control-remoto/,Imagen y autenticidad pendientes
JUGU143,Juguete KIT Escolar Funda Kpop,por verificar,selección automática,,NO,11.90,13.69,https://conectatech-ec.github.io/productos/jugu143-juguete-kit-escolar-funda-kpop/,Imagen y autenticidad pendientes
JUGU165,Juguete Libro Para Colorear Guerreras Kpop,por verificar,selección automática,,NO,2.90,3.34,https://conectatech-ec.github.io/productos/jugu165-juguete-libro-para-colorear-guerreras-kpop/,Imagen y autenticidad pendientes
JUGU123,Juguete Mario Kart Grande Personaje Luigi,por verificar,selección automática,,NO,11.85,13.63,https://conectatech-ec.github.io/productos/jugu123-juguete-mario-kart-grande-personaje-luigi/,Imagen y autenticidad pendientes
JUGU122,Juguete Mario Kart Grande Personaje Mario,por verificar,selección automática,,NO,11.85,13.63,https://conectatech-ec.github.io/productos/jugu122-juguete-mario-kart-grande-personaje-mario/,Imagen y autenticidad pendientes
JUGU023,Juguete Mini Consola DE Video Juegos Power BOX G3 800 EN 1,por verificar,selección automática,,NO,28.00,32.20,https://conectatech-ec.github.io/productos/jugu023-juguete-mini-consola-de-video-juegos-power-box-g3-800-en-1/,Imagen y autenticidad pendientes
JUGU021,Juguete Mini Consola DE Videojuegos D20S 500 IN 1 CON Control,por verificar,selección automática,,NO,33.01,37.96,https://conectatech-ec.github.io/productos/jugu021-juguete-mini-consola-de-videojuegos-d20s-500-in-1-con-control/,Imagen y autenticidad pendientes
JUGU014,Juguete Mini Consola DE Videojuegos F4,por verificar,selección automática,,NO,26.00,29.90,https://conectatech-ec.github.io/productos/jugu014-juguete-mini-consola-de-videojuegos-f4/,Imagen y autenticidad pendientes
JUGU012,Juguete Mini Consola DE Videojuegos F5,por verificar,selección automática,,NO,24.00,27.60,https://conectatech-ec.github.io/productos/jugu012-juguete-mini-consola-de-videojuegos-f5/,Imagen y autenticidad pendientes
JUGU020,Juguete Mini Consola DE Videojuegos Gameboy G620,por verificar,selección automática,,NO,25.00,28.75,https://conectatech-ec.github.io/productos/jugu020-juguete-mini-consola-de-videojuegos-gameboy-g620/,Imagen y autenticidad pendientes
JUGU121,Juguete Mini Consola DE Videojuegos J36 Ultra,por verificar,selección automática,,NO,79.01,90.86,https://conectatech-ec.github.io/productos/jugu121-juguete-mini-consola-de-videojuegos-j36-ultra/,Imagen y autenticidad pendientes
JUGU015,Juguete Mini Consola DE Videojuegos K36,por verificar,selección automática,,NO,85.00,97.75,https://conectatech-ec.github.io/productos/jugu015-juguete-mini-consola-de-videojuegos-k36/,Imagen y autenticidad pendientes
JUGU131,Juguete Mini Consola DE Videojuegos M26,por verificar,selección automática,,NO,89.00,102.35,https://conectatech-ec.github.io/productos/jugu131-juguete-mini-consola-de-videojuegos-m26/,Imagen y autenticidad pendientes
JUGU130,Juguete Mini Consola DE Videojuegos M27,por verificar,selección automática,,NO,99.00,113.85,https://conectatech-ec.github.io/productos/jugu130-juguete-mini-consola-de-videojuegos-m27/,Imagen y autenticidad pendientes
JUGU067,Juguete Mini Consola DE Videojuegos M3 SUP,por verificar,selección automática,,NO,14.90,17.14,https://conectatech-ec.github.io/productos/jugu067-juguete-mini-consola-de-videojuegos-m3-sup/,Imagen y autenticidad pendientes
JUGU017,Juguete Mini Consola DE Videojuegos Mario Q8 520 IN 1,por verificar,selección automática,,NO,23.00,26.45,https://conectatech-ec.github.io/productos/jugu017-juguete-mini-consola-de-videojuegos-mario-q8-520-in-1/,Imagen y autenticidad pendientes
JUGU022,Juguete Mini Consola DE Videojuegos Portatil Mini 500 Games,por verificar,selección automática,,NO,26.00,29.90,https://conectatech-ec.github.io/productos/jugu022-juguete-mini-consola-de-videojuegos-portatil-mini-500-games/,Imagen y autenticidad pendientes
JUGU027,Juguete Mini Consola DE Videojuegos R36S,por verificar,selección automática,,NO,59.00,67.85,https://conectatech-ec.github.io/productos/jugu027-juguete-mini-consola-de-videojuegos-r36s/,Imagen y autenticidad pendientes
JUGU125,Juguete Mini Consola DE Videojuegos R36XX,por verificar,selección automática,,NO,75.00,86.25,https://conectatech-ec.github.io/productos/jugu125-juguete-mini-consola-de-videojuegos-r36xx/,Imagen y autenticidad pendientes
JUGU018,Juguete Mini Consola DE Videojuegos SUP CON Control,por verificar,selección automática,,NO,14.98,17.23,https://conectatech-ec.github.io/productos/jugu018-juguete-mini-consola-de-videojuegos-sup-con-control/,Imagen y autenticidad pendientes
JUGU013,Juguete Mini Consola DE Videojuegos X8,por verificar,selección automática,,NO,59.00,67.85,https://conectatech-ec.github.io/productos/jugu013-juguete-mini-consola-de-videojuegos-x8/,Imagen y autenticidad pendientes
JUGU126,Juguete Mini Consola DE Videojuegos XF40H,por verificar,selección automática,,NO,85.00,97.75,https://conectatech-ec.github.io/productos/jugu126-juguete-mini-consola-de-videojuegos-xf40h/,Imagen y autenticidad pendientes
JUGU031,Juguete Mini Piano - Teclado Mario Bros CON Sonidos Para Ninos(as),por verificar,selección automática,,NO,11.99,13.79,https://conectatech-ec.github.io/productos/jugu031-juguete-mini-piano-teclado-mario-bros-con-sonidos-para-ninos-as/,Imagen y autenticidad pendientes
JUGU061,Juguete Moto Armable L33022-1 Master OF Motoquick,por verificar,selección automática,,NO,16.00,18.40,https://conectatech-ec.github.io/productos/jugu061-juguete-moto-armable-l33022-1-master-of-motoquick/,Imagen y autenticidad pendientes
JUGU119,Juguete Moto Coleccionable DE Alta Gama Harley Davison Grande,por verificar,selección automática,,NO,28.00,32.20,https://conectatech-ec.github.io/productos/jugu119-juguete-moto-coleccionable-de-alta-gama-harley-davison-grande/,Imagen y autenticidad pendientes
JUGU140,Juguete Moto Coleccionable Deportiva Adventure CON Maletas Grande,por verificar,selección automática,,NO,28.70,33.01,https://conectatech-ec.github.io/productos/jugu140-juguete-moto-coleccionable-deportiva-adventure-con-maletas-grande/,Imagen y autenticidad pendientes
JUGU150,Juguete Moto Coleccionable EN Contenedor Naranja,por verificar,selección automática,,NO,16.35,18.80,https://conectatech-ec.github.io/productos/jugu150-juguete-moto-coleccionable-en-contenedor-naranja/,Imagen y autenticidad pendientes
JUGU048,Juguete Moto Coleccionable Grande,por verificar,selección automática,,NO,45.00,51.75,https://conectatech-ec.github.io/productos/jugu048-juguete-moto-coleccionable-grande/,Imagen y autenticidad pendientes
JUGU120,Juguete Moto Coleccionable Harley Davison Mediana,por verificar,selección automática,,NO,9.25,10.64,https://conectatech-ec.github.io/productos/jugu120-juguete-moto-coleccionable-harley-davison-mediana/,Imagen y autenticidad pendientes
JUGU087,Juguete Moto Coleccionable Mediana VER.2,por verificar,selección automática,,NO,23.00,26.45,https://conectatech-ec.github.io/productos/jugu087-juguete-moto-coleccionable-mediana-ver-2/,Imagen y autenticidad pendientes
JUGU136,Juguete Moto Coleccionable R1M Grande Celeste,por verificar,selección automática,,NO,36.20,41.63,https://conectatech-ec.github.io/productos/jugu136-juguete-moto-coleccionable-r1m-grande-celeste/,Imagen y autenticidad pendientes
JUGU079,Juguete Moto Coleccionable Scooter 400GT,por verificar,selección automática,,NO,9.00,10.35,https://conectatech-ec.github.io/productos/jugu079-juguete-moto-coleccionable-scooter-400gt/,Imagen y autenticidad pendientes
JUGU106,Juguete Moto Enduro Coleccionable,por verificar,selección automática,,NO,19.15,22.02,https://conectatech-ec.github.io/productos/jugu106-juguete-moto-enduro-coleccionable/,Imagen y autenticidad pendientes
JUGU051,Juguete Moto Mediana Coleccionable Varios Modelos,por verificar,selección automática,,NO,22.00,25.30,https://conectatech-ec.github.io/productos/jugu051-juguete-moto-mediana-coleccionable-varios-modelos/,Imagen y autenticidad pendientes
JUGU007,Juguete Moto Pequea Clasica 6011,por verificar,selección automática,,NO,8.00,9.20,https://conectatech-ec.github.io/productos/jugu007-juguete-moto-pequea-clasica-6011/,Imagen y autenticidad pendientes
JUGU068,Juguete Moto Vespa Coleccionable,por verificar,selección automática,,NO,29.35,33.75,https://conectatech-ec.github.io/productos/jugu068-juguete-moto-vespa-coleccionable/,Imagen y autenticidad pendientes
JUGU030,Juguete Mueco DE Mario Grande,por verificar,selección automática,,NO,20.00,23.00,https://conectatech-ec.github.io/productos/jugu030-juguete-mueco-de-mario-grande/,Imagen y autenticidad pendientes
JUGU156,Juguete Mueco DE TOY Story,por verificar,selección automática,,NO,9.75,11.21,https://conectatech-ec.github.io/productos/jugu156-juguete-mueco-de-toy-story/,Imagen y autenticidad pendientes
JUGU009,Juguete Mueco Naruto,por verificar,selección automática,,NO,49.00,56.35,https://conectatech-ec.github.io/productos/jugu009-juguete-mueco-naruto/,Imagen y autenticidad pendientes
JUGU128,Juguete Mueco Para Nios(as) DE Myworld,por verificar,selección automática,,NO,9.30,10.70,https://conectatech-ec.github.io/productos/jugu128-juguete-mueco-para-nios-as-de-myworld/,Imagen y autenticidad pendientes
JUGU099,Juguete Mueco Personaje Luigi Caja Roja,por verificar,selección automática,,NO,23.00,26.45,https://conectatech-ec.github.io/productos/jugu099-juguete-mueco-personaje-luigi-caja-roja/,Imagen y autenticidad pendientes
JUGU098,Juguete Mueco Personaje Mario Bros Caja Roja,por verificar,selección automática,,NO,23.00,26.45,https://conectatech-ec.github.io/productos/jugu098-juguete-mueco-personaje-mario-bros-caja-roja/,Imagen y autenticidad pendientes
JUGU063,Juguete Mueco Personaje Mario Bros Gorra Blanca,por verificar,selección automática,,NO,10.01,11.51,https://conectatech-ec.github.io/productos/jugu063-juguete-mueco-personaje-mario-bros-gorra-blanca/,Imagen y autenticidad pendientes
JUGU062,Juguete Mueco Personaje Wario,por verificar,selección automática,,NO,10.01,11.51,https://conectatech-ec.github.io/productos/jugu062-juguete-mueco-personaje-wario/,Imagen y autenticidad pendientes
JUGU100,Juguete Mueco Spiderman Marvel,por verificar,selección automática,,NO,32.69,37.59,https://conectatech-ec.github.io/productos/jugu100-juguete-mueco-spiderman-marvel/,Imagen y autenticidad pendientes
JUGU147,Juguete Perro Electronico Rosado,por verificar,selección automática,,NO,42.00,48.30,https://conectatech-ec.github.io/productos/jugu147-juguete-perro-electronico-rosado/,Imagen y autenticidad pendientes
JUGU025,Juguete Personajes DE Mario Bros Detallados,por verificar,selección automática,,NO,4.50,5.18,https://conectatech-ec.github.io/productos/jugu025-juguete-personajes-de-mario-bros-detallados/,Imagen y autenticidad pendientes
JUGU155,Juguete Pista DE Mario 60 Piezas,por verificar,selección automática,,NO,22.55,25.93,https://conectatech-ec.github.io/productos/jugu155-juguete-pista-de-mario-60-piezas/,Imagen y autenticidad pendientes
JUGU057,Juguete Pizarra Electronica Para Nios(as) 8.5 LCD Panel Monito,por verificar,selección automática,,NO,7.50,8.63,https://conectatech-ec.github.io/productos/jugu057-juguete-pizarra-electronica-para-nios-as-8-5-lcd-panel-monito/,Imagen y autenticidad pendientes
JUGU070,Juguete SET Carritos Maleta Pack 4 Unidades,por verificar,selección automática,,NO,9.00,10.35,https://conectatech-ec.github.io/productos/jugu070-juguete-set-carritos-maleta-pack-4-unidades/,Imagen y autenticidad pendientes
JUGU069,Juguete SET Carritos Maleta Pack 8 Unidades,por verificar,selección automática,,NO,14.90,17.14,https://conectatech-ec.github.io/productos/jugu069-juguete-set-carritos-maleta-pack-8-unidades/,Imagen y autenticidad pendientes
JUGU164,Juguete SET DE Maquillaje Guerreras Kpop,por verificar,selección automática,,NO,22.15,25.47,https://conectatech-ec.github.io/productos/jugu164-juguete-set-de-maquillaje-guerreras-kpop/,Imagen y autenticidad pendientes
JUGU145,Juguete SET DE Maquillaje Para Nias,por verificar,selección automática,,NO,26.80,30.82,https://conectatech-ec.github.io/productos/jugu145-juguete-set-de-maquillaje-para-nias/,Imagen y autenticidad pendientes
JUGU163,Juguete SET DE Maquillaje Para Nias Tipo Agenda,por verificar,selección automática,,NO,12.50,14.38,https://conectatech-ec.github.io/productos/jugu163-juguete-set-de-maquillaje-para-nias-tipo-agenda/,Imagen y autenticidad pendientes
JUGU162,Juguete SET DE Maquillaje Para Nias Tipo Libro,por verificar,selección automática,,NO,29.35,33.75,https://conectatech-ec.github.io/productos/jugu162-juguete-set-de-maquillaje-para-nias-tipo-libro/,Imagen y autenticidad pendientes
JUGU158,Juguete SET DE Muecas Kuromi,por verificar,selección automática,,NO,18.00,20.70,https://conectatech-ec.github.io/productos/jugu158-juguete-set-de-muecas-kuromi/,Imagen y autenticidad pendientes
JUGU142,Juguete Sorpresa Kpop,por verificar,selección automática,,NO,1.85,2.13,https://conectatech-ec.github.io/productos/jugu142-juguete-sorpresa-kpop/,Imagen y autenticidad pendientes
JUGU138,Juguete Taxi Coleccionable Amarillo Antiguo,por verificar,selección automática,,NO,10.90,12.54,https://conectatech-ec.github.io/productos/jugu138-juguete-taxi-coleccionable-amarillo-antiguo/,Imagen y autenticidad pendientes
JUGU139,Juguete Taxi Coleccionable Deportivo Celeste,por verificar,selección automática,,NO,8.50,9.78,https://conectatech-ec.github.io/productos/jugu139-juguete-taxi-coleccionable-deportivo-celeste/,Imagen y autenticidad pendientes
JUGU137,Juguete Taxi Pichirilo Coleccionable Amarillo,por verificar,selección automática,,NO,9.86,11.34,https://conectatech-ec.github.io/productos/jugu137-juguete-taxi-pichirilo-coleccionable-amarillo/,Imagen y autenticidad pendientes
JUGU124,Juguetes Camioneta Coleccionable Hummer / Jeep,por verificar,selección automática,,NO,12.45,14.32,https://conectatech-ec.github.io/productos/jugu124-juguetes-camioneta-coleccionable-hummer-jeep/,Imagen y autenticidad pendientes
JUGU151,Juguetes Carrito Pequeno EN Contenedor Naranja,por verificar,selección automática,,NO,6.35,7.30,https://conectatech-ec.github.io/productos/jugu151-juguetes-carrito-pequeno-en-contenedor-naranja/,Imagen y autenticidad pendientes
KIT003,KIT DE Grabacion Para Celulares AY-49U,por verificar,selección automática,,NO,20.85,23.98,https://conectatech-ec.github.io/productos/kit003-kit-de-grabacion-para-celulares-ay-49u/,Imagen y autenticidad pendientes
LED003,LED Tira LED RGB 10 Metros,por verificar,selección automática,,NO,16.50,18.98,https://conectatech-ec.github.io/productos/led003-led-tira-led-rgb-10-metros/,Imagen y autenticidad pendientes
LED002,LED Tira LED RGB 5M,por verificar,selección automática,,NO,13.14,15.11,https://conectatech-ec.github.io/productos/led002-led-tira-led-rgb-5m/,Imagen y autenticidad pendientes
LAMP003,Lampara LED Grande Ovalada,por verificar,selección automática,,NO,49.00,56.35,https://conectatech-ec.github.io/productos/lamp003-lampara-led-grande-ovalada/,Imagen y autenticidad pendientes
LAMP002,Lampara Plegable DE Escritorio Pequea,por verificar,selección automática,,NO,14.25,16.39,https://conectatech-ec.github.io/productos/lamp002-lampara-plegable-de-escritorio-pequea/,Imagen y autenticidad pendientes
LAMP001,Lampara Plegable Para Escritorio Mediana,por verificar,selección automática,,NO,17.35,19.95,https://conectatech-ec.github.io/productos/lamp001-lampara-plegable-para-escritorio-mediana/,Imagen y autenticidad pendientes
LASE002,Laser Puntero Color Rojo Simple,por verificar,selección automática,,NO,2.35,2.70,https://conectatech-ec.github.io/productos/lase002-laser-puntero-color-rojo-simple/,Imagen y autenticidad pendientes
LASE001,Laser Puntero Color Verde,por verificar,selección automática,,NO,14.15,16.27,https://conectatech-ec.github.io/productos/lase001-laser-puntero-color-verde/,Imagen y autenticidad pendientes
LASE004,Laser Puntero Tipo Esfero,por verificar,selección automática,,NO,10.90,12.54,https://conectatech-ec.github.io/productos/lase004-laser-puntero-tipo-esfero/,Imagen y autenticidad pendientes
LECT004,Lector DE Cd-dvd Externo Andowl,por verificar,selección automática,,NO,37.50,43.13,https://conectatech-ec.github.io/productos/lect004-lector-de-cd-dvd-externo-andowl/,Imagen y autenticidad pendientes
LECT005,Lector DE Cd-dvd Externo Marca Dell,por verificar,selección automática,,NO,69.30,79.70,https://conectatech-ec.github.io/productos/lect005-lector-de-cd-dvd-externo-marca-dell/,Imagen y autenticidad pendientes
LINT007,Linterna CON Estuche Verde,por verificar,selección automática,,NO,12.35,14.20,https://conectatech-ec.github.io/productos/lint007-linterna-con-estuche-verde/,Imagen y autenticidad pendientes
LINT008,Linterna CON Guinda Modelo WJ-960,por verificar,selección automática,,NO,12.90,14.84,https://conectatech-ec.github.io/productos/lint008-linterna-con-guinda-modelo-wj-960/,Imagen y autenticidad pendientes
LINT009,Linterna DE Cabeza KY-1805,por verificar,selección automática,,NO,14.50,16.68,https://conectatech-ec.github.io/productos/lint009-linterna-de-cabeza-ky-1805/,Imagen y autenticidad pendientes
LINT010,Linterna DE Cabeza NF-611,por verificar,selección automática,,NO,12.90,14.84,https://conectatech-ec.github.io/productos/lint010-linterna-de-cabeza-nf-611/,Imagen y autenticidad pendientes
LINT001,Linterna DE Cabeza YM 308,por verificar,selección automática,,NO,11.99,13.79,https://conectatech-ec.github.io/productos/lint001-linterna-de-cabeza-ym-308/,Imagen y autenticidad pendientes
LINT005,Linterna Multiuso Modelo W5138 Tipo Llavero,por verificar,selección automática,,NO,11.90,13.69,https://conectatech-ec.github.io/productos/lint005-linterna-multiuso-modelo-w5138-tipo-llavero/,Imagen y autenticidad pendientes
MICA015,Mica Antiespia Para Iphone 11 Series,por verificar,selección automática,,NO,7.50,8.63,https://conectatech-ec.github.io/productos/mica015-mica-antiespia-para-iphone-11-series/,Imagen y autenticidad pendientes
MICA017,Mica Antiespia Para Iphone Magic Glass,por verificar,selección automática,,NO,11.99,13.79,https://conectatech-ec.github.io/productos/mica017-mica-antiespia-para-iphone-magic-glass/,Imagen y autenticidad pendientes
MICR02,Microfono Alambrico 3.5MM MC-R1,por verificar,selección automática,,NO,6.90,7.94,https://conectatech-ec.github.io/productos/micr02-microfono-alambrico-3-5mm-mc-r1/,Imagen y autenticidad pendientes
MICR20,Microfono Alambrico Modelo PGA58,por verificar,selección automática,,NO,37.80,43.47,https://conectatech-ec.github.io/productos/micr20-microfono-alambrico-modelo-pga58/,Imagen y autenticidad pendientes
MICR06,Microfono Alambrico Usb-c MC-R2,por verificar,selección automática,,NO,7.50,8.63,https://conectatech-ec.github.io/productos/micr06-microfono-alambrico-usb-c-mc-r2/,Imagen y autenticidad pendientes
MICR21,Microfono F9 Doble CON Conector Lightning,por verificar,selección automática,,NO,30.00,34.50,https://conectatech-ec.github.io/productos/micr21-microfono-f9-doble-con-conector-lightning/,Imagen y autenticidad pendientes
MICR32,Microfono Gamer ENV Gamepod Para Pc-laptop,por verificar,selección automática,,NO,28.60,32.89,https://conectatech-ec.github.io/productos/micr32-microfono-gamer-env-gamepod-para-pc-laptop/,Imagen y autenticidad pendientes
MICR33,Microfono Genuine Para Pc-laptop,por verificar,selección automática,,NO,22.15,25.47,https://conectatech-ec.github.io/productos/micr33-microfono-genuine-para-pc-laptop/,Imagen y autenticidad pendientes
MICR13,Microfono Inalambrico CON Powerbank SX21,por verificar,selección automática,,NO,36.90,42.44,https://conectatech-ec.github.io/productos/micr13-microfono-inalambrico-con-powerbank-sx21/,Imagen y autenticidad pendientes
MICR03,Microfono Inalambrico Doble Para Iphone K9,por verificar,selección automática,,NO,19.00,21.85,https://conectatech-ec.github.io/productos/micr03-microfono-inalambrico-doble-para-iphone-k9/,Imagen y autenticidad pendientes
MICR14,Microfono Inalambrico F15-2,por verificar,selección automática,,NO,27.00,31.05,https://conectatech-ec.github.io/productos/micr14-microfono-inalambrico-f15-2/,Imagen y autenticidad pendientes
MICR09,Microfono Inalambrico NK11,por verificar,selección automática,,NO,28.00,32.20,https://conectatech-ec.github.io/productos/micr09-microfono-inalambrico-nk11/,Imagen y autenticidad pendientes
MICR34,Microfono Inalambrico SET 2 Sagapu TTD-M12,por verificar,selección automática,,NO,33.15,38.12,https://conectatech-ec.github.io/productos/micr34-microfono-inalambrico-set-2-sagapu-ttd-m12/,Imagen y autenticidad pendientes
MICR12,Microfono Inalambrico Triple Conector S/R,por verificar,selección automática,,NO,33.01,37.96,https://conectatech-ec.github.io/productos/micr12-microfono-inalambrico-triple-conector-s-r/,Imagen y autenticidad pendientes
MICR30,Microfono Inalambrico Vocal Profesional UHF,por verificar,selección automática,,NO,18.45,21.22,https://conectatech-ec.github.io/productos/micr30-microfono-inalambrico-vocal-profesional-uhf/,Imagen y autenticidad pendientes
MICR27,Micrófono USB JBL Quantum Stream,por verificar,selección automática,Verificar modelo JBL Quantum Stream y autenticidad. MICR027 es alias de MICR27 en 593.,SI,102.01,117.31,https://conectatech-ec.github.io/productos/micr27-microfono-jbl-quantum-stream/,Verificar autenticidad
MICR36,Microfono JBL Quantum Stream Wireless Usb-c,por verificar,selección automática,,NO,98.30,113.05,https://conectatech-ec.github.io/productos/micr36-microfono-jbl-quantum-stream-wireless-usb-c/,Imagen y autenticidad pendientes
MICR10,Microfono K35,por verificar,selección automática,,NO,13.00,14.95,https://conectatech-ec.github.io/productos/micr10-microfono-k35/,Imagen y autenticidad pendientes
MICR35,Microfono Lavalier ANC Magnetico,por verificar,selección automática,,NO,29.45,33.87,https://conectatech-ec.github.io/productos/micr35-microfono-lavalier-anc-magnetico/,Imagen y autenticidad pendientes
MICR28,Microfono M6 SET 1,por verificar,selección automática,,NO,19.00,21.85,https://conectatech-ec.github.io/productos/micr28-microfono-m6-set-1/,Imagen y autenticidad pendientes
MICR23,Microfono M6 Usb-c Doble Modulo SET 2,por verificar,selección automática,,NO,21.30,24.50,https://conectatech-ec.github.io/productos/micr23-microfono-m6-usb-c-doble-modulo-set-2/,Imagen y autenticidad pendientes
MICR08,Microfono Para Pc-laptop HP DHP-1100I,por verificar,selección automática,,NO,19.00,21.85,https://conectatech-ec.github.io/productos/micr08-microfono-para-pc-laptop-hp-dhp-1100i/,Imagen y autenticidad pendientes
MICR24,Microfono Primus VOX01,por verificar,selección automática,,NO,36.90,42.44,https://conectatech-ec.github.io/productos/micr24-microfono-primus-vox01/,Imagen y autenticidad pendientes
MICR25,Microfono Vocal Thunder Sound 53HS472,por verificar,selección automática,,NO,9.86,11.34,https://conectatech-ec.github.io/productos/micr25-microfono-vocal-thunder-sound-53hs472/,Imagen y autenticidad pendientes
MOUS001,Mouse Alambrico Color Gris-negro S/R,por verificar,selección automática,,NO,8.00,9.20,https://conectatech-ec.github.io/productos/mous001-mouse-alambrico-color-gris-negro-s-r/,Imagen y autenticidad pendientes
MOUS030,Mouse Alambrico Gaming RCA Game ON 5RCA555,por verificar,selección automática,,NO,16.35,18.80,https://conectatech-ec.github.io/productos/mous030-mouse-alambrico-gaming-rca-game-on-5rca555/,Imagen y autenticidad pendientes
MOUS014,Mouse Alambrico Gaming RCA-201,por verificar,selección automática,,NO,20.00,23.00,https://conectatech-ec.github.io/productos/mous014-mouse-alambrico-gaming-rca-201/,Imagen y autenticidad pendientes
MOUS021,Mouse Alambrico Monster 5MONT36,por verificar,selección automática,,NO,7.75,8.91,https://conectatech-ec.github.io/productos/mous021-mouse-alambrico-monster-5mont36/,Imagen y autenticidad pendientes
MOUS045,Mouse ENV Vortex Gaming Silencioso,por verificar,selección automática,,NO,15.20,17.48,https://conectatech-ec.github.io/productos/mous045-mouse-env-vortex-gaming-silencioso/,Imagen y autenticidad pendientes
MOUS025,Mouse Ergonomico Inalambrico Yelandar Modelo D6,por verificar,selección automática,,NO,16.35,18.80,https://conectatech-ec.github.io/productos/mous025-mouse-ergonomico-inalambrico-yelandar-modelo-d6/,Imagen y autenticidad pendientes
MOUS035,Mouse Ergonomico Klipxtreme Ergolast,por verificar,selección automática,,NO,22.15,25.47,https://conectatech-ec.github.io/productos/mous035-mouse-ergonomico-klipxtreme-ergolast/,Imagen y autenticidad pendientes
MOUS003,Mouse Ergonomico Meetion BTM010R,por verificar,selección automática,,NO,29.00,33.35,https://conectatech-ec.github.io/productos/mous003-mouse-ergonomico-meetion-btm010r/,Imagen y autenticidad pendientes
MOUS007,Mouse Game Mouse RCA X103,por verificar,selección automática,,NO,8.30,9.55,https://conectatech-ec.github.io/productos/mous007-mouse-game-mouse-rca-x103/,Imagen y autenticidad pendientes
MOUS005,Mouse Genius,por verificar,selección automática,,NO,9.00,10.35,https://conectatech-ec.github.io/productos/mous005-mouse-genius/,Imagen y autenticidad pendientes
MOUS020,Mouse Inalamabrico RCA X86,por verificar,selección automática,,NO,13.50,15.53,https://conectatech-ec.github.io/productos/mous020-mouse-inalamabrico-rca-x86/,Imagen y autenticidad pendientes
MOUS031,Mouse Inalambrico 2.4GHZ Para Laptop Y PC / Usb-a + Bluetooth,por verificar,selección automática,,NO,14.90,17.14,https://conectatech-ec.github.io/productos/mous031-mouse-inalambrico-2-4ghz-para-laptop-y-pc-usb-a-bluetooth/,Imagen y autenticidad pendientes
MOUS043,Mouse Inalambrico ENV Gaming PRO,por verificar,selección automática,,NO,19.90,22.89,https://conectatech-ec.github.io/productos/mous043-mouse-inalambrico-env-gaming-pro/,Imagen y autenticidad pendientes
MOUS011,Mouse Inalambrico Ergonomico Meetion R390 / BTM008,por verificar,selección automática,,NO,25.00,28.75,https://conectatech-ec.github.io/productos/mous011-mouse-inalambrico-ergonomico-meetion-r390-btm008/,Imagen y autenticidad pendientes
MOUS022,Mouse Inalambrico Monster 5MONT35,por verificar,selección automática,,NO,12.50,14.38,https://conectatech-ec.github.io/productos/mous022-mouse-inalambrico-monster-5mont35/,Imagen y autenticidad pendientes
MOUS010,Mouse Inalambrico Monster Airmars M5,por verificar,selección automática,,NO,13.00,14.95,https://conectatech-ec.github.io/productos/mous010-mouse-inalambrico-monster-airmars-m5/,Imagen y autenticidad pendientes
MOUS013,Mouse Inalambrico RCA200,por verificar,selección automática,,NO,18.00,20.70,https://conectatech-ec.github.io/productos/mous013-mouse-inalambrico-rca200/,Imagen y autenticidad pendientes
MOUS016,Mouse Inalambrico S/R Micro-usb / Usb-a + Bluetooth,por verificar,selección automática,,NO,11.99,13.79,https://conectatech-ec.github.io/productos/mous016-mouse-inalambrico-s-r-micro-usb-usb-a-bluetooth/,Imagen y autenticidad pendientes
MOUS026,Mouse Inalambrico Ver. X2,por verificar,selección automática,,NO,15.76,18.12,https://conectatech-ec.github.io/productos/mous026-mouse-inalambrico-ver-x2/,Imagen y autenticidad pendientes
MOUS027,Mouse Inalambrico Zornwee CH002,por verificar,selección automática,,NO,18.00,20.70,https://conectatech-ec.github.io/productos/mous027-mouse-inalambrico-zornwee-ch002/,Imagen y autenticidad pendientes
MOUS041,Mouse Klipextreme Arrow KMW-335WH,por verificar,selección automática,,NO,14.85,17.08,https://conectatech-ec.github.io/productos/mous041-mouse-klipextreme-arrow-kmw-335wh/,Imagen y autenticidad pendientes
MOUS036,Mouse Klipxtreme Lightflex,por verificar,selección automática,,NO,23.00,26.45,https://conectatech-ec.github.io/productos/mous036-mouse-klipxtreme-lightflex/,Imagen y autenticidad pendientes
MOUS037,Mouse Klipxtreme Slimsurfer,por verificar,selección automática,,NO,16.70,19.21,https://conectatech-ec.github.io/productos/mous037-mouse-klipxtreme-slimsurfer/,Imagen y autenticidad pendientes
MOUS039,Mouse Meetion BTM005 Transparente,por verificar,selección automática,,NO,21.85,25.13,https://conectatech-ec.github.io/productos/mous039-mouse-meetion-btm005-transparente/,Imagen y autenticidad pendientes
MOUS040,Mouse Meetion Minigo,por verificar,selección automática,,NO,18.30,21.05,https://conectatech-ec.github.io/productos/mous040-mouse-meetion-minigo/,Imagen y autenticidad pendientes
MOUS018,Mouse Weibo Model W07,por verificar,selección automática,,NO,12.75,14.66,https://conectatech-ec.github.io/productos/mous018-mouse-weibo-model-w07/,Imagen y autenticidad pendientes
MOUS032,Mouse Xiaomi Lite 2,por verificar,selección automática,,NO,18.45,21.22,https://conectatech-ec.github.io/productos/mous032-mouse-xiaomi-lite-2/,Imagen y autenticidad pendientes
MOUS017,Mouse Yelandar AN01 Elegant,por verificar,selección automática,,NO,13.00,14.95,https://conectatech-ec.github.io/productos/mous017-mouse-yelandar-an01-elegant/,Imagen y autenticidad pendientes
MOUS009,Mousepad CON Almohadilla DE GEL,por verificar,selección automática,,NO,6.00,6.90,https://conectatech-ec.github.io/productos/mous009-mousepad-con-almohadilla-de-gel/,Imagen y autenticidad pendientes
PADM004,Padmouse Mousepad ENV Cuadrados,por verificar,selección automática,,NO,4.15,4.77,https://conectatech-ec.github.io/productos/padm004-padmouse-mousepad-env-cuadrados/,Imagen y autenticidad pendientes
PADM006,Padmouse Mousepad Marvel Spiderman XXL,por verificar,selección automática,,NO,26.80,30.82,https://conectatech-ec.github.io/productos/padm006-padmouse-mousepad-marvel-spiderman-xxl/,Imagen y autenticidad pendientes
PADM001,Padmouse Mousepad PAD Mouse Havit,por verificar,selección automática,,NO,8.15,9.37,https://conectatech-ec.github.io/productos/padm001-padmouse-mousepad-pad-mouse-havit/,Imagen y autenticidad pendientes
PADM002,Padmouse Mousepad Xtech Pequeos,por verificar,selección automática,,NO,3.00,3.45,https://conectatech-ec.github.io/productos/padm002-padmouse-mousepad-xtech-pequeos/,Imagen y autenticidad pendientes
PALA001,Palanca Para Play Station 4 - PS4,por verificar,selección automática,,NO,22.00,25.30,https://conectatech-ec.github.io/productos/pala001-palanca-para-play-station-4-ps4/,Imagen y autenticidad pendientes
PANE003,Panel DE LUZ PL-16,por verificar,selección automática,,NO,24.45,28.12,https://conectatech-ec.github.io/productos/pane003-panel-de-luz-pl-16/,Imagen y autenticidad pendientes
PANE002,Panel DE LUZ PL-19,por verificar,selección automática,,NO,29.35,33.75,https://conectatech-ec.github.io/productos/pane002-panel-de-luz-pl-19/,Imagen y autenticidad pendientes
PILA053,Pila 1220 Murata,por verificar,selección automática,,NO,2.96,3.40,https://conectatech-ec.github.io/productos/pila053-pila-1220-murata/,Imagen y autenticidad pendientes
PILA068,Pila 1632 Murata,por verificar,selección automática,,NO,4.35,5.00,https://conectatech-ec.github.io/productos/pila068-pila-1632-murata/,Imagen y autenticidad pendientes
PILA041,Pila 192 392 LR41 Suncom,por verificar,selección automática,,NO,1.45,1.67,https://conectatech-ec.github.io/productos/pila041-pila-192-392-lr41-suncom/,Imagen y autenticidad pendientes
PILA073,Pila 23A GP,por verificar,selección automática,,NO,3.25,3.74,https://conectatech-ec.github.io/productos/pila073-pila-23a-gp/,Imagen y autenticidad pendientes
PILA014,Pila 23A Pikcell,por verificar,selección automática,,NO,2.79,3.21,https://conectatech-ec.github.io/productos/pila014-pila-23a-pikcell/,Imagen y autenticidad pendientes
PILA015,Pila 27A Pikcell,por verificar,selección automática,,NO,2.79,3.21,https://conectatech-ec.github.io/productos/pila015-pila-27a-pikcell/,Imagen y autenticidad pendientes
PILA016,Pila 364 Murata,por verificar,selección automática,,NO,2.25,2.59,https://conectatech-ec.github.io/productos/pila016-pila-364-murata/,Imagen y autenticidad pendientes
PILA018,Pila 371 Murata,por verificar,selección automática,,NO,2.50,2.88,https://conectatech-ec.github.io/productos/pila018-pila-371-murata/,Imagen y autenticidad pendientes
PILA034,Pila 377 - LR626 - AG4 Pikcell,por verificar,selección automática,,NO,1.75,2.01,https://conectatech-ec.github.io/productos/pila034-pila-377-lr626-ag4-pikcell/,Imagen y autenticidad pendientes
PILA051,Pila 379 Murata,por verificar,selección automática,,NO,2.35,2.70,https://conectatech-ec.github.io/productos/pila051-pila-379-murata/,Imagen y autenticidad pendientes
PILA032,Pila 389 - 189 - LR1130 - AG10 Pikcell,por verificar,selección automática,,NO,1.75,2.01,https://conectatech-ec.github.io/productos/pila032-pila-389-189-lr1130-ag10-pikcell/,Imagen y autenticidad pendientes
PILA061,Pila 394 - AG9 Maxday,por verificar,selección automática,,NO,1.96,2.25,https://conectatech-ec.github.io/productos/pila061-pila-394-ag9-maxday/,Imagen y autenticidad pendientes
PILA058,Pila 395 - 399 - AG7 Maxday,por verificar,selección automática,,NO,1.96,2.25,https://conectatech-ec.github.io/productos/pila058-pila-395-399-ag7-maxday/,Imagen y autenticidad pendientes
PILA001,Pila 9V Alcalina Pikcell,por verificar,selección automática,,NO,4.80,5.52,https://conectatech-ec.github.io/productos/pila001-pila-9v-alcalina-pikcell/,Imagen y autenticidad pendientes
PILA003,Pila 9V Alcalina Rayovac,por verificar,selección automática,,NO,5.95,6.84,https://conectatech-ec.github.io/productos/pila003-pila-9v-alcalina-rayovac/,Imagen y autenticidad pendientes
PILA004,Pila 9V Maxday,por verificar,selección automática,,NO,4.15,4.77,https://conectatech-ec.github.io/productos/pila004-pila-9v-maxday/,Imagen y autenticidad pendientes
PILA023,Pila AA Rayovac Pack DE 2,por verificar,selección automática,,NO,3.00,3.45,https://conectatech-ec.github.io/productos/pila023-pila-aa-rayovac-pack-de-2/,Imagen y autenticidad pendientes
PILA028,Pila AAA RCA Pack DE 6,por verificar,selección automática,,NO,4.50,5.18,https://conectatech-ec.github.io/productos/pila028-pila-aaa-rca-pack-de-6/,Imagen y autenticidad pendientes
PILA039,Pila AAA Sony Pack 4,por verificar,selección automática,,NO,4.30,4.95,https://conectatech-ec.github.io/productos/pila039-pila-aaa-sony-pack-4/,Imagen y autenticidad pendientes
PILA067,Pila Aaaa Camelion Pack DE 2,por verificar,selección automática,,NO,6.15,7.07,https://conectatech-ec.github.io/productos/pila067-pila-aaaa-camelion-pack-de-2/,Imagen y autenticidad pendientes
PILA005,Pila Bateria 9V Recargable Maxday,por verificar,selección automática,,NO,9.35,10.75,https://conectatech-ec.github.io/productos/pila005-pila-bateria-9v-recargable-maxday/,Imagen y autenticidad pendientes
PILA031,Pila C RCA,por verificar,selección automática,,NO,4.75,5.46,https://conectatech-ec.github.io/productos/pila031-pila-c-rca/,Imagen y autenticidad pendientes
PILA070,Pila D Maxday,por verificar,selección automática,,NO,5.90,6.79,https://conectatech-ec.github.io/productos/pila070-pila-d-maxday/,Imagen y autenticidad pendientes
PILA030,Pila D RCA,por verificar,selección automática,,NO,5.50,6.33,https://conectatech-ec.github.io/productos/pila030-pila-d-rca/,Imagen y autenticidad pendientes
PILA007,Pila Recargable AA Pack DE 2 MP Multiple Power,por verificar,selección automática,,NO,6.90,7.94,https://conectatech-ec.github.io/productos/pila007-pila-recargable-aa-pack-de-2-mp-multiple-power/,Imagen y autenticidad pendientes
PILA046,Pila Recargable AAA Marca Maxday Pack DE 2,por verificar,selección automática,,NO,6.24,7.18,https://conectatech-ec.github.io/productos/pila046-pila-recargable-aaa-marca-maxday-pack-de-2/,Imagen y autenticidad pendientes
PILA043,Pila Recargable AAA Maxday Pack DE 4,por verificar,selección automática,,NO,7.45,8.57,https://conectatech-ec.github.io/productos/pila043-pila-recargable-aaa-maxday-pack-de-4/,Imagen y autenticidad pendientes
PILA047,Pila Recargables AA Marca Maxday Pack DE 2,por verificar,selección automática,,NO,6.24,7.18,https://conectatech-ec.github.io/productos/pila047-pila-recargables-aa-marca-maxday-pack-de-2/,Imagen y autenticidad pendientes
POP001,Popsocket - Ventosa - Chupon Para Celular,por verificar,selección automática,,NO,5.00,5.75,https://conectatech-ec.github.io/productos/pop001-popsocket-ventosa-chupon-para-celular/,Imagen y autenticidad pendientes
POWE004,Powerbank 66W 30000MAH,por verificar,selección automática,,NO,34.99,40.24,https://conectatech-ec.github.io/productos/powe004-powerbank-66w-30000mah/,Imagen y autenticidad pendientes
POWE010,Powerbank Alambrica Monster 22.5W Cuadrada Incluye Cables,por verificar,selección automática,,NO,29.35,33.75,https://conectatech-ec.github.io/productos/powe010-powerbank-alambrica-monster-22-5w-cuadrada-incluye-cables/,Imagen y autenticidad pendientes
POWE008,Powerbank Inalambrica Monster 22.5W 10000MAH,por verificar,selección automática,,NO,31.90,36.69,https://conectatech-ec.github.io/productos/powe008-powerbank-inalambrica-monster-22-5w-10000mah/,Imagen y autenticidad pendientes
POWE013,Powerbank Inalmabrica Klipxtreme 10000MAH,por verificar,selección automática,,NO,36.00,41.40,https://conectatech-ec.github.io/productos/powe013-powerbank-inalmabrica-klipxtreme-10000mah/,Imagen y autenticidad pendientes
POWE014,Powerbank Inalmabrica Klipxtreme 5000MAH,por verificar,selección automática,,NO,27.15,31.22,https://conectatech-ec.github.io/productos/powe014-powerbank-inalmabrica-klipxtreme-5000mah/,Imagen y autenticidad pendientes
POWE001,Powerbank Inamabrica IPH 10000MAH Lightning,por verificar,selección automática,,NO,26.00,29.90,https://conectatech-ec.github.io/productos/powe001-powerbank-inamabrica-iph-10000mah-lightning/,Imagen y autenticidad pendientes
POWE019,Powerbank Klipxtreme Grande 50000MAH 100W,por verificar,selección automática,,NO,135.90,156.29,https://conectatech-ec.github.io/productos/powe019-powerbank-klipxtreme-grande-50000mah-100w/,Imagen y autenticidad pendientes
POWE016,Powerbank ONE 30000MAH,por verificar,selección automática,,NO,31.50,36.23,https://conectatech-ec.github.io/productos/powe016-powerbank-one-30000mah/,Imagen y autenticidad pendientes
POWE003,Powerbank Philco 20000MAH,por verificar,selección automática,,NO,33.01,37.96,https://conectatech-ec.github.io/productos/powe003-powerbank-philco-20000mah/,Imagen y autenticidad pendientes
POWE017,Powerbank Pinleyou Y415 10000MAH,por verificar,selección automática,,NO,22.00,25.30,https://conectatech-ec.github.io/productos/powe017-powerbank-pinleyou-y415-10000mah/,Imagen y autenticidad pendientes
POWE015,Powerbank Treqa Multiples Cables,por verificar,selección automática,,NO,32.40,37.26,https://conectatech-ec.github.io/productos/powe015-powerbank-treqa-multiples-cables/,Imagen y autenticidad pendientes
POWE018,Powerbank Xtech 30000MAH CON Panel Solar,por verificar,selección automática,,NO,38.40,44.16,https://conectatech-ec.github.io/productos/powe018-powerbank-xtech-30000mah-con-panel-solar/,Imagen y autenticidad pendientes
PRES003,Presentador DE Diapositivas CON Puntero Laser Ugreen,por verificar,selección automática,,NO,26.85,30.88,https://conectatech-ec.github.io/productos/pres003-presentador-de-diapositivas-con-puntero-laser-ugreen/,Imagen y autenticidad pendientes
PRES001,Presentador DE Diapositivas CON Puntero Laser VER.1,por verificar,selección automática,,NO,24.90,28.64,https://conectatech-ec.github.io/productos/pres001-presentador-de-diapositivas-con-puntero-laser-ver-1/,Imagen y autenticidad pendientes
PRES002,Presentador DE Diapositivas CON Puntero Laser VER.2,por verificar,selección automática,,NO,22.51,25.89,https://conectatech-ec.github.io/productos/pres002-presentador-de-diapositivas-con-puntero-laser-ver-2/,Imagen y autenticidad pendientes
PROT006,Protector DE Camara Iphone 17 PRO / 17 PRO MAX,por verificar,selección automática,,NO,9.00,10.35,https://conectatech-ec.github.io/productos/prot006-protector-de-camara-iphone-17-pro-17-pro-max/,Imagen y autenticidad pendientes
PROT005,Protector DE Voltaje Century 1 Enchufe,por verificar,selección automática,,NO,11.30,13.00,https://conectatech-ec.github.io/productos/prot005-protector-de-voltaje-century-1-enchufe/,Imagen y autenticidad pendientes
PROT002,Protector DE Voltaje Century 3 Enchufes,por verificar,selección automática,,NO,15.90,18.29,https://conectatech-ec.github.io/productos/prot002-protector-de-voltaje-century-3-enchufes/,Imagen y autenticidad pendientes
PROT004,Protector DE Voltaje Monster 1 Enchufe Para Equipos Electronicos,por verificar,selección automática,,NO,12.85,14.78,https://conectatech-ec.github.io/productos/prot004-protector-de-voltaje-monster-1-enchufe-para-equipos-electronicos/,Imagen y autenticidad pendientes
PROY006,Proyector Gamer 150 Pulgadas,por verificar,selección automática,,NO,129.29,148.68,https://conectatech-ec.github.io/productos/proy006-proyector-gamer-150-pulgadas/,Imagen y autenticidad pendientes
PROY001,Proyector LED Source Ultra HD,por verificar,selección automática,,NO,69.00,79.35,https://conectatech-ec.github.io/productos/proy001-proyector-led-source-ultra-hd/,Imagen y autenticidad pendientes
PROY007,Proyector Wanbo Smart,por verificar,selección automática,,NO,249.00,286.35,https://conectatech-ec.github.io/productos/proy007-proyector-wanbo-smart/,Imagen y autenticidad pendientes
RADI008,Radio Portail LP CON Panel Solar,por verificar,selección automática,,NO,20.55,23.63,https://conectatech-ec.github.io/productos/radi008-radio-portail-lp-con-panel-solar/,Imagen y autenticidad pendientes
RADI004,Radio Reloj Despertador EN Forma DE G Modelo G63 LED,por verificar,selección automática,,NO,14.75,16.96,https://conectatech-ec.github.io/productos/radi004-radio-reloj-despertador-en-forma-de-g-modelo-g63-led/,Imagen y autenticidad pendientes
RADI006,Radio Tipo Vintage Antiguo Cmik 261,por verificar,selección automática,,NO,29.30,33.70,https://conectatech-ec.github.io/productos/radi006-radio-tipo-vintage-antiguo-cmik-261/,Imagen y autenticidad pendientes
RADI007,Radio Tipo Vintage Antiguo Meier MD-1318BT,por verificar,selección automática,,NO,25.15,28.92,https://conectatech-ec.github.io/productos/radi007-radio-tipo-vintage-antiguo-meier-md-1318bt/,Imagen y autenticidad pendientes
RADI005,Radios DE Comunicacion Baofeng,por verificar,selección automática,,NO,32.90,37.84,https://conectatech-ec.github.io/productos/radi005-radios-de-comunicacion-baofeng/,Imagen y autenticidad pendientes
REL045,Reloj Aemai AS11MAX,por verificar,selección automática,,NO,15.50,17.83,https://conectatech-ec.github.io/productos/rel045-reloj-aemai-as11max/,Imagen y autenticidad pendientes
REL047,Reloj DE Pared O Mesa LED GH8018,por verificar,selección automática,,NO,16.85,19.38,https://conectatech-ec.github.io/productos/rel047-reloj-de-pared-o-mesa-led-gh8018/,Imagen y autenticidad pendientes
REL001,Reloj Despertador Modelo DCX-670,por verificar,selección automática,,NO,19.30,22.20,https://conectatech-ec.github.io/productos/rel001-reloj-despertador-modelo-dcx-670/,Imagen y autenticidad pendientes
REL015,Reloj Smartwach RCA Bordes Dorados - Correa Marron,por verificar,selección automática,,NO,63.00,72.45,https://conectatech-ec.github.io/productos/rel015-reloj-smartwach-rca-bordes-dorados-correa-marron/,Imagen y autenticidad pendientes
REL042,Reloj Smartwath Riversong Motive 9 MAX,por verificar,selección automática,,NO,79.01,90.86,https://conectatech-ec.github.io/productos/rel042-reloj-smartwath-riversong-motive-9-max/,Imagen y autenticidad pendientes
REL028,Reloj Smarwatch HW36 Mini,por verificar,selección automática,,NO,55.00,63.25,https://conectatech-ec.github.io/productos/rel028-reloj-smarwatch-hw36-mini/,Imagen y autenticidad pendientes
REL056,Reloj Smarwatch Kalobee Para Dama SK9 Mini,por verificar,selección automática,,NO,47.30,54.40,https://conectatech-ec.github.io/productos/rel056-reloj-smarwatch-kalobee-para-dama-sk9-mini/,Imagen y autenticidad pendientes
REPR002,Reproductor MP3 Mini S/R,por verificar,selección automática,,NO,9.75,11.21,https://conectatech-ec.github.io/productos/repr002-reproductor-mp3-mini-s-r/,Imagen y autenticidad pendientes
REPR001,Reproductor MP4 Mrobo,por verificar,selección automática,,NO,19.85,22.83,https://conectatech-ec.github.io/productos/repr001-reproductor-mp4-mrobo/,Imagen y autenticidad pendientes
SENS001,Sensor Para Puertas Wifi,por verificar,selección automática,,NO,12.16,13.98,https://conectatech-ec.github.io/productos/sens001-sensor-para-puertas-wifi/,Imagen y autenticidad pendientes
ROUT001,Sistema Mesh Cudy Fast AX1500 WIFI6,por verificar,selección automática,,NO,95.30,109.60,https://conectatech-ec.github.io/productos/rout001-sistema-mesh-cudy-fast-ax1500-wifi6/,Imagen y autenticidad pendientes
ROUT002,Sistema Mesh Cudy Fast AX1500 WIFI6 3 Modulos,por verificar,selección automática,,NO,129.20,148.58,https://conectatech-ec.github.io/productos/rout002-sistema-mesh-cudy-fast-ax1500-wifi6-3-modulos/,Imagen y autenticidad pendientes
SOPO043,Soporte Base Para Laptop Metallico Flexible,por verificar,selección automática,,NO,24.15,27.77,https://conectatech-ec.github.io/productos/sopo043-soporte-base-para-laptop-metallico-flexible/,Imagen y autenticidad pendientes
SOPO051,Soporte DE Celular Para Bicicleta-moto,por verificar,selección automática,,NO,8.15,9.37,https://conectatech-ec.github.io/productos/sopo051-soporte-de-celular-para-bicicleta-moto/,Imagen y autenticidad pendientes
SOPO054,Soporte DE Celular Para Cuello,por verificar,selección automática,,NO,32.15,36.97,https://conectatech-ec.github.io/productos/sopo054-soporte-de-celular-para-cuello/,Imagen y autenticidad pendientes
SOPO022,Soporte DE Celular Para Vehiculo CON Carga Inalambrica Monster 15W,por verificar,selección automática,,NO,25.00,28.75,https://conectatech-ec.github.io/productos/sopo022-soporte-de-celular-para-vehiculo-con-carga-inalambrica-monster-15w/,Imagen y autenticidad pendientes
SOPO059,Soporte DE Celular Para Vehiculo CON Magsafe Y Ventosa T6-05,por verificar,selección automática,,NO,18.65,21.45,https://conectatech-ec.github.io/productos/sopo059-soporte-de-celular-para-vehiculo-con-magsafe-y-ventosa-t6-05/,Imagen y autenticidad pendientes
SOPO020,Soporte DE Celular Para Vehiculo CON Ventosa Modelo T7-01,por verificar,selección automática,,NO,9.75,11.21,https://conectatech-ec.github.io/productos/sopo020-soporte-de-celular-para-vehiculo-con-ventosa-modelo-t7-01/,Imagen y autenticidad pendientes
SOPO052,Soporte DE Celular Para Vehiculo DE Ventosa Inversor Suction CUP,por verificar,selección automática,,NO,11.25,12.94,https://conectatech-ec.github.io/productos/sopo052-soporte-de-celular-para-vehiculo-de-ventosa-inversor-suction-cup/,Imagen y autenticidad pendientes
SOPO017,Soporte DE Celular Para Vehiculo Inalambrico 15W Electronico Componentes Transparente,por verificar,selección automática,,NO,20.00,23.00,https://conectatech-ec.github.io/productos/sopo017-soporte-de-celular-para-vehiculo-inalambrico-15w-electronico-componentes-trans/,Imagen y autenticidad pendientes
SOPO040,Soporte DE Celular Para Vehiculo Para Rejilla 1HORA PJ033,por verificar,selección automática,,NO,11.50,13.23,https://conectatech-ec.github.io/productos/sopo040-soporte-de-celular-para-vehiculo-para-rejilla-1hora-pj033/,Imagen y autenticidad pendientes
SOPO041,Soporte DE Celular Para Vehiculo Para Rejilla 1HORA PJ098,por verificar,selección automática,,NO,11.99,13.79,https://conectatech-ec.github.io/productos/sopo041-soporte-de-celular-para-vehiculo-para-rejilla-1hora-pj098/,Imagen y autenticidad pendientes
SOPO028,Soporte Magnetico CON Ventosa Para Vehiculo Modelo PZ-S003,por verificar,selección automática,,NO,11.99,13.79,https://conectatech-ec.github.io/productos/sopo028-soporte-magnetico-con-ventosa-para-vehiculo-modelo-pz-s003/,Imagen y autenticidad pendientes
SOPO027,Soporte Magnetico DE Rejilla Para Vehiculo Modelo PZ-A003,por verificar,selección automática,,NO,11.50,13.23,https://conectatech-ec.github.io/productos/sopo027-soporte-magnetico-de-rejilla-para-vehiculo-modelo-pz-a003/,Imagen y autenticidad pendientes
SOPO019,Soporte Magnetico Para Celular Modelo T6-01,por verificar,selección automática,,NO,14.00,16.10,https://conectatech-ec.github.io/productos/sopo019-soporte-magnetico-para-celular-modelo-t6-01/,Imagen y autenticidad pendientes
SOPO061,Soporte Magnetico Para Vehiculo Klip Xtreme,por verificar,selección automática,,NO,19.21,22.09,https://conectatech-ec.github.io/productos/sopo061-soporte-magnetico-para-vehiculo-klip-xtreme/,Imagen y autenticidad pendientes
SOPO037,Soporte Magnetico Para Vehiculo Scosche,por verificar,selección automática,,NO,25.00,28.75,https://conectatech-ec.github.io/productos/sopo037-soporte-magnetico-para-vehiculo-scosche/,Imagen y autenticidad pendientes
SOPO001,Soporte Magnetico Vendens VD-HD019,por verificar,selección automática,,NO,11.99,13.79,https://conectatech-ec.github.io/productos/sopo001-soporte-magnetico-vendens-vd-hd019/,Imagen y autenticidad pendientes
SOPO058,Soporte Magsafe Tipo Pinza,por verificar,selección automática,,NO,13.85,15.93,https://conectatech-ec.github.io/productos/sopo058-soporte-magsafe-tipo-pinza/,Imagen y autenticidad pendientes
SOPO031,Soporte Para Celular BY-556 360,por verificar,selección automática,,NO,9.15,10.52,https://conectatech-ec.github.io/productos/sopo031-soporte-para-celular-by-556-360/,Imagen y autenticidad pendientes
SOPO030,Soporte Para Celular BY-558 Magnetico,por verificar,selección automática,,NO,10.45,12.02,https://conectatech-ec.github.io/productos/sopo030-soporte-para-celular-by-558-magnetico/,Imagen y autenticidad pendientes
SOPO005,Soporte Para Celular DE Escritorio CON Prensa L365,por verificar,selección automática,,NO,20.00,23.00,https://conectatech-ec.github.io/productos/sopo005-soporte-para-celular-de-escritorio-con-prensa-l365/,Imagen y autenticidad pendientes
SOPO015,Soporte Para Celular Magnetico CON Magsafe Modelo T6-02,por verificar,selección automática,,NO,11.90,13.69,https://conectatech-ec.github.io/productos/sopo015-soporte-para-celular-magnetico-con-magsafe-modelo-t6-02/,Imagen y autenticidad pendientes
SOPO050,Soporte Para Celular Microcell L-309,por verificar,selección automática,,NO,8.15,9.37,https://conectatech-ec.github.io/productos/sopo050-soporte-para-celular-microcell-l-309/,Imagen y autenticidad pendientes
SOPO032,Soporte Para Celular Tripode CON Magsafe B11,por verificar,selección automática,,NO,15.00,17.25,https://conectatech-ec.github.io/productos/sopo032-soporte-para-celular-tripode-con-magsafe-b11/,Imagen y autenticidad pendientes
SOPO025,Soporte Para Guitarra Instrumento Musical,por verificar,selección automática,,NO,17.35,19.95,https://conectatech-ec.github.io/productos/sopo025-soporte-para-guitarra-instrumento-musical/,Imagen y autenticidad pendientes
SOPO053,Soporte Para Laptop 360 Aluminio HQ,por verificar,selección automática,,NO,29.30,33.70,https://conectatech-ec.github.io/productos/sopo053-soporte-para-laptop-360-aluminio-hq/,Imagen y autenticidad pendientes
SOPO056,Soporte Para Laptop 9 EN 1 Klipxtreme Dockstar,por verificar,selección automática,,NO,69.20,79.58,https://conectatech-ec.github.io/productos/sopo056-soporte-para-laptop-9-en-1-klipxtreme-dockstar/,Imagen y autenticidad pendientes
SOPO006,Soporte Para Laptop Aluminio OVI 360 Grados,por verificar,selección automática,,NO,34.99,40.24,https://conectatech-ec.github.io/productos/sopo006-soporte-para-laptop-aluminio-ovi-360-grados/,Imagen y autenticidad pendientes
SOPO045,Soporte Para Microfono Flexible Color Negro,por verificar,selección automática,,NO,16.91,19.45,https://conectatech-ec.github.io/productos/sopo045-soporte-para-microfono-flexible-color-negro/,Imagen y autenticidad pendientes
SOPO029,Soporte Para Vehiculo CON Ventosa Y Magsafe RT-66S,por verificar,selección automática,,NO,13.50,15.53,https://conectatech-ec.github.io/productos/sopo029-soporte-para-vehiculo-con-ventosa-y-magsafe-rt-66s/,Imagen y autenticidad pendientes
SOPO002,Soporte Para Vehiculo DE Ventosa CAR Mobile Holder,por verificar,selección automática,,NO,6.50,7.48,https://conectatech-ec.github.io/productos/sopo002-soporte-para-vehiculo-de-ventosa-car-mobile-holder/,Imagen y autenticidad pendientes
SOPO014,Soporte Para Vehiculo Magnetic CAR Holder Q5,por verificar,selección automática,,NO,10.01,11.51,https://conectatech-ec.github.io/productos/sopo014-soporte-para-vehiculo-magnetic-car-holder-q5/,Imagen y autenticidad pendientes
SOPO036,Soporte Para Vehiculo Magnetico CON Ventosa Dashmag Marca Premier,por verificar,selección automática,,NO,13.50,15.53,https://conectatech-ec.github.io/productos/sopo036-soporte-para-vehiculo-magnetico-con-ventosa-dashmag-marca-premier/,Imagen y autenticidad pendientes
SOPO057,Soporte Portable Stand Viajero Mini Para Escritorio,por verificar,selección automática,,NO,9.86,11.34,https://conectatech-ec.github.io/productos/sopo057-soporte-portable-stand-viajero-mini-para-escritorio/,Imagen y autenticidad pendientes
STYL003,Stylus PEN Earldom ET-P7 Solo Para IOS - Ipad,por verificar,selección automática,,NO,24.90,28.64,https://conectatech-ec.github.io/productos/styl003-stylus-pen-earldom-et-p7-solo-para-ios-ipad/,Imagen y autenticidad pendientes
STYL001,Stylus PEN Lapiz Tactil Basicos,por verificar,selección automática,,NO,1.55,1.78,https://conectatech-ec.github.io/productos/styl001-stylus-pen-lapiz-tactil-basicos/,Imagen y autenticidad pendientes
STYL004,Stylus PEN Lapiz Tactil Punta Redonda + Esfero,por verificar,selección automática,,NO,9.50,10.93,https://conectatech-ec.github.io/productos/styl004-stylus-pen-lapiz-tactil-punta-redonda-esfero/,Imagen y autenticidad pendientes
STYL002,Stylus PEN Lapiz Tactil Targus,por verificar,selección automática,,NO,9.25,10.64,https://conectatech-ec.github.io/productos/styl002-stylus-pen-lapiz-tactil-targus/,Imagen y autenticidad pendientes
STYL006,Stylus Pencil Inalambrico Para Iphone - Ipad,por verificar,selección automática,,NO,34.99,40.24,https://conectatech-ec.github.io/productos/styl006-stylus-pencil-inalambrico-para-iphone-ipad/,Imagen y autenticidad pendientes
SWIT001,Switch DE RED Tplink 5 Puertos,por verificar,selección automática,,NO,18.00,20.70,https://conectatech-ec.github.io/productos/swit001-switch-de-red-tplink-5-puertos/,Imagen y autenticidad pendientes
SWIT002,Switch DE RED Tplink 8 Puertos,por verificar,selección automática,,NO,29.36,33.76,https://conectatech-ec.github.io/productos/swit002-switch-de-red-tplink-8-puertos/,Imagen y autenticidad pendientes
TECL030,Teclado Bluetooth Flexible Aoas,por verificar,selección automática,,NO,29.35,33.75,https://conectatech-ec.github.io/productos/tecl030-teclado-bluetooth-flexible-aoas/,Imagen y autenticidad pendientes
TECL029,Teclado Bluetooth Portatil Flexible Meetion BTK001,por verificar,selección automática,,NO,29.15,33.52,https://conectatech-ec.github.io/productos/tecl029-teclado-bluetooth-portatil-flexible-meetion-btk001/,Imagen y autenticidad pendientes
TECL028,Teclado Ergonomico Klipxtreme KBK-530S,por verificar,selección automática,,NO,49.11,56.48,https://conectatech-ec.github.io/productos/tecl028-teclado-ergonomico-klipxtreme-kbk-530s/,Imagen y autenticidad pendientes
TECL001,Teclado Flexible S/R,por verificar,selección automática,,NO,8.50,9.78,https://conectatech-ec.github.io/productos/tecl001-teclado-flexible-s-r/,Imagen y autenticidad pendientes
TECL015,Teclado GK70,por verificar,selección automática,,NO,18.00,20.70,https://conectatech-ec.github.io/productos/tecl015-teclado-gk70/,Imagen y autenticidad pendientes
TECL014,Teclado Gaming Corto RCA 5RCA559,por verificar,selección automática,,NO,14.90,17.14,https://conectatech-ec.github.io/productos/tecl014-teclado-gaming-corto-rca-5rca559/,Imagen y autenticidad pendientes
TECL011,Teclado Gaming RCA 5RCA552,por verificar,selección automática,,NO,22.51,25.89,https://conectatech-ec.github.io/productos/tecl011-teclado-gaming-rca-5rca552/,Imagen y autenticidad pendientes
TECL010,Teclado Gaming RCA 5RCA556,por verificar,selección automática,,NO,14.90,17.14,https://conectatech-ec.github.io/productos/tecl010-teclado-gaming-rca-5rca556/,Imagen y autenticidad pendientes
TECL023,Teclado Inalambrico CON Trackpad RCA 5RCA55K,por verificar,selección automática,,NO,28.30,32.55,https://conectatech-ec.github.io/productos/tecl023-teclado-inalambrico-con-trackpad-rca-5rca55k/,Imagen y autenticidad pendientes
TECL032,Teclado Inalambrico KEY Glider Klipxtreme,por verificar,selección automática,,NO,29.31,33.71,https://conectatech-ec.github.io/productos/tecl032-teclado-inalambrico-key-glider-klipxtreme/,Imagen y autenticidad pendientes
TECL027,Teclado Mini Bluetooth Modelo M7,por verificar,selección automática,,NO,13.00,14.95,https://conectatech-ec.github.io/productos/tecl027-teclado-mini-bluetooth-modelo-m7/,Imagen y autenticidad pendientes
TECL021,Teclado Monster MT-303,por verificar,selección automática,,NO,24.35,28.00,https://conectatech-ec.github.io/productos/tecl021-teclado-monster-mt-303/,Imagen y autenticidad pendientes
TECL018,Teclado Numerico 198I CON Flechas Modelo K35,por verificar,selección automática,,NO,29.00,33.35,https://conectatech-ec.github.io/productos/tecl018-teclado-numerico-198i-con-flechas-modelo-k35/,Imagen y autenticidad pendientes
TECL019,Teclado Numerico Alambrico Andowl,por verificar,selección automática,,NO,11.99,13.79,https://conectatech-ec.github.io/productos/tecl019-teclado-numerico-alambrico-andowl/,Imagen y autenticidad pendientes
TECL016,Teclado Numerico Alambrico Mini,por verificar,selección automática,,NO,8.30,9.55,https://conectatech-ec.github.io/productos/tecl016-teclado-numerico-alambrico-mini/,Imagen y autenticidad pendientes
TECL017,Teclado Numerico Inalambrico Mini,por verificar,selección automática,,NO,12.90,14.84,https://conectatech-ec.github.io/productos/tecl017-teclado-numerico-inalambrico-mini/,Imagen y autenticidad pendientes
TECL005,Teclado Portatil Bluetooth Model HB023S,por verificar,selección automática,,NO,25.00,28.75,https://conectatech-ec.github.io/productos/tecl005-teclado-portatil-bluetooth-model-hb023s/,Imagen y autenticidad pendientes
TECL013,Teclado Portatil FK1000 Yelandar,por verificar,selección automática,,NO,26.00,29.90,https://conectatech-ec.github.io/productos/tecl013-teclado-portatil-fk1000-yelandar/,Imagen y autenticidad pendientes
TECL033,Teclado Portatil Flexplit CON Trackpad,por verificar,selección automática,,NO,49.20,56.58,https://conectatech-ec.github.io/productos/tecl033-teclado-portatil-flexplit-con-trackpad/,Imagen y autenticidad pendientes
TECL031,Teclado Portatil Inalambrico Monster,por verificar,selección automática,,NO,31.25,35.94,https://conectatech-ec.github.io/productos/tecl031-teclado-portatil-inalambrico-monster/,Imagen y autenticidad pendientes
TECL025,Teclado Primus Ballista 91T,por verificar,selección automática,,NO,49.00,56.35,https://conectatech-ec.github.io/productos/tecl025-teclado-primus-ballista-91t/,Imagen y autenticidad pendientes
TECL022,Teclado Y Mouse Alambrico Monster MT-207,por verificar,selección automática,,NO,15.90,18.29,https://conectatech-ec.github.io/productos/tecl022-teclado-y-mouse-alambrico-monster-mt-207/,Imagen y autenticidad pendientes
TECL002,Teclado Y Mouse Inalambrico HP CS700,por verificar,selección automática,,NO,19.00,21.85,https://conectatech-ec.github.io/productos/tecl002-teclado-y-mouse-inalambrico-hp-cs700/,Imagen y autenticidad pendientes
TECL004,Teclado Y Mouse KIT Varios Colores,por verificar,selección automática,,NO,19.00,21.85,https://conectatech-ec.github.io/productos/tecl004-teclado-y-mouse-kit-varios-colores/,Imagen y autenticidad pendientes
TELE002,Televisor ENV 40 Pulgadas Fullhd,por verificar,selección automática,,NO,199.90,229.89,https://conectatech-ec.github.io/productos/tele002-televisor-env-40-pulgadas-fullhd/,Imagen y autenticidad pendientes
TIMB001,Timbre Portatil Andowl,por verificar,selección automática,,NO,9.35,10.75,https://conectatech-ec.github.io/productos/timb001-timbre-portatil-andowl/,Imagen y autenticidad pendientes
TOMA001,Tomatodo,por verificar,selección automática,,NO,9.15,10.52,https://conectatech-ec.github.io/productos/toma001-tomatodo/,Imagen y autenticidad pendientes
TRIP018,Tripode K28P,por verificar,selección automática,,NO,19.50,22.43,https://conectatech-ec.github.io/productos/trip018-tripode-k28p/,Imagen y autenticidad pendientes
TRIP017,Tripode K50,por verificar,selección automática,,NO,13.90,15.99,https://conectatech-ec.github.io/productos/trip017-tripode-k50/,Imagen y autenticidad pendientes
TRIP002,Tripode N01,por verificar,selección automática,,NO,36.00,41.40,https://conectatech-ec.github.io/productos/trip002-tripode-n01/,Imagen y autenticidad pendientes
TRIP011,Tripode P180,por verificar,selección automática,,NO,25.00,28.75,https://conectatech-ec.github.io/productos/trip011-tripode-p180/,Imagen y autenticidad pendientes
TRIP020,Tripode Selfie C11,por verificar,selección automática,,NO,26.80,30.82,https://conectatech-ec.github.io/productos/trip020-tripode-selfie-c11/,Imagen y autenticidad pendientes
TRIP022,Tripode Selfie C18,por verificar,selección automática,,NO,12.50,14.38,https://conectatech-ec.github.io/productos/trip022-tripode-selfie-c18/,Imagen y autenticidad pendientes
TRIP019,Tripode Selfie F01 CON IA,por verificar,selección automática,,NO,39.25,45.14,https://conectatech-ec.github.io/productos/trip019-tripode-selfie-f01-con-ia/,Imagen y autenticidad pendientes
TRIP025,Tripode Selfie K10-L,por verificar,selección automática,,NO,10.80,12.42,https://conectatech-ec.github.io/productos/trip025-tripode-selfie-k10-l/,Imagen y autenticidad pendientes
TRIP021,Tripode Selfie K26,por verificar,selección automática,,NO,18.89,21.72,https://conectatech-ec.github.io/productos/trip021-tripode-selfie-k26/,Imagen y autenticidad pendientes
TRIP010,Tripode Selfie K29,por verificar,selección automática,,NO,29.30,33.70,https://conectatech-ec.github.io/productos/trip010-tripode-selfie-k29/,Imagen y autenticidad pendientes
TRIP015,Tripode Selfie Mini JC-02,por verificar,selección automática,,NO,11.25,12.94,https://conectatech-ec.github.io/productos/trip015-tripode-selfie-mini-jc-02/,Imagen y autenticidad pendientes
TRIP023,Tripode Selfie Mini K03,por verificar,selección automática,,NO,9.75,11.21,https://conectatech-ec.github.io/productos/trip023-tripode-selfie-mini-k03/,Imagen y autenticidad pendientes
TRIP013,Tripode Selfie P20S,por verificar,selección automática,,NO,9.00,10.35,https://conectatech-ec.github.io/productos/trip013-tripode-selfie-p20s/,Imagen y autenticidad pendientes
TRIP012,Tripode Selfie Q07,por verificar,selección automática,,NO,7.25,8.34,https://conectatech-ec.github.io/productos/trip012-tripode-selfie-q07/,Imagen y autenticidad pendientes
TRIP016,Tripode WT-3520,por verificar,selección automática,,NO,33.01,37.96,https://conectatech-ec.github.io/productos/trip016-tripode-wt-3520/,Imagen y autenticidad pendientes
UPS001,UPS Mini Negro DC,por verificar,selección automática,,NO,69.00,79.35,https://conectatech-ec.github.io/productos/ups001-ups-mini-negro-dc/,Imagen y autenticidad pendientes
UPS002,UPS Mini Olax,por verificar,selección automática,,NO,65.00,74.75,https://conectatech-ec.github.io/productos/ups002-ups-mini-olax/,Imagen y autenticidad pendientes
VENT001,Ventilador Mini Portatil,por verificar,selección automática,,NO,8.90,10.24,https://conectatech-ec.github.io/productos/vent001-ventilador-mini-portatil/,Imagen y autenticidad pendientes
VENT008,Ventilador Para Celular F5,por verificar,selección automática,,NO,6.50,7.48,https://conectatech-ec.github.io/productos/vent008-ventilador-para-celular-f5/,Imagen y autenticidad pendientes
VENT003,Ventilador Para Laptop 878,por verificar,selección automática,,NO,9.45,10.87,https://conectatech-ec.github.io/productos/vent003-ventilador-para-laptop-878/,Imagen y autenticidad pendientes
VENT006,Ventilador Para Laptop NCP-075,por verificar,selección automática,,NO,15.00,17.25,https://conectatech-ec.github.io/productos/vent006-ventilador-para-laptop-ncp-075/,Imagen y autenticidad pendientes
VENT009,Ventilador Soporte Laptop Ventilado Cooling Station Klip Xtreme,por verificar,selección automática,,NO,37.48,43.10,https://conectatech-ec.github.io/productos/vent009-ventilador-soporte-laptop-ventilado-cooling-station-klip-xtreme/,Imagen y autenticidad pendientes
WEBC003,Webcam Fullhd 1080 X13,por verificar,selección automática,,NO,16.35,18.80,https://conectatech-ec.github.io/productos/webc003-webcam-fullhd-1080-x13/,Imagen y autenticidad pendientes
WEBC001,Webcam Fullhd 1080P X7,por verificar,selección automática,,NO,15.00,17.25,https://conectatech-ec.github.io/productos/webc001-webcam-fullhd-1080p-x7/,Imagen y autenticidad pendientes
WEBC004,Webcam Genius Facecam 2010 FHD,por verificar,selección automática,,NO,36.31,41.76,https://conectatech-ec.github.io/productos/webc004-webcam-genius-facecam-2010-fhd/,Imagen y autenticidad pendientes
WEBC002,Webcam Klipxtreme 2K,por verificar,selección automática,,NO,53.20,61.18,https://conectatech-ec.github.io/productos/webc002-webcam-klipxtreme-2k/,Imagen y autenticidad pendientes
ADAP095,ADAPTADOR AGUJA PARA TOCADISCOS,por verificar,selección automática,,NO,7.45,8.57,https://conectatech-ec.github.io/productos/adap095-adaptador-aguja-para-tocadiscos/,Imagen y autenticidad pendientes
ADAP096,ADAPTADOR COAXIAL PARA TV ANTENA EN L,por verificar,selección automática,,NO,3.45,3.97,https://conectatech-ec.github.io/productos/adap096-adaptador-coaxial-para-tv-antena-en-l/,Imagen y autenticidad pendientes
ADAP092,ADAPTADOR DE 3.5MM A 3.5MM METALICO,por verificar,selección automática,,NO,1.85,2.13,https://conectatech-ec.github.io/productos/adap092-adaptador-de-3-5mm-a-3-5mm-metalico/,Imagen y autenticidad pendientes
ADAP091,ADAPTADOR DE 3.5MM A RCA HEMBRA TRIPLE,por verificar,selección automática,,NO,3.50,4.03,https://conectatech-ec.github.io/productos/adap091-adaptador-de-3-5mm-a-rca-hembra-triple/,Imagen y autenticidad pendientes
ADAP090,ADAPTADOR DE CORRIENTE 110V A 5V 2A,por verificar,selección automática,,NO,5.85,6.73,https://conectatech-ec.github.io/productos/adap090-adaptador-de-corriente-110v-a-5v-2a/,Imagen y autenticidad pendientes
ADAP088,ADAPTADOR DE LIGHTNING A DOBLE LIGHTNING AUDIFONOS + CARGA RECCI RDS-A01,por verificar,selección automática,,NO,9.15,10.52,https://conectatech-ec.github.io/productos/adap088-adaptador-de-lightning-a-doble-lightning-audifonos-carga-recci-rds-a01/,Imagen y autenticidad pendientes
ADAP093,ADAPTADOR DE USB-A A PLUG MINI,por verificar,selección automática,,NO,1.25,1.44,https://conectatech-ec.github.io/productos/adap093-adaptador-de-usb-a-a-plug-mini/,Imagen y autenticidad pendientes
ADAP094,ADAPTADOR PULG BLANCO PARA CARGADORES,por verificar,selección automática,,NO,0.75,0.86,https://conectatech-ec.github.io/productos/adap094-adaptador-pulg-blanco-para-cargadores/,Imagen y autenticidad pendientes
AROD03,ARO DE LUZ SELFIE MINI,por verificar,selección automática,,NO,4.85,5.58,https://conectatech-ec.github.io/productos/arod03-aro-de-luz-selfie-mini/,Imagen y autenticidad pendientes
AUDI112,AUDIFONOS ALAMBRICOS HONOR EARPHONES,por verificar,selección automática,,NO,6.00,6.90,https://conectatech-ec.github.io/productos/audi112-audifonos-alambricos-honor-earphones/,Imagen y autenticidad pendientes
AUDI109,AUDIFONOS HONOR INALAMBRICOS HONOR X7E ACTIVE,por verificar,selección automática,,NO,28.00,32.20,https://conectatech-ec.github.io/productos/audi109-audifonos-honor-inalambricos-honor-x7e-active/,Imagen y autenticidad pendientes
AUDI111,AUDIFONOS INALAMBRICOS AIRPODS,por verificar,selección automática,,NO,15.00,17.25,https://conectatech-ec.github.io/productos/audi111-audifonos-inalambricos-airpods/,Imagen y autenticidad pendientes
CABL170,CABLE EXTENSION 4 METROS VOLTEK,por verificar,selección automática,,NO,8.45,9.72,https://conectatech-ec.github.io/productos/cabl170-cable-extension-4-metros-voltek/,Imagen y autenticidad pendientes
CABL171,CABLE EXTENSION UNIVERSAL 5M AMARILLA,por verificar,selección automática,,NO,10.45,12.02,https://conectatech-ec.github.io/productos/cabl171-cable-extension-universal-5m-amarilla/,Imagen y autenticidad pendientes
CABL148,CABLE LIGHTNING RECCI ELBOW,por verificar,selección automática,,NO,4.85,5.58,https://conectatech-ec.github.io/productos/cabl148-cable-lightning-recci-elbow/,Imagen y autenticidad pendientes
CABL149,CABLE LIGHTNING RECCI GRIDE MAGNETICO,por verificar,selección automática,,NO,4.90,5.64,https://conectatech-ec.github.io/productos/cabl149-cable-lightning-recci-gride-magnetico/,Imagen y autenticidad pendientes
CABL150,CABLE MICRO-USB RECCI 1M 2.4A RTC-N12M,por verificar,selección automática,,NO,4.26,4.90,https://conectatech-ec.github.io/productos/cabl150-cable-micro-usb-recci-1m-2-4a-rtc-n12m/,Imagen y autenticidad pendientes
CABL153,CABLE MICRO-USB RECCI 5A SUPER V00C 1M,por verificar,selección automática,,NO,4.50,5.18,https://conectatech-ec.github.io/productos/cabl153-cable-micro-usb-recci-5a-super-v00c-1m/,Imagen y autenticidad pendientes
CABL157,CABLE MICRO-USB RECCI CITY OF SKY 2M,por verificar,selección automática,,NO,5.75,6.61,https://conectatech-ec.github.io/productos/cabl157-cable-micro-usb-recci-city-of-sky-2m/,Imagen y autenticidad pendientes
CABL156,CABLE MICRO-USB RECCI GENBU 1M,por verificar,selección automática,,NO,4.85,5.58,https://conectatech-ec.github.io/productos/cabl156-cable-micro-usb-recci-genbu-1m/,Imagen y autenticidad pendientes
CABL152,CABLE MICRO-USB RECCI GRIDE MAGNETICO 1M,por verificar,selección automática,,NO,4.35,5.00,https://conectatech-ec.github.io/productos/cabl152-cable-micro-usb-recci-gride-magnetico-1m/,Imagen y autenticidad pendientes
CABL154,CABLE MICRO-USB RECCI HONOUR 1M,por verificar,selección automática,,NO,4.45,5.12,https://conectatech-ec.github.io/productos/cabl154-cable-micro-usb-recci-honour-1m/,Imagen y autenticidad pendientes
CABL155,CABLE MICRO-USB RECCI INSTANT 2M,por verificar,selección automática,,NO,5.15,5.92,https://conectatech-ec.github.io/productos/cabl155-cable-micro-usb-recci-instant-2m/,Imagen y autenticidad pendientes
CABL151,CABLE MICRO-USB RECCI RAYLINE 1M,por verificar,selección automática,,NO,4.15,4.77,https://conectatech-ec.github.io/productos/cabl151-cable-micro-usb-recci-rayline-1m/,Imagen y autenticidad pendientes
CABL160,CABLE OPTICO DE AUDIO 1M,por verificar,selección automática,,NO,5.00,5.75,https://conectatech-ec.github.io/productos/cabl160-cable-optico-de-audio-1m/,Imagen y autenticidad pendientes
CARG069,CARGADOR INALAMBRICO INFINIX MAGPAD,por verificar,selección automática,,NO,9.86,11.34,https://conectatech-ec.github.io/productos/carg069-cargador-inalambrico-infinix-magpad/,Imagen y autenticidad pendientes
CARG067,CARGADORES PARA SMARTWATCH BASE CIRCULAR,por verificar,selección automática,,NO,3.50,4.03,https://conectatech-ec.github.io/productos/carg067-cargadores-para-smartwatch-base-circular/,Imagen y autenticidad pendientes
COBE010,COBERTOR GOMAS AIRPODS,por verificar,selección automática,,NO,8.45,9.72,https://conectatech-ec.github.io/productos/cobe010-cobertor-gomas-airpods/,Imagen y autenticidad pendientes
CORR10,CORREA SMARWATCH ESENCIAL,por verificar,selección automática,,NO,3.00,3.45,https://conectatech-ec.github.io/productos/corr10-correa-smarwatch-esencial/,Imagen y autenticidad pendientes
ESTU101,ESTUCHE PARA HONOR PAD X8A,por verificar,selección automática,,NO,11.99,13.79,https://conectatech-ec.github.io/productos/estu101-estuche-para-honor-pad-x8a/,Imagen y autenticidad pendientes
ESTU049,ESTUCHE SILICON PARA ANDROID MODELOS VER.2,por verificar,selección automática,,NO,6.00,6.90,https://conectatech-ec.github.io/productos/estu049-estuche-silicon-para-android-modelos-ver-2/,Imagen y autenticidad pendientes
ESTU044,ESTUCHE TRANSPARENTE PARA IPHONE RECCI,por verificar,selección automática,,NO,8.15,9.37,https://conectatech-ec.github.io/productos/estu044-estuche-transparente-para-iphone-recci/,Imagen y autenticidad pendientes
FOCO004,FOCO INTELIGENTE STEREN,por verificar,selección automática,,NO,13.50,15.53,https://conectatech-ec.github.io/productos/foco004-foco-inteligente-steren/,Imagen y autenticidad pendientes
GADG005,GADGET HONOR COFFEE CUP,por verificar,selección automática,,NO,10.01,11.51,https://conectatech-ec.github.io/productos/gadg005-gadget-honor-coffee-cup/,Imagen y autenticidad pendientes
GADG006,GADGET HONOR DATA CABLE COLORIDO,por verificar,selección automática,,NO,10.01,11.51,https://conectatech-ec.github.io/productos/gadg006-gadget-honor-data-cable-colorido/,Imagen y autenticidad pendientes
GADG007,GADGET HONOR PARLANTE PORTATIL,por verificar,selección automática,,NO,10.01,11.51,https://conectatech-ec.github.io/productos/gadg007-gadget-honor-parlante-portatil/,Imagen y autenticidad pendientes
IMAN001,IMAN MAGNETICO PARA CELULARES Y TABLET,por verificar,selección automática,,NO,1.50,1.73,https://conectatech-ec.github.io/productos/iman001-iman-magnetico-para-celulares-y-tablet/,Imagen y autenticidad pendientes
JUGU168,JUGUETE ARMABLE METAL ICONX CHRYSLER BUILDING,por verificar,selección automática,,NO,11.99,13.79,https://conectatech-ec.github.io/productos/jugu168-juguete-armable-metal-iconx-chrysler-building/,Imagen y autenticidad pendientes
LINT011,LINTERNA DE CABEZA HEADLIGHT 8907,por verificar,selección automática,,NO,19.85,22.83,https://conectatech-ec.github.io/productos/lint011-linterna-de-cabeza-headlight-8907/,Imagen y autenticidad pendientes
MICA008,MICA VIDRIO ESENCIAL,por verificar,selección automática,,NO,2.00,2.30,https://conectatech-ec.github.io/productos/mica008-mica-vidrio-esencial/,Imagen y autenticidad pendientes
MICR037,MICROFONO LAVALIER M1 ALAMBRICO,por verificar,selección automática,,NO,13.85,15.93,https://conectatech-ec.github.io/productos/micr037-microfono-lavalier-m1-alambrico/,Imagen y autenticidad pendientes
MOCH001,MOCHILA HONOR IMPERMEABLE,por verificar,selección automática,,NO,15.00,17.25,https://conectatech-ec.github.io/productos/moch001-mochila-honor-impermeable/,Imagen y autenticidad pendientes
TABL003,TABLET REDMI PAD 2 9.7 PULGADAS 128GB 4GB+4GB,por verificar,selección automática,,NO,195.90,225.29,https://conectatech-ec.github.io/productos/tabl003-tablet-redmi-pad-2-9-7-pulgadas-128gb-4gb-4gb/,Imagen y autenticidad pendientes
TELF016,TELEFONO DIALN NOVA 64GB + 4GB,por verificar,selección automática,,NO,99.90,114.89,https://conectatech-ec.github.io/productos/telf016-telefono-dialn-nova-64gb-4gb/,Imagen y autenticidad pendientes
