sku,nombre,stock,precio_general,iva,tipo,categoria,clasificacion
ADAP053,ADAPTADOR 1/4 HEMBRA A 3.5 MACHO STEREO NEGRO,9,1.74,15,PRODUCTO,ADAPTADORES,CONECTIVIDAD
ADAP054,ADAPTADOR 1/4 MACHO A 3.5MM HEMBRA STEREO DORADO,10,5.22,15,PRODUCTO,ADAPTADORES,CONECTIVIDAD
ADAP052,ADAPTADOR 1/4 MACHO A 3.5MM HEMBRA STEREO NEGRO,10,1.74,15,PRODUCTO,ADAPTADORES,CONECTIVIDAD
ADAP095,ADAPTADOR AGUJA PARA TOCADISCOS,1,6.48,15,PRODUCTO,,
ADAP086,ADAPTADOR ANGULO HDMI L,3,2.52,15,PRODUCTO,ADAPTADORES,CONECTIVIDAD
ADAP055,ADAPTADOR ANTENA WIFI 2.4GHZ,0,12.09,15,PRODUCTO,ADAPTADORES,CONECTIVIDAD
ADAP045,ADAPTADOR ANTENA WIFI DOBLE BANDA 600MBPS ANTENA INCORPORADA,1,16.3,15,PRODUCTO,ADAPTADORES,CONECTIVIDAD
ADAP036,ADAPTADOR BLUETOOTH DONGLE 5.0 USB-A PARA PC-LAPTOPS,2,8.05,15,PRODUCTO,ADAPTADORES,CONECTIVIDAD
ADAP028,ADAPTADOR BLUETOOTH DONGLE HJX-001 USB-A TIPO FLASH,2,4.78,15,PRODUCTO,ADAPTADORES,CONECTIVIDAD
ADAP035,ADAPTADOR BLUETOOTH DONGLE USB-A EARLDOM M73,7,15.65,15,PRODUCTO,ADAPTADORES,CONECTIVIDAD
ADAP001,ADAPTADOR BLUETOOTH J20,0,14.7,15,PRODUCTO,ADAPTADORES,CONECTIVIDAD
ADAP096,ADAPTADOR COAXIAL PARA TV ANTENA EN L,1,3,15,PRODUCTO,ADAPTADORES,
ADAP069,ADAPTADOR CONVERTIDOR DE AUDIO DIGITAL A ANALOGICO,2,9.48,15,PRODUCTO,ADAPTADORES,CONECTIVIDAD
ADAP039,ADAPTADOR CONVERTIDOR DE DISPLAYPORT A HDMI,5,10.43,15,PRODUCTO,ADAPTADORES,CONECTIVIDAD
ADAP038,ADAPTADOR CONVERTIDOR DE MINIDISPLAYPORT A HDMI,5,10.43,15,PRODUCTO,ADAPTADORES,CONECTIVIDAD
ADAP057,ADAPTADOR CONVERTIDOR DE VGA A HDMI TREQA HDV-552,2,6.39,15,PRODUCTO,ADAPTADORES,CONECTIVIDAD
ADAP059,ADAPTADOR CONVERTIDOR DISPLAYPORT A VGA,2,9.48,15,PRODUCTO,ADAPTADORES,CONECTIVIDAD
ADAP029,ADAPTADOR CONVERTIDOR HDMI A RCA,2,5.65,15,PRODUCTO,ADAPTADORES,CONECTIVIDAD
ADAP037,ADAPTADOR CONVERTIDOR HDMI A VGA,1,7.83,15,PRODUCTO,ADAPTADORES,CONECTIVIDAD
ADAP040,ADAPTADOR CONVERTIDOR HDMI A VGA SGL,4,10.57,15,PRODUCTO,ADAPTADORES,CONECTIVIDAD
ADAP050,ADAPTADOR CONVERTIDOR RCA A HDMI ADA618 AIWA,2,8.26,15,PRODUCTO,ADAPTADORES,CONECTIVIDAD
ADAP002,ADAPTADOR DE 2 MACHO A 3 HEMBRA LATINOAMERICA,3,1.74,15,PRODUCTO,ADAPTADORES,CONECTIVIDAD
ADAP092,ADAPTADOR DE 3.5MM A 3.5MM METALICO,2,1.61,15,PRODUCTO,ADAPTADORES,CONECTIVIDAD
ADAP091,ADAPTADOR DE 3.5MM A RCA HEMBRA TRIPLE,2,3.04,15,PRODUCTO,ADAPTADORES,CONECTIVIDAD
ADAP032,ADAPTADOR DE 3.5MM MACHO A DOBLE 3.5MM HEMBRA,3,3.04,15,PRODUCTO,ADAPTADORES,CONECTIVIDAD
ADAP033,ADAPTADOR DE 3.5MM MACHO A DOBLE RCA HEMBRA,3,2.17,15,PRODUCTO,ADAPTADORES,CONECTIVIDAD
ADAP090,ADAPTADOR DE CORRIENTE 110V A 5V 2A,1,5.09,15,PRODUCTO,ADAPTADORES,CONECTIVIDAD
ADAP084,ADAPTADOR DE CORRIENTE 12V 2A ORVESION,2,10.43,15,PRODUCTO,ADAPTADORES,CONECTIVIDAD
ADAP085,ADAPTADOR DE CORRIENTE 12V 5A ORVESION,2,13.04,15,PRODUCTO,ADAPTADORES,CONECTIVIDAD
ADAP082,ADAPTADOR DE CORRIENTE 5V 2A ORVESION,2,6.96,15,PRODUCTO,ADAPTADORES,CONECTIVIDAD
ADAP083,ADAPTADOR DE CORRIENTE 9V 2A ORVESION,2,7.83,15,PRODUCTO,ADAPTADORES,CONECTIVIDAD
ADAP003,ADAPTADOR DE CORRIENTE DE 110V A 12V,0,9.57,15,PRODUCTO,ADAPTADORES,CONECTIVIDAD
ADAP078,ADAPTADOR DE CORRIENTE UNIVERSAL MULTIPLUG,0,10.87,15,PRODUCTO,ADAPTADORES,CONECTIVIDAD
ADAP079,ADAPTADOR DE CORRIENTE UNIVERSAL MULTIPLUG (LAPTOP),0,13.91,15,PRODUCTO,ADAPTADORES,CONECTIVIDAD
ADAP088,ADAPTADOR DE LIGHTNING A DOBLE LIGHTNING AUDIFONOS + CARGA RECCI RDS-A01,2,7.96,15,PRODUCTO,ADAPTADORES,CONECTIVIDAD
ADAP075,ADAPTADOR DE RED RJ45 DE 1 A 2 SALIDAS,2,4.22,15,PRODUCTO,ADAPTADORES,CONECTIVIDAD
ADAP093,ADAPTADOR DE USB-A A PLUG MINI,4,1.09,15,PRODUCTO,ADAPTADORES,
ADAP097,ADAPTADOR DE USB-C A ETHERNET,4,10.35,15,PRODUCTO,ADAPTADORES,CONECTIVIDAD
ADAP041,ADAPTADOR DIVISOR AUXILIAR DE AUDIO,0,3.04,15,PRODUCTO,ADAPTADORES,CONECTIVIDAD
ADAP056,ADAPTADOR DIVISOR DE 3.5MM MACHO A DOBLE 3.5MM HEMBRA,2,3.78,15,PRODUCTO,ADAPTADORES,CONECTIVIDAD
ADAP031,ADAPTADOR DIVISOR MICROFONO-AUDIFONOS BESSER SOUND,1,10,15,PRODUCTO,ADAPTADORES,CONECTIVIDAD
ADAP030,ADAPTADOR DIVISOR MICROFONO-AUDIFONOS BLANCO,8,4.78,15,PRODUCTO,ADAPTADORES,CONECTIVIDAD
ADAP073,ADAPTADOR ENCHUFE 110 A 12V SOCKET CAR,2,3.09,15,PRODUCTO,ADAPTADORES,CONECTIVIDAD
ADAP004,ADAPTADOR EUROPA - LATINO COLOR BLANCO,13,3.04,15,PRODUCTO,ADAPTADORES,CONECTIVIDAD
ADAP005,ADAPTADOR EUROPA - LATINO COLOR NEGRO,16,2.17,15,PRODUCTO,ADAPTADORES,CONECTIVIDAD
ADAP006,ADAPTADOR LIGHTNING A 3.5 MODEL JH-002,0,4.35,15,PRODUCTO,ADAPTADORES,CONECTIVIDAD
ADAP007,ADAPTADOR LIGHTNING A 3.5MM,6,5.22,15,PRODUCTO,ADAPTADORES,CONECTIVIDAD
ADAP008,ADAPTADOR LIGHTNING A 3.5MM MANZANA,0,8.13,15,PRODUCTO,ADAPTADORES,CONECTIVIDAD
ADAP065,ADAPTADOR LIGHTNING A DOBLE LIGHTNING,3,4.35,15,PRODUCTO,ADAPTADORES,CONECTIVIDAD
ADAP027,ADAPTADOR MINI-HDMI MACHO A HDMI HEMBRA,6,6,15,PRODUCTO,ADAPTADORES,CONECTIVIDAD
ADAP068,ADAPTADOR MULTIADAPTADORES BATEN MODELO CB-201,2,12.96,15,PRODUCTO,ADAPTADORES,CONECTIVIDAD
ADAP046,ADAPTADOR OTG 3 EN 1,2,6.3,15,PRODUCTO,ADAPTADORES,CONECTIVIDAD
ADAP009,ADAPTADOR OTG LIGHTNING,2,5.22,15,PRODUCTO,ADAPTADORES,CONECTIVIDAD
ADAP011,ADAPTADOR OTG MICRO-USB,4,3.48,15,PRODUCTO,ADAPTADORES,CONECTIVIDAD
ADAP058,ADAPTADOR OTG MICRO-USB XTECH,3,2.83,15,PRODUCTO,ADAPTADORES,CONECTIVIDAD
ADAP080,ADAPTADOR OTG MINI-USB V3,4,6,15,PRODUCTO,ADAPTADORES,CONECTIVIDAD
ADAP010,ADAPTADOR OTG USB-C,0,4.35,15,PRODUCTO,ADAPTADORES,CONECTIVIDAD
ADAP034,ADAPTADOR OTG USB-C A USB-A HEMBRA ORVESION,17,3.91,15,PRODUCTO,ADAPTADORES,CONECTIVIDAD
ADAP094,ADAPTADOR PULG BLANCO PARA CARGADORES,1,0.65,15,PRODUCTO,ADAPTADORES,
ADAP089,ADAPTADOR RECEPTOR ANTENA WIFI TP-LINK 150 MBPS,1,12.91,15,PRODUCTO,ADAPTADORES,CONECTIVIDAD
ADAP021,ADAPTADOR RECEPTOR USB WIFI ANTENA TPLINK 300MBPS,0,13.74,15,PRODUCTO,ADAPTADORES,CONECTIVIDAD
ADAP017,ADAPTADOR RECEPTOR WIFI USB ANTENA DUAL BAND 1300MBPS,2,18.65,15,PRODUCTO,ADAPTADORES,CONECTIVIDAD
ADAP016,ADAPTADOR RECEPTOR WIFI USB ANTENA DUAL BAND 600MBPS,1,14.35,15,PRODUCTO,ADAPTADORES,CONECTIVIDAD
ADAP048,ADAPTADOR RECEPTOR-TRANSMISOR BLUETOOTH DONGLE MONSTER,0,13.78,15,PRODUCTO,ADAPTADORES,CONECTIVIDAD
ADAP071,ADAPTADOR SPLITTER HDMI 1080 ORVESION DOS SALIDAS,3,12.09,15,PRODUCTO,ADAPTADORES,CONECTIVIDAD
ADAP063,ADAPTADOR SPLITTER HDMI 4 SALIDAS TIPO CAJETIN,1,11.74,15,PRODUCTO,ADAPTADORES,CONECTIVIDAD
ADAP060,ADAPTADOR SPLITTER HDMI A DOBLE HDMI HEMBRA ORVESION,3,5.65,15,PRODUCTO,ADAPTADORES,CONECTIVIDAD
ADAP081,ADAPTADOR SPLITTER SWITCH HDMI BIDIRECCIONAL ENV,1,20.13,15,PRODUCTO,ADAPTADORES,CONECTIVIDAD
ADAP066,ADAPTADOR SWITCH HDMI 3 ENTRADAS 1 SALIDA,1,12.09,15,PRODUCTO,ADAPTADORES,CONECTIVIDAD
ADAP061,ADAPTADOR SWITCH HDMI 4K HP,1,17.39,15,PRODUCTO,ADAPTADORES,CONECTIVIDAD
ADAP049,ADAPTADOR TARJETA DE SONIDO USB-A A MICROFONO+AUDIFONOS,2,5.65,15,PRODUCTO,ADAPTADORES,CONECTIVIDAD
ADAP051,ADAPTADOR TARJETA DE SONIDO USB-C A MICROFONO+AUDIFONOS,2,8.13,15,PRODUCTO,ADAPTADORES,CONECTIVIDAD
ADAP025,ADAPTADOR UNION 3.5MM DE METAL COUPLER,2,2.52,15,PRODUCTO,ADAPTADORES,CONECTIVIDAD
ADAP024,ADAPTADOR UNION 3.5MM PLASTICO NEGRO COUPLER,2,2.17,15,PRODUCTO,ADAPTADORES,CONECTIVIDAD
ADAP076,ADAPTADOR UNION COUPLER DE RED RJ45 BEIGE,9,1.3,15,PRODUCTO,ADAPTADORES,CONECTIVIDAD
ADAP077,ADAPTADOR UNION COUPLER DE RED RJ45 BLINDADO NEGRO,9,3.78,15,PRODUCTO,ADAPTADORES,CONECTIVIDAD
ADAP018,ADAPTADOR UNION COUPLER HDMI,9,3.78,15,PRODUCTO,ADAPTADORES,CONECTIVIDAD
ADAP070,ADAPTADOR UNION COUPLER HDMI 4K GRIS,4,4.78,15,PRODUCTO,ADAPTADORES,CONECTIVIDAD
ADAP026,ADAPTADOR UNION RCA A RCA HEMBRA,5,1.09,15,PRODUCTO,ADAPTADORES,CONECTIVIDAD
ADAP022,ADAPTADOR UNION RCA DE AUDIO (DOBLE),4,2.17,15,PRODUCTO,ADAPTADORES,CONECTIVIDAD
ADAP023,ADAPTADOR UNION RCA DE AUDIO Y VIDEO (TRIPLE),2,2.52,15,PRODUCTO,ADAPTADORES,CONECTIVIDAD
ADAP072,ADAPTADOR USB-A A HDMI,1,12.96,15,PRODUCTO,ADAPTADORES,CONECTIVIDAD
ADAP047,ADAPTADOR USB-A A USB-C HEMBRA EARLDOM 0T91A,3,5.09,15,PRODUCTO,ADAPTADORES,CONECTIVIDAD
ADAP067,ADAPTADOR USB-A A USB-C HEMBRA LDNIO STAR,4,6.52,15,PRODUCTO,ADAPTADORES,CONECTIVIDAD
ADAP087,ADAPTADOR USB-A A USB-C LDNIO,3,6,15,PRODUCTO,ADAPTADORES,CONECTIVIDAD
ADAP062,ADAPTADOR USB-A ANTENA WIFI ALFA UW06,2,10.43,15,PRODUCTO,ADAPTADORES,CONECTIVIDAD
ADAP019,ADAPTADOR USB-C A 3.5MM,2,5.65,15,PRODUCTO,ADAPTADORES,CONECTIVIDAD
ADAP012,ADAPTADOR USB-C A 3.5MM + USB-C JH-031,1,8.26,15,PRODUCTO,ADAPTADORES,CONECTIVIDAD
ADAP020,ADAPTADOR USB-C A 3.5MM NEGRO,2,3.7,15,PRODUCTO,ADAPTADORES,CONECTIVIDAD
ADAP014,ADAPTADOR USB-C A HDMI HP 3.1 DHC-CT202,1,28.7,15,PRODUCTO,ADAPTADORES,CONECTIVIDAD
ADAP064,ADAPTADOR USB-C A HDMI MARCA MONSTER,2,16.65,15,PRODUCTO,ADAPTADORES,CONECTIVIDAD
ADAP015,ADAPTADOR USB-C A HDMI Y PUERTOS USB LDNIO DS-25H,0,19.04,15,PRODUCTO,ADAPTADORES,CONECTIVIDAD
ADAP013,ADAPTADOR USB-C HEMBRA A USB-A MACHO SS,0,4.17,15,PRODUCTO,ADAPTADORES,CONECTIVIDAD
ADAP042,ADAPTADOR VIAJERO TRAVEL WORLD INTERNACIONAL,4,6.87,15,PRODUCTO,ADAPTADORES,CONECTIVIDAD
ADAP099,ADAPTADOR VIAJERO TRAVEL WORLD INTERNACIONAL 30W KLIP XTREME,1,42.74,15,PRODUCTO,ADAPTADORES,CONECTIVIDAD
ADAP043,ADAPTADOR VIAJERO TRAVEL WORLD INTERNACIONAL EARLDOM 3.5A,2,29.09,15,PRODUCTO,ADAPTADORES,CONECTIVIDAD
ADAP044,ADAPTADOR VIAJERO TRAVEL WORLD INTERNACIONAL RCA,3,18.61,15,PRODUCTO,ADAPTADORES,CONECTIVIDAD
AUDI123,AIRPODS PRO 3 CON AI,2,27.74,15,PRODUCTO,AUDIFONOS,AUDIO
AIRT002,AIRTAG DE BILLETERA LOSHALL,1,25.22,15,PRODUCTO,AIRTAGS,CONECTIVIDAD
AIRT004,AIRTAG PORTATIL TIPO LLAVERO CUADRADO,3,12.3,15,PRODUCTO,,
AIRT001,AIRTAG SLING FIND MY IP,1,12.09,15,PRODUCTO,AIRTAGS,CONECTIVIDAD
AIRT003,AIRTAG UGREEN FIND MY IP,1,25.22,15,PRODUCTO,AIRTAGS,CONECTIVIDAD
ALEX004,ALEXA AMAZON ECHO SHOW 8 8.7 PULGADAS,1,220.13,15,PRODUCTO,,
ALEX001,ALEXA ECHO DOT,2,75.57,15,PRODUCTO,ALEXA,AUDIO
ALEX002,ALEXA ECHO POP,1,55.48,15,PRODUCTO,ALEXA,AUDIO
ALEX003,ALEXA ECHO SHOW,0,101.17,15,PRODUCTO,ALEXA,AUDIO
ANTE002,ANTENA DIGITAL HDTV 3.5DBI SG-3002,5,10.43,15,PRODUCTO,ANTENAS,CONECTIVIAD
ANTE001,ANTENA JUPITER PARA TV,2,5.65,15,PRODUCTO,ANTENAS,CONECTIVIAD
AROD02,ARO DE LUZ 3D-26,2,14.22,15,PRODUCTO,,
AROD001,ARO DE LUZ LED CUADRADO MJ-88,10,7.96,15,PRODUCTO,AUDIFONOS,AUDIO
AROD03,ARO DE LUZ SELFIE MINI,1,4.22,15,PRODUCTO,,ILUMINACION
AUDI094,AUDIFONOS AIRPODS 3 3ERA,3,13.04,15,PRODUCTO,AUDIFONOS,AUDIO
AUDI001,AUDIFONOS AIRPODS PRO 2 ANC,2,21.74,15,PRODUCTO,AUDIFONOS,AUDIO
AUDI002,AUDIFONOS AKG 3.5MM,4,4.35,15,PRODUCTO,AUDIFONOS,AUDIO
AUDI003,AUDIFONOS AKG USB-C,4,5.22,15,PRODUCTO,AUDIFONOS,AUDIO
AUDI004,AUDIFONOS ALAMBRICOS BASICOS ESENCIAL,7,3.04,15,PRODUCTO,AUDIFONOS,AUDIO
AUDI008,AUDIFONOS ALAMBRICOS EARPODS LIGHTNING,2,13.04,15,PRODUCTO,AUDIFONOS,AUDIO
AUDI009,AUDIFONOS ALAMBRICOS EARPODS TIPO USB-C,2,13.91,15,PRODUCTO,AUDIFONOS,AUDIO
AUDI079,AUDIFONOS ALAMBRICOS GAMER PRIMUS ARCUS 90T,0,21.74,15,PRODUCTO,AUDIFONOS,AUDIO
AUDI112,AUDIFONOS ALAMBRICOS HONOR EARPHONES,11,5.22,15,PRODUCTO,AUDIFONOS,AUDIO
AUDI027,AUDIFONOS ALAMBRICOS MI REDMI,0,5.09,15,PRODUCTO,AUDIFONOS,AUDIO
AUDI010,AUDIFONOS ALAMBRICOS R45,0,4.22,15,PRODUCTO,AUDIFONOS,AUDIO
AUDI030,AUDIFONOS ALAMBRICOS REDMI VER 2,0,5.65,15,PRODUCTO,AUDIFONOS,AUDIO
AUDI097,AUDIFONOS ALAMBRICOS TUNE 310C,8,10.35,15,PRODUCTO,AUDIFONOS,AUDIO
AUDI078,AUDIFONOS ANIMADO PARA NIOS MODELO SPIDERMAN,0,12.17,15,PRODUCTO,AUDIFONOS,AUDIO
AUDI054,AUDIFONOS ANIMADOS STICH,0,13.04,15,PRODUCTO,AUDIFONOS,AUDIO
AUDI045,AUDIFONOS CUELLO MODELO WX7,1,10.43,15,PRODUCTO,AUDIFONOS,AUDIO
AUDI120,AUDIFONOS DE DIADEMA 3.5MM XTECH XTH356 AVID,1,16.83,15,PRODUCTO,AUDIFONOS,AUDIO
AUDI039,AUDIFONOS DE DIADEMA ANIMADOS PARA NINOS,6,12.17,15,PRODUCTO,AUDIFONOS,AUDIO
AUDI046,AUDIFONOS DE DIADEMA ANIMADOS PARA NIOS BIG MARIO,1,16.52,15,PRODUCTO,AUDIFONOS,AUDIO
AUDI038,AUDIFONOS DE DIADEMA CASCOS QUITCOMFORT ULTRA NOISE CANCELLING,2,22.87,15,PRODUCTO,AUDIFONOS,AUDIO
AUDI117,AUDIFONOS DE DIADEMA CON MICROFONO XTECH XTH564 3.5MM,1,20.5,15,PRODUCTO,,
AUDI116,AUDIFONOS DE DIADEMA COON MICROFONO USB-C XTECH XTH-245,1,16.26,15,PRODUCTO,,
AUDI011,AUDIFONOS DE DIADEMA GAMER G9000,0,19.43,15,PRODUCTO,AUDIFONOS,AUDIO
AUDI012,AUDIFONOS DE DIADEMA GAMER KOMC G306,1,15.65,15,PRODUCTO,AUDIFONOS,AUDIO
AUDI013,AUDIFONOS DE DIADEMA GAMER KOMC LED G311,0,19.13,15,PRODUCTO,AUDIFONOS,AUDIO
AUDI014,AUDIFONOS DE DIADEMA GAMER ONIKUMA K1B,0,20.87,15,PRODUCTO,AUDIFONOS,AUDIO
AUDI076,AUDIFONOS DE DIADEMA GAMING 5RCA553,2,20.13,15,PRODUCTO,AUDIFONOS,AUDIO
AUDI033,AUDIFONOS DE DIADEMA GAMING HEADSET GH95,0,20.48,15,PRODUCTO,AUDIFONOS,AUDIO
AUDI032,AUDIFONOS DE DIADEMA GAMING HEADSET RGB,0,22.61,15,PRODUCTO,AUDIFONOS,AUDIO
AUDI071,AUDIFONOS DE DIADEMA GAMING OVI HP-858W,0,38.52,15,PRODUCTO,AUDIFONOS,AUDIO
AUDI108,AUDIFONOS DE DIADEMA KLIPXTREME DUOVOX KCH-915,1,60.35,15,PRODUCTO,AUDIFONOS,AUDIO
AUDI091,AUDIFONOS DE DIADEMA KLIPXTREME ESCAPE,3,34,15,PRODUCTO,AUDIFONOS,AUDIO
AUDI107,AUDIFONOS DE DIADEMA KLIPXTREME HI-FI KNH-750GR,1,80.35,15,PRODUCTO,AUDIFONOS,AUDIO
AUDI085,AUDIFONOS DE DIADEMA KLIPXTREME KSH-290 SEKUAL,2,15.3,15,PRODUCTO,AUDIFONOS,AUDIO
AUDI090,AUDIFONOS DE DIADEMA KLIPXTREME STYLE,1,50.7,15,PRODUCTO,AUDIFONOS,AUDIO
AUDI084,AUDIFONOS DE DIADEMA KLIPXTREME ZOUNDTUNE,0,22,15,PRODUCTO,AUDIFONOS,AUDIO
AUDI052,AUDIFONOS DE DIADEMA KOMC S66,0,11.83,15,PRODUCTO,AUDIFONOS,AUDIO
AUDI119,AUDIFONOS DE DIADEMA LOGITECH H390 USB-C,2,36.43,15,PRODUCTO,AUDIFONOS,CONECTIVIDAD
AUDI040,AUDIFONOS DE DIADEMA MODELO P9,0,15.65,15,PRODUCTO,AUDIFONOS,AUDIO
AUDI104,AUDIFONOS DE DIADEMA MONO KLIPXTREME VOXCOM KCH-750,1,34.17,15,PRODUCTO,AUDIFONOS,AUDIO
AUDI081,AUDIFONOS DE DIADEMA PARA PC KLIPXTREME KLEARCOM,2,25.61,15,PRODUCTO,AUDIFONOS,AUDIO
AUDI096,AUDIFONOS DE DIADEMA PARA PC-LAPTOPS SY440MV,2,7.96,15,PRODUCTO,AUDIFONOS,AUDIO
AUDI037,AUDIFONOS DE DIADEMA QUIETCOMFORT 45 II,2,21.61,15,PRODUCTO,AUDIFONOS,AUDIO
AUDI114,AUDIFONOS DE DIADEMA RIVERSONG RHYTHM L9,1,25.52,15,PRODUCTO,AUDIFONOS,AUDIO
AUDI064,AUDIFONOS DE DIADEMA SOUNDGEAR SENSE DEPORTIVOS,2,25.03,15,PRODUCTO,AUDIFONOS,AUDIO
AUDI043,AUDIFONOS DE DIADEMA TOUR ONE M2,0,19.13,15,PRODUCTO,AUDIFONOS,AUDIO
AUDI048,AUDIFONOS DE DIADEMA TUNE 510,0,13.83,15,PRODUCTO,AUDIFONOS,AUDIO
AUDI047,AUDIFONOS DE DIADEMA TUNE 760,2,16.52,15,PRODUCTO,AUDIFONOS,AUDIO
AUDI089,AUDIFONOS DE DIADEMA TUNE A16,1,20,15,PRODUCTO,AUDIFONOS,AUDIO
AUDI016,AUDIFONOS DE DIADEMA TUNE A6,4,15.57,15,PRODUCTO,AUDIFONOS,AUDIO
AUDI100,AUDIFONOS DE DIADEMA ULT POWERSOUND,2,19.26,15,PRODUCTO,AUDIFONOS,AUDIO
AUDI031,AUDIFONOS DE DIADEMA XB900 NOISE CANCELLED,0,16.52,15,PRODUCTO,AUDIFONOS,AUDIO
AUDI080,AUDIFONOS DE DIADEMA XTECH SPIDERMAN,1,28.7,15,PRODUCTO,AUDIFONOS,AUDIO
AUDI072,AUDIFONOS DE DIADEMA XTRIKE-ME GH-512W,1,42.61,15,PRODUCTO,AUDIFONOS,AUDIO
AUDI057,AUDIFONOS DEPORTIVOS OWS-03,2,16.52,15,PRODUCTO,AUDIFONOS,AUDIO
AUDI056,AUDIFONOS DEPORTIVOS SAIVA HEROFIT PRO,0,33.91,15,PRODUCTO,AUDIFONOS,AUDIO
AUDI095,AUDIFONOS DEPORTIVOS THINKPLUS X15PRO,1,34.04,15,PRODUCTO,AUDIFONOS,AUDIO
AUDI005,AUDIFONOS DIADEMA AIRPODS MAX,1,25.22,15,PRODUCTO,AUDIFONOS,AUDIO
AUDI006,AUDIFONOS DIADEMA MARSHALL,0,20,15,PRODUCTO,AUDIFONOS,AUDIO
AUDI007,AUDIFONOS DIADEMA PRO STUDIO,3,14.7,15,PRODUCTO,AUDIFONOS,AUDIO
AUDI101,AUDIFONOS GALAXY BUDS 5 PRO,3,18.17,15,PRODUCTO,AUDIFONOS,AUDIO
AUDI053,AUDIFONOS GALAXY BUDS PRO 6,2,19.13,15,PRODUCTO,AUDIFONOS,AUDIO
AUDI082,AUDIFONOS GALAXY BUDS PRO 9,5,16.7,15,PRODUCTO,AUDIFONOS,AUDIO
AUDI044,AUDIFONOS GALAXY BUDS PRO AKG,17,25.22,15,PRODUCTO,AUDIFONOS,AUDIO
AUDI049,AUDIFONOS GAMER HP DHE8001U,2,23.87,15,PRODUCTO,AUDIFONOS,AUDIO
AUDI106,AUDIFONOS GAMING JBL QUANTUM 650 WIRELESS,1,142.87,15,PRODUCTO,AUDIFONOS,AUDIO
AUDI070,AUDIFONOS GAMING MEETION MT-HP021,0,26.09,15,PRODUCTO,AUDIFONOS,AUDIO
AUDI109,AUDIFONOS HONOR INALAMBRICOS HONOR X7E ACTIVE,4,24.35,15,PRODUCTO,AUDIFONOS,AUDIO
AUDI088,AUDIFONOS INALAMBRICOS 1HORA,2,19.91,15,PRODUCTO,AUDIFONOS,AUDIO
AUDI111,AUDIFONOS INALAMBRICOS AIRPODS,50,13.04,15,PRODUCTO,AUDIFONOS,AUDIO
AUDI042,AUDIFONOS INALAMBRICOS AIRPODS 4 4TA,2,21.74,15,PRODUCTO,AUDIFONOS,AUDIO
AUDI061,AUDIFONOS INALAMBRICOS AIRPODS 4 ANC 4TA,3,25.22,15,PRODUCTO,AUDIFONOS,AUDIO
AUDI069,AUDIFONOS INALAMBRICOS AIRPODS ANIMADOS,3,12.96,15,PRODUCTO,AUDIFONOS,AUDIO
AUDI063,AUDIFONOS INALAMBRICOS AIRPODS PRO 2 ANC-ENC CON PANTALLA,4,16.83,15,PRODUCTO,AUDIFONOS,AUDIO
AUDI077,AUDIFONOS INALAMBRICOS AIRPODS VERSION 3,0,16.96,15,PRODUCTO,AUDIFONOS,AUDIO
AUDI062,AUDIFONOS INALAMBRICOS AIRPODS XFT-01,4,15.65,15,PRODUCTO,AUDIFONOS,AUDIO
AUDI099,AUDIFONOS INALAMBRICOS BLACKSHARK T13 ANC,1,42.74,15,PRODUCTO,AUDIFONOS,AUDIO
AUDI083,AUDIFONOS INALAMBRICOS DEPORTIVOS LINKBUDS FIT,1,12.91,15,PRODUCTO,AUDIFONOS,AUDIO
AUDI015,AUDIFONOS INALAMBRICOS FACE CHANGE G05D,2,19.13,15,PRODUCTO,AUDIFONOS,AUDIO
AUDI073,AUDIFONOS INALAMBRICOS GALAXY BUDS 6 PRO,2,16.83,15,PRODUCTO,AUDIFONOS,AUDIO
AUDI121,AUDIFONOS INALAMBRICOS HAVIT TW952 PRO RGB,0,34.04,15,PRODUCTO,AUDIFONOS,AUDIO
AUDI041,AUDIFONOS INALAMBRICOS HAVIT TW969 LITE,1,19.13,15,PRODUCTO,AUDIFONOS,AUDIO
AUDI086,AUDIFONOS INALAMBRICOS KLIPXTREME KTE-015PR,1,24.48,15,PRODUCTO,AUDIFONOS,AUDIO
AUDI125,AUDIFONOS INALAMBRICOS LMN-K5,10,14.39,15,PRODUCTO,,
AUDI115,AUDIFONOS INALAMBRICOS LMN-X02,15,14.39,15,PRODUCTO,,
AUDI034,AUDIFONOS INALAMBRICOS MONSTER AIRMARS XKT01,1,32.17,15,PRODUCTO,AUDIFONOS,AUDIO
AUDI035,AUDIFONOS INALAMBRICOS MONSTER AIRMARS XKT25,0,29.57,15,PRODUCTO,AUDIFONOS,AUDIO
AUDI028,AUDIFONOS INALAMBRICOS MONSTER N-LITE 203,1,30.43,15,PRODUCTO,AUDIFONOS,AUDIO
AUDI024,AUDIFONOS INALAMBRICOS PARA DEPORTE ERGONOMICOS XT9511,0,21.74,15,PRODUCTO,AUDIFONOS,AUDIO
AUDI118,AUDIFONOS INALAMBRICOS PRIMUS ARCUS 300S,1,41.17,15,PRODUCTO,AUDIFONOS,CONECTIVIDAD
AUDI029,AUDIFONOS INALAMBRICOS PRO 6,0,5.22,15,PRODUCTO,AUDIFONOS,AUDIO
AUDI051,AUDIFONOS INALAMBRICOS PRO5S,0,6.52,15,PRODUCTO,AUDIFONOS,AUDIO
AUDI068,AUDIFONOS INALAMBRICOS RIVERSONG AIRCLIP L3,0,28.7,15,PRODUCTO,AUDIFONOS,AUDIO
AUDI067,AUDIFONOS INALAMBRICOS RIVERSONG AIRFLY L1,1,21.74,15,PRODUCTO,AUDIFONOS,AUDIO
AUDI058,AUDIFONOS INALAMBRICOS SAIVA METAL MODELO MT5,0,21.74,15,PRODUCTO,AUDIFONOS,AUDIO
AUDI060,AUDIFONOS INALAMBRICOS SAIVA MODELO T10,0,15.65,15,PRODUCTO,AUDIFONOS,AUDIO
AUDI066,AUDIFONOS INALAMBRICOS SAIVA SY-MT1 METAL,1,21.74,15,PRODUCTO,AUDIFONOS,AUDIO
AUDI059,AUDIFONOS INALAMBRICOS SAIVA T80 ANC CON PANTALLA,0,28.7,15,PRODUCTO,AUDIFONOS,AUDIO
AUDI122,AUDIFONOS INALAMBRICOS SAIVA YB4,1,17.26,15,PRODUCTO,AUDIFONOS,AUDIO
AUDI017,AUDIFONOS INALAMBRICOS SIGNATURE,1,25.22,15,PRODUCTO,AUDIFONOS,AUDIO
AUDI074,AUDIFONOS INALAMBRICOS STARWARS PRIMUS,1,37.52,15,PRODUCTO,AUDIFONOS,AUDIO
AUDI050,AUDIFONOS INALAMBRICOS STEREO TWS ENC,0,10,15,PRODUCTO,AUDIFONOS,AUDIO
AUDI025,AUDIFONOS INALAMBRICOS THINKPLUS X15II,1,26.09,15,PRODUCTO,AUDIFONOS,AUDIO
AUDI065,AUDIFONOS INALAMBRICOS TUNE 220,2,13.83,15,PRODUCTO,AUDIFONOS,AUDIO
AUDI098,AUDIFONOS INALAMBRICOS TUNE BEAM 150,1,16.65,15,PRODUCTO,AUDIFONOS,AUDIO
AUDI018,AUDIFONOS INALAMBRICOS TUNE FLEX,2,16.52,15,PRODUCTO,AUDIFONOS,AUDIO
AUDI019,AUDIFONOS INALAMBRICOS TUNE PRO,0,22.61,15,PRODUCTO,AUDIFONOS,AUDIO
AUDI020,AUDIFONOS INALAMBRICOS TUNE230NC,1,20.87,15,PRODUCTO,AUDIFONOS,AUDIO
AUDI021,AUDIFONOS INALAMBRICOS WAVE 200,0,17.3,15,PRODUCTO,AUDIFONOS,AUDIO
AUDI022,AUDIFONOS INALAMBRICOS WAVE 300,0,21.74,15,PRODUCTO,AUDIFONOS,AUDIO
AUDI023,AUDIFONOS INALAMBRICOS WAVE 360,0,25.22,15,PRODUCTO,AUDIFONOS,AUDIO
AUDI026,AUDIFONOS INALAMBRICOSTHINKPLUS LP1S,1,24.35,15,PRODUCTO,AUDIFONOS,AUDIO
AUDI124,AUDIFONOS INALMABRICOS LMN-K21,5,14.39,15,PRODUCTO,,
AUDI103,AUDIFONOS JBL ENDURANCE PACE,1,77.65,15,PRODUCTO,AUDIFONOS,AUDIO
AUDI102,AUDIFONOS JBL ENDURANCE ZONE OPEN EAR,0,117.38,15,PRODUCTO,AUDIFONOS,AUDIO
AUDI105,AUDIFONOS JBL TUNE 780NC,0,85.48,15,PRODUCTO,AUDIFONOS,AUDIO
AUDI087,AUDIFONOS JBL TUNE520C USB-C,0,36.78,15,PRODUCTO,AUDIFONOS,AUDIO
AUDI093,AUDIFONOS KLIPXTREME OPEN AIR CONDUCCION OSEA,1,41.61,15,PRODUCTO,AUDIFONOS,AUDIO
AUDI113,AUDIFONOS KLIPXTREME OPENBUDS KOE-250BK,1,42.74,15,PRODUCTO,AUDIFONOS,AUDIO
AUDI092,AUDIFONOS KLIPXTREME WAVEZOUND CONDUCCION OSEA,0,42,15,PRODUCTO,AUDIFONOS,AUDIO
AUDI075,AUDIFONOS MEETION BTH003,0,20.57,15,PRODUCTO,AUDIFONOS,AUDIO
AUDI055,AUDIFONOS REDMI BUDS 6 PLAY,4,23.3,15,PRODUCTO,AUDIFONOS,AUDIO
AUDI110,AUDIFONOS TIPO ARETE HT-10,1,12.09,15,PRODUCTO,AUDIFONOS,AUDIO
AUDI036,AUDIFONOS ULTRA OPEN EARBUDS,1,31.3,15,PRODUCTO,AUDIFONOS,AUDIO
BAL001,BALON DE FUTBOL GRANDE,4,8.57,15,PRODUCTO,JUGUETES,
BALO01,BALON DE FUTBOL GRANDE,0,8.7,15,PRODUCTO,BALONES,JUEGOS Y ENTRETENIMIENTO
BAL002,BALON DE FUTBOL INDOOR,4,5.52,15,PRODUCTO,JUGUETES,
BALO02,BALON DE FUTBOL INDOOR,0,7.83,15,PRODUCTO,BALONES,JUEGOS Y ENTRETENIMIENTO
BARR001,BARRA DE SONIDO A500,0,11.74,15,PRODUCTO,BARRAS DE SONIDO,AUDIO
BARR002,BARRA DE SONIDO KLIPXTREME THUNDER ZOUND,1,77.52,15,PRODUCTO,BARRAS DE SONIDO,AUDIO
BASE005,BASE DE CARGA INALAMBRICA 2 EN 1 UGREEN,1,67.09,15,PRODUCTO,BASES INALAMBRICAS,ENERGIA Y CARGA
BASE001,BASE INALAMBRICA DE CARGA,0,24.74,15,PRODUCTO,BASES INALAMBRICAS,ENERGIA Y CARGA
BASE003,BASE INALAMBRICA DE CARGA 3 EN 1,2,19.13,15,PRODUCTO,BASES INALAMBRICAS,ENERGIA Y CARGA
BASE004,BASE INALAMBRICA DE CARGA 3 EN 1 CUADRADA MONSTER WX632,3,24.96,15,PRODUCTO,BASES INALAMBRICAS,ENERGIA Y CARGA
BASE006,BASE INALAMBRICA DE CARGA 3 EN 1 METAL-FLEXIBLE,2,25.52,15,PRODUCTO,BASES INALAMBRICAS,ENERGIA Y CARGA
BASE002,BASE INALAMBRICA DE CARGA MULTIFUNCIONAL 3 EN 1 MONSTER,2,21.13,15,PRODUCTO,BASES INALAMBRICAS,ENERGIA Y CARGA
BILL004,BILLETERA ANIMADA,1,7.83,15,PRODUCTO,BILLETERAS,GADGETS
BILL007,BILLETERA ANIMADA CAPITAN AMERICA CON RELIEVE,0,10.43,15,PRODUCTO,BILLETERAS,GADGETS
BILL008,BILLETERA ANIMADA TOAD,1,11.22,15,PRODUCTO,BILLETERAS,GADGETS
BILL006,BILLETERA CON MAGSAFE HDD MARRON CON SOPORTE WALLET,1,13.04,15,PRODUCTO,BILLETERAS,GADGETS
BILL005,BILLETERA CON MAGSAFE HDD PURPURA WALLET,0,13.91,15,PRODUCTO,BILLETERAS,GADGETS
BILL003,BILLETERA IPH CON SOPORTE WALLET,0,10.43,15,PRODUCTO,BILLETERAS,GADGETS
BILL001,BILLETERA MAGSAFE IPH LEATHER WALLET,0,10.43,15,PRODUCTO,BILLETERAS,GADGETS
BILL002,BILLETERA MAGSAFE IPH SILICON WALLET,1,10.43,15,PRODUCTO,BILLETERAS,GADGETS
BINO001,BINOCULARES 8X40,1,22.61,15,PRODUCTO,BINOCULARES,ASTRONOMIA
BRAZ001,BRAZALETE DEPORTIVO PARA CELULAR BRAZO,5,8.22,15,PRODUCTO,BRAZALETES,GADGETS
CABL087,CABLE 1/4 A 1/4 PARA GUITARRA 3M,2,8.3,15,PRODUCTO,CABLES,CONECTIVIDAD
CABL086,CABLE 1/4 MONO A XLR CANON PARA MICROFONO,2,8.57,15,PRODUCTO,CABLES,CONECTIVIDAD
CABL049,CABLE 3.5MM A AV 1.50M,1,2.83,15,PRODUCTO,CABLES,CONECTIVIDAD
CABL001,CABLE ADAPTADOR DE LIGHTNING A 3.5MM,3,7.83,15,PRODUCTO,CABLES,CONECTIVIDAD
CABL002,CABLE ADAPTADOR DE USB-C A 3.5MM,4,7.39,15,PRODUCTO,CABLES,CONECTIVIDAD
CABL132,CABLE ADAPTADOR DIVISOR MICROFONO-AUDIFONO 3.5MM HEMBRA A DOBLE 3.5MM MACHO ROJO,2,4.13,15,PRODUCTO,CABLES,CONECTIVIDAD
CABL053,CABLE AUDIO 3.5MM A RCA 0.90M,3,2.83,15,PRODUCTO,CABLES,CONECTIVIDAD
CABL054,CABLE AUDIO 3.5MM A RCA 1.50M,5,3.48,15,PRODUCTO,CABLES,CONECTIVIDAD
CABL055,CABLE AUDIO 3.5MM A RCA 3M,4,4.78,15,PRODUCTO,CABLES,CONECTIVIDAD
CABL056,CABLE AUDIO 3.5MM A RCA 5M,3,6,15,PRODUCTO,CABLES,CONECTIVIDAD
CABL050,CABLE AUDIO Y VIDEO AV 1.5M,3,2.83,15,PRODUCTO,CABLES,CONECTIVIDAD
CABL051,CABLE AUDIO Y VIDEO AV 3M,3,3.39,15,PRODUCTO,CABLES,CONECTIVIDAD
CABL066,CABLE AUXILIAR 2 EN 1 EARLDOM MODELO AUX69,0,10.43,15,PRODUCTO,CABLES,CONECTIVIDAD
CABL006,CABLE AUXILIAR 3.5MM 2M HP DHC AU02,4,7.13,15,PRODUCTO,CABLES,CONECTIVIDAD
CABL079,CABLE AUXILIAR EARLDOM 1M AUX08,1,4.78,15,PRODUCTO,CABLES,CONECTIVIDAD
CABL098,CABLE AUXILIAR EARLDOM 1M MODELO ELBOW AUX 21 PUNTA L,7,6.83,15,PRODUCTO,CABLES,CONECTIVIDAD
CABL067,CABLE AUXILIAR EARLDOM 2M AUX10,6,5.65,15,PRODUCTO,CABLES,CONECTIVIDAD
CABL080,CABLE AUXILIAR KIN 1.2M KY-213,1,3.91,15,PRODUCTO,CABLES,CONECTIVIDAD
CABL078,CABLE AUXILIAR TREQA CA-1019,4,1.96,15,PRODUCTO,CABLES,CONECTIVIDAD
CABL090,CABLE AV PS2 PLAY STATION 2,1,5.13,15,PRODUCTO,CABLES,CONECTIVIDAD
CABL112,CABLE CONVERTIDOR DE USB-C A HDMI 4K,0,15.17,15,PRODUCTO,CABLES,CONECTIVIDAD
CABL072,CABLE CONVERTIDOR HDMI A RCA THUNDER SOUND 1.5M,1,10.43,15,PRODUCTO,CABLES,CONECTIVIDAD
CABL062,CABLE DE AUDIO 3.5MM A RCA 1.8M,0,3.39,15,PRODUCTO,CABLES,CONECTIVIDAD
CABL061,CABLE DE AUDIO 3.5MM A RCA VER.2,0,8.26,15,PRODUCTO,CABLES,CONECTIVIDAD
CABL100,CABLE DE AUDIO COAXIAL DIGITAL 1.8M,3,6.87,15,PRODUCTO,CABLES,CONECTIVIDAD
CABL060,CABLE DE AUDIO RCA 1.8M,2,3.39,15,PRODUCTO,CABLES,CONECTIVIDAD
CABL059,CABLE DE AUDIO RCA 3M,2,4.13,15,PRODUCTO,CABLES,CONECTIVIDAD
CABL070,CABLE DE DISCO DURO USB-A A USB 3.0 MICRO-B,5,5.13,15,PRODUCTO,CABLES,CONECTIVIDAD
CABL013,CABLE DE EXTENSION USB-A 1.5M MINDPURE,7,3.39,15,PRODUCTO,CABLES,CONECTIVIDAD
CABL014,CABLE DE EXTENSION USB-A 3M MINDPURE,6,4.61,15,PRODUCTO,CABLES,CONECTIVIDAD
CABL119,CABLE DE IMPRESORA USB-A A USB-B 1.5M MINDPURE,0,6.22,15,PRODUCTO,CABLES,CONECTIVIDAD
CABL116,CABLE DE IMPRESORA USB-A A USB-B 10M MINDPURE,1,17.26,15,PRODUCTO,CABLES,CONECTIVIDAD
CABL118,CABLE DE IMPRESORA USB-A A USB-B 3M MINDPURE,1,8.09,15,PRODUCTO,CABLES,CONECTIVIDAD
CABL117,CABLE DE IMPRESORA USB-A A USB-B 5M MINDPURE,1,13.35,15,PRODUCTO,CABLES,CONECTIVIDAD
CABL057,CABLE DE IMPRESORA USB-B AZUL,3,4.57,15,PRODUCTO,CABLES,CONECTIVIDAD
CABL121,CABLE DE IMPRESORA USB-C A USB-A 3M,2,8.26,15,PRODUCTO,CABLES,CONECTIVIDAD
CABL120,CABLE DE IMPRESORA USB-C A USB-B 1.5M,2,6.87,15,PRODUCTO,CABLES,CONECTIVIDAD
CABL018,CABLE DE PODER BLANCO,3,4.35,15,PRODUCTO,CABLES,CONECTIVIDAD
CABL163,CABLE DE PODER NEGRO,5,2.83,15,PRODUCTO,,
CABL017,CABLE DE PODER TIPO 8 DE 1.5M,1,3.04,15,PRODUCTO,CABLES,CONECTIVIDAD
CABL016,CABLE DE PODER TIPO 8 DE 1M,2,2.61,15,PRODUCTO,CABLES,CONECTIVIDAD
CABL015,CABLE DE PODER TREBOL,4,3.04,15,PRODUCTO,CABLES,CONECTIVIDAD
CABL164,CABLE DE PODER TREBOL PLANO,2,3.39,15,PRODUCTO,CABLES,CONECTIVIDAD
CABL010,CABLE DE RED 10M AZUL CAT 5,0,6.09,15,PRODUCTO,CABLES,CONECTIVIDAD
CABL011,CABLE DE RED 10M GRIS CAT 6,0,6.96,15,PRODUCTO,CABLES,CONECTIVIDAD
CABL169,CABLE DE RED 10M MONSTER CAT 6,2,11.47,15,PRODUCTO,CABLES,CONECTIVIAD
CABL130,CABLE DE RED 15M PLH COLOR AZUL CAT6E,2,9,15,PRODUCTO,CABLES,CONECTIVIDAD
CABL133,CABLE DE RED 20M CAT 6E CABO SERIES,1,13.35,15,PRODUCTO,CABLES,CONECTIVIDAD
CABL146,CABLE DE RED 25M ANDOWL,1,17.26,15,PRODUCTO,CABLES,CONECTIVIDAD
CABL147,CABLE DE RED 30M ANDOWL,1,19.43,15,PRODUCTO,CABLES,CONECTIVIDAD
CABL167,CABLE DE RED 3M MONSTER CAT6,3,6.2,15,PRODUCTO,CABLES,
CABL019,CABLE DE RED 5M AZUL CAT 5,3,3.48,15,PRODUCTO,CABLES,CONECTIVIDAD
CABL126,CABLE DE RED 5M CAT6 PLH,3,5.35,15,PRODUCTO,CABLES,CONECTIVIDAD
CABL020,CABLE DE RED 5M GRIS CAT 6,0,5.22,15,PRODUCTO,CABLES,CONECTIVIDAD
CABL168,CABLE DE RED 5M MONSTER CAT 6,3,8.15,15,PRODUCTO,CABLES,CONECTIVIDAD
CABL081,CABLE DE RED ANDOWL Q-T139 10M,0,12.09,15,PRODUCTO,CABLES,CONECTIVIDAD
CABL134,CABLE DE RED DE 10M CAT 5 CABO SERIES,3,6.09,15,PRODUCTO,CABLES,CONECTIVIDAD
CABL135,CABLE DE RED DE 10M CAT 6 IT-BLUE CABO SERIES,3,8.26,15,PRODUCTO,CABLES,CONECTIVIDAD
CABL082,CABLE DE RED GRIS CAT6 15M,2,7.26,15,PRODUCTO,CABLES,CONECTIVIDAD
CABL042,CABLE DE RED HP CAT 5 C5E COLOR GRIS C5E246060361,4,8.57,15,PRODUCTO,CABLES,CONECTIVIDAD
CABL039,CABLE DE RED HP CAT 6 3M,2,10.43,15,PRODUCTO,CABLES,CONECTIVIDAD
CABL041,CABLE DE RED HP CAT 6 MORADO CAT624508H353,4,10,15,PRODUCTO,CABLES,CONECTIVIDAD
CABL064,CABLE DISPLAYPORT A HDMI 1.8M,0,16.96,15,PRODUCTO,CABLES,CONECTIVIDAD
CABL065,CABLE DISPLAYPORT A HDMI 3M,0,20.43,15,PRODUCTO,CABLES,CONECTIVIDAD
CABL127,CABLE EXTENSION 3.5MM DE 3 LINEAS,2,8.26,15,PRODUCTO,CABLES,CONECTIVIDAD
CABL170,CABLE EXTENSION 4 METROS VOLTEK,1,7.35,15,PRODUCTO,,
CABL123,CABLE EXTENSION AUXILIAR 1.5M,2,3.91,15,PRODUCTO,CABLES,CONECTIVIDAD
CABL124,CABLE EXTENSION AUXILIAR 3M AMERICAN XTREME,1,6,15,PRODUCTO,CABLES,CONECTIVIDAD
CABL171,CABLE EXTENSION UNIVERSAL 5M AMARILLA,1,9.09,15,PRODUCTO,,
CABL115,CABLE EXTENSION USB-A MACHO A USB-A HEMBRA AMPLIFICADA 8M,1,17.52,15,PRODUCTO,CABLES,CONECTIVIDAD
CABL161,CABLE HDMI + MICRO + MINI ADAPTADORES HDTV 3 EN 1,3,11.22,15,PRODUCTO,CABLES,CONECTIVIDAD
CABL076,CABLE HDMI 1.5M ORVESION AWX-1008A,7,5.65,15,PRODUCTO,CABLES,CONECTIVIDAD
CABL114,CABLE HDMI 20M,1,18.57,15,PRODUCTO,CABLES,CONECTIVIDAD
CABL144,CABLE HDMI 2M ORVESION PLANO,2,7.74,15,PRODUCTO,CABLES,CONECTIVIDAD
CABL110,CABLE HDMI 3M ANDOWL 4K,2,10.43,15,PRODUCTO,CABLES,CONECTIVIDAD
CABL111,CABLE HDMI 3M ORVESION 2K Y 4K,2,10,15,PRODUCTO,CABLES,CONECTIVIDAD
CABL143,CABLE HDMI 3M ORVESION 8K,2,9.87,15,PRODUCTO,CABLES,CONECTIVIDAD
CABL077,CABLE HDMI 4K 5M EARLDOM,0,10.43,15,PRODUCTO,CABLES,CONECTIVIDAD
CABL142,CABLE HDMI 5M ORVESION 8K,1,11.74,15,PRODUCTO,CABLES,CONECTIVIDAD
CABL094,CABLE HDMI A DISPLAYPORT 3M,3,15.87,15,PRODUCTO,CABLES,CONECTIVIDAD
CABL131,CABLE HDMI A DISPLAYPORT 4K X 2K,2,11.22,15,PRODUCTO,CABLES,CONECTIVIDAD
CABL125,CABLE HDMI A DISPLAYPORT ENV 1.8M,2,19.13,15,PRODUCTO,CABLES,CONECTIVIDAD
CABL040,CABLE HDMI A DVI,0,7.83,15,PRODUCTO,CABLES,CONECTIVIDAD
CABL073,CABLE HDMI A DVI HP,1,11.3,15,PRODUCTO,CABLES,CONECTIVIDAD
CABL069,CABLE HDMI A VGA SGL,3,13.04,15,PRODUCTO,CABLES,CONECTIVIDAD
CABL138,CABLE HDMI BELKIN 4K 18GBPS 2M,1,16.78,15,PRODUCTO,CABLES,CONECTIVIDAD
CABL043,CABLE HDMI HP HIGH SPEED HDMI DHC-HD01-3M,0,13.04,15,PRODUCTO,CABLES,CONECTIVIDAD
CABL092,CABLE HDMI ORVESION 3M PLANO,2,8.7,15,PRODUCTO,CABLES,CONECTIVIDAD
CABL091,CABLE HDMI ORVESION 5M 4K 30HZ,0,10.43,15,PRODUCTO,CABLES,CONECTIVIDAD
CABL093,CABLE HDMI ORVESION 5M PLANO,3,10.22,15,PRODUCTO,CABLES,CONECTIVIDAD
CABL021,CABLE HDMI PREMIUM 3M,0,8.7,15,PRODUCTO,CABLES,CONECTIVIDAD
CABL022,CABLE HDMI PREMIUM 5M,0,13.91,15,PRODUCTO,CABLES,CONECTIVIDAD
CABL024,CABLE IIN ZII MICRO-USB 2M 8821,4,5.65,15,PRODUCTO,CABLES,CONECTIVIDAD
CABL032,CABLE IIN ZII MICRO-USB C8901,6,3.48,15,PRODUCTO,CABLES,CONECTIVIDAD
CABL083,CABLE IIN ZII USB-A A USB-C 8831 3M,1,7.22,15,PRODUCTO,CABLES,CONECTIVIDAD
CABL025,CABLE IIN ZII USB-C 1.20M 8822,8,5.13,15,PRODUCTO,CABLES,CONECTIVIDAD
CABL026,CABLE IIN ZII USB-C 1M 8826,1,5.65,15,PRODUCTO,CABLES,CONECTIVIDAD
CABL027,CABLE IIN ZII USB-C 1M 8827,1,6,15,PRODUCTO,CABLES,CONECTIVIDAD
CABL028,CABLE IIN ZII USB-C 1M 8850,0,5.65,15,PRODUCTO,CABLES,CONECTIVIDAD
CABL029,CABLE IIN ZII USB-C 1M C8901,0,4.78,15,PRODUCTO,CABLES,CONECTIVIDAD
CABL023,CABLE IIN ZII USB-C 2M 8821,0,5.65,15,PRODUCTO,CABLES,CONECTIVIDAD
CABL074,CABLE IPH USB-A A LIGHTNING 1M,4,7.17,15,PRODUCTO,CABLES,CONECTIVIDAD
CABL003,CABLE IPH USB-C A USB-C 1M,0,3.48,15,PRODUCTO,CABLES,CONECTIVIDAD
CABL068,CABLE IPH USB-C A USB-C 1M 60W,6,11.74,15,PRODUCTO,CABLES,CONECTIVIDAD
CABL004,CABLE IPH USB-C A USB-C 2M,1,5.22,15,PRODUCTO,CABLES,CONECTIVIDAD
CABL139,CABLE IPH USB-C A USB-C 2M 240W,20,10.87,15,PRODUCTO,CABLES,CONECTIVIDAD
CABL005,CABLE LIGHTNING A USB-A 2M,7,6,15,PRODUCTO,CABLES,CONECTIVIDAD
CABL148,CABLE LIGHTNING RECCI ELBOW,5,4.22,15,PRODUCTO,CABLES,CONECTIVIDAD
CABL149,CABLE LIGHTNING RECCI GRIDE MAGNETICO,2,4.26,15,PRODUCTO,CABLES,CONECTIVIDAD
CABL150,CABLE MICRO-USB RECCI 1M 2.4A RTC-N12M,7,3.7,15,PRODUCTO,CABLES,CONECTIVIDAD
CABL153,CABLE MICRO-USB RECCI 5A SUPER V00C 1M,4,3.91,15,PRODUCTO,CABLES,CONECTIVIDAD
CABL157,CABLE MICRO-USB RECCI CITY OF SKY 2M,38,5,15,PRODUCTO,CABLES,CONECTIVIDAD
CABL156,CABLE MICRO-USB RECCI GENBU 1M,9,4.22,15,PRODUCTO,CABLES,CONECTIVIDAD
CABL152,CABLE MICRO-USB RECCI GRIDE MAGNETICO 1M,3,3.78,15,PRODUCTO,CABLES,CONECTIVIDAD
CABL154,CABLE MICRO-USB RECCI HONOUR 1M,1,3.87,15,PRODUCTO,CABLES,CONECTIVIDAD
CABL155,CABLE MICRO-USB RECCI INSTANT 2M,1,4.48,15,PRODUCTO,CABLES,CONECTIVIDAD
CABL151,CABLE MICRO-USB RECCI RAYLINE 1M,6,3.61,15,PRODUCTO,CABLES,CONECTIVIDAD
CABL063,CABLE MINI HDMI A HDMI,1,9.57,15,PRODUCTO,CABLES,CONECTIVIDAD
CABL096,CABLE MINI HDMI A HDMI CENTURY 3M,1,10.43,15,PRODUCTO,CABLES,CONECTIVIDAD
CABL044,CABLE MULTIPLE + CARGADOR INALAMBRICO VIDVIE CB4026,1,20,15,PRODUCTO,CABLES,CONECTIVIDAD
CABL046,CABLE MULTIPLE 3 EN 1 120W 6A S219,1,12.96,15,PRODUCTO,CABLES,CONECTIVIDAD
CABL045,CABLE MULTIPLE 3 EN 1 SUPER CHARGING,2,8.7,15,PRODUCTO,CABLES,CONECTIVIDAD
CABL047,CABLE MULTIPLE 3 EN 1 YESPLUS MODEL YS-837,0,13.04,15,PRODUCTO,CABLES,CONECTIVIDAD
CABL159,CABLE MULTIPLE 4 EN 1 65W/27W,4,10.3,15,PRODUCTO,,
CABL160,CABLE OPTICO DE AUDIO 1M,2,4.35,15,PRODUCTO,CABLES,CAMARAS
CABL158,CABLE PARA RASURADORA 5V 1.5M EDN,1,2.83,15,PRODUCTO,CABLES,CONECTIVIDAD
CABL165,CABLE PARA RASURADORA CORRIENTE DIRECTA,2,2.52,15,PRODUCTO,CABLES,CONECTIVIDAD
CABL012,CABLE PARA ROUTER DE 5V A 12V 2AMP,1,7.83,15,PRODUCTO,CABLES,CONECTIVIDAD
CABL036,CABLE SAMSUNG USB-C A USB-C 3A 1.8M,0,8.7,15,PRODUCTO,CABLES,CONECTIVIDAD
CABL038,CABLE SAMSUNG USB-C A USB-C 3A 1M,0,6.39,15,PRODUCTO,CABLES,CONECTIVIDAD
CABL037,CABLE SAMSUNG USB-C A USB-C 5A 1.8M,5,8.26,15,PRODUCTO,CABLES,CONECTIVIDAD
CABL033,CABLE STARK USB-C A USB-C LC121C,2,5.22,15,PRODUCTO,CABLES,CONECTIVIDAD
CABL122,CABLE USB-A A HDMI,3,11.22,15,PRODUCTO,CABLES,CONECTIVIDAD
CABL058,CABLE USB-A A LIGHTNING 1M LDNIO,0,3.48,15,PRODUCTO,CABLES,CONECTIVIDAD
CABL089,CABLE USB-A A LIGHTNING BATEN CB-102,8,4.35,15,PRODUCTO,CABLES,CONECTIVIDAD
CABL099,CABLE USB-A A LIGHTNING EARLDOM 1M NEGRO,3,5.22,15,PRODUCTO,CABLES,CONECTIVIDAD
CABL075,CABLE USB-A A MINI-USB V3 1M NEGRO,8,2.74,15,PRODUCTO,CABLES,CONECTIVIDAD
CABL071,CABLE USB-A A MINI-USB V3 2M AZUL,3,3.04,15,PRODUCTO,CABLES,CONECTIVIDAD
CABL048,CABLE USB-A A USB-A MACHO A MACHO,4,2.83,15,PRODUCTO,CABLES,CONECTIVIDAD
CABL085,CABLE USB-A A USB-C 2M 8A BRAIDED CB85,1,7.39,15,PRODUCTO,CABLES,CONECTIVIDAD
CABL137,CABLE USB-A A USB-C 3M KLIPXTREME POWERGO 050 KAC-050-10FT,5,9.87,15,PRODUCTO,CABLES,CONECTIVIDAD
CABL145,CABLE USB-A A USB-C 3M TREQA,3,8.57,15,PRODUCTO,CABLES,CONECTIVIDAD
CABL109,CABLE USB-A A USB-C BELKIN 2M,0,19.13,15,PRODUCTO,CABLES,CONECTIVIDAD
CABL102,CABLE USB-A A USB-C KLIPXTREME 1.8M 30W POWERGO 050,10,8.26,15,PRODUCTO,CABLES,CONECTIVIDAD
CABL136,CABLE USB-A A USB-C KLIPXTREME 1M 30W POWERGO 050,2,7.26,15,PRODUCTO,CABLES,CONECTIVIDAD
CABL140,CABLE USB-A A USB-C RESHURK 6A,15,4.78,15,PRODUCTO,CABLES,CONECTIVIDAD
CABL162,CABLE USB-C A 3.5MM EARLDOM AC01,1,9.09,15,PRODUCTO,CABLES,CONECTIVIDAD
CABL129,CABLE USB-C A DISPLAYPORT,1,17.26,15,PRODUCTO,CABLES,CONECTIVIDAD
CABL128,CABLE USB-C A HDMI 2M ANDOWL,3,20.78,15,PRODUCTO,CABLES,CONECTIVIDAD
CABL031,CABLE USB-C A LIGHTNING 1M,10,9.57,15,PRODUCTO,CABLES,CONECTIVIDAD
CABL030,CABLE USB-C A LIGHTNING 2M,1,7.83,15,PRODUCTO,CABLES,CONECTIVIDAD
CABL166,CABLE USB-C A LIGHTNING VER.2,8,10.83,15,PRODUCTO,CABLES,CONECTIVIDAD
CABL097,CABLE USB-C A USB-C + ADAPTADOR USB-C HEMBRA A LIGHTNING,3,5.96,15,PRODUCTO,CABLES,CONECTIVIDAD
CABL113,CABLE USB-C A USB-C 1M 1HORA,11,5.65,15,PRODUCTO,CABLES,CONECTIVIDAD
CABL008,CABLE USB-C A USB-C 1M RCA T11,0,7.39,15,PRODUCTO,CABLES,CONECTIVIDAD
CABL007,CABLE USB-C A USB-C 1M RCA T63,0,5.65,15,PRODUCTO,CABLES,CONECTIVIDAD
CABL035,CABLE USB-C A USB-C 2M MONSTER POWER FLEX,2,6.52,15,PRODUCTO,CABLES,CONECTIVIDAD
CABL141,CABLE USB-C A USB-C 60W COLOR NARANJA,3,10.96,15,PRODUCTO,CABLES,CONECTIVIDAD
CABL009,CABLE USB-C A USB-C GERLAX GD-46T,6,10.43,15,PRODUCTO,CABLES,CONECTIVIDAD
CABL108,CABLE USB-C A USB-C KLIPXTREME 1.8M 100W,6,12.48,15,PRODUCTO,CABLES,CONECTIVIDAD
CABL107,CABLE USB-C A USB-C KLIPXTREME 1.8M 240W,4,15.78,15,PRODUCTO,CABLES,CONECTIVIDAD
CABL103,CABLE USB-C A USB-C KLIPXTREME 1.8M 60W,4,11.39,15,PRODUCTO,CABLES,CONECTIVIDAD
CABL105,CABLE USB-C A USB-C KLIPXTREME 3M 100W,1,13.78,15,PRODUCTO,CABLES,CONECTIVIDAD
CABL106,CABLE USB-C A USB-C KLIPXTREME 3M 240W,4,16.78,15,PRODUCTO,CABLES,CONECTIVIDAD
CABL104,CABLE USB-C A USB-C KLIPXTREME 3M 60W,2,12.09,15,PRODUCTO,CABLES,CONECTIVIDAD
CABL084,CABLE USB-C A USB-C SAMSUNG 1.8M 5A,1,7.39,15,PRODUCTO,CABLES,CONECTIVIDAD
CABL095,CABLE USB-C A USB-C SAMSUNG 5A 1M,0,6.87,15,PRODUCTO,CABLES,CONECTIVIDAD
CABL034,CABLE USB-C VENTEV,0,12.09,15,PRODUCTO,CABLES,CONECTIVIDAD
CABL101,CABLE VEN-DENS 60W RGB CON LUZ MODELO VD-DCF05,3,12.09,15,PRODUCTO,CABLES,CONECTIVIDAD
CABL052,CABLE VGA 1.5M,4,3.91,15,PRODUCTO,CABLES,CONECTIVIDAD
CABL088,CABLE XLR MACHO A XLR HEMBRA CANON,1,8.7,15,PRODUCTO,CABLES,CONECTIVIDAD
CALC002,CALCULADORA CASIO HL-815L,1,8.61,15,PRODUCTO,CALCULADORAS,ARTICULOS DE OFICINA
CALC001,CALCULADORA CASIO MX-8B,1,11.52,15,PRODUCTO,CALCULADORAS,ARTICULOS DE OFICINA
CALC003,CALCULADORA CON PAD DE ESCRITURA,1,16.52,15,PRODUCTO,CALCULADORAS,ARTICULOS DE OFICINA
CAMA003,CAMARA DE SEGURIDAD BW300 XIAOMI,1,64.26,15,PRODUCTO,CAMARAS DE SEGURIDAD,SEGURIDAD
CAMA002,CAMARA DE SEGURIDAD HD TIPO FOCO,1,23.35,15,PRODUCTO,CAMARAS DE SEGURIDAD,SEGURIDAD
CAMA001,CAMARA DE SEGURIDAD MINI WEBCAM HD,1,15.65,15,PRODUCTO,CAMARAS DE SEGURIDAD,SEGURIDAD
CAMA007,CAMARA DE SEGURIDAD NEXXT INDOOR 2K,2,25.96,15,PRODUCTO,CAMARAS DE SEGURIDAD,SEGURIDAD
CAMA008,CAMARA DE SEGURIDAD TP LINK TAPO FULL HD 1080,1,31.91,15,PRODUCTO,CAMARAS DE SEGURIDAD,SEGURIDAD
CAMA009,CAMARA DE SEGURIDAD VIGI BY TP LINK OUTDOOR FULLCOLOR EASYCAM C320,1,25.35,15,PRODUCTO,CAMARAS DE SEGURIDAD,SEGURIDAD
CAMA005,CAMARA DE SEGURIDAD XIAOMI C301 PARA INTERIORES,1,52.04,15,PRODUCTO,CAMARAS DE SEGURIDAD,SEGURIDAD
CAMA006,CAMARA DE SEGURUIDAD ENV PARA INTERIORES,0,25.96,15,PRODUCTO,CAMARAS DE SEGURIDAD,SEGURIDAD
CAMA004,CAMARA DE SESEGURIDAD CW100 DUAL XIAOMI,0,56.78,15,PRODUCTO,CAMARAS DE SEGURIDAD,SEGURIDAD
CAMA010,CAMARA PARA VEHICULO DASHCAM ANDOWL,1,29.7,15,PRODUCTO,GADGETS,CAMARAS
CAND001,CANDADO PARA LAPTOP BLOT C KLIP XTREME,1,12.96,15,PRODUCTO,,
CAPT003,CAPTURADORA DE VIDEO HDTV 4K 3.0 HDMI INPUT + OUTPUT,2,22.87,15,PRODUCTO,CAPTURADORAS DE VIDEO,CONECTIVIDAD
CAPT004,CAPTURADORA DE VIDEO HDTV TIPO FLASHMEMORY,2,12.09,15,PRODUCTO,CAPTURADORAS DE VIDEO,CONECTIVIDAD
CAPT002,CAPTURADORA DE VIDEO USB-A A AUDIO Y VIDEO AV,1,15.78,15,PRODUCTO,CAPTURADORAS DE VIDEO,CONECTIVIDAD
CAPT001,CAPTURADORA DE VIDEO USB-C + USB-A ADAPTER A HDMI,0,19.87,15,PRODUCTO,CAPTURADORAS DE VIDEO,CONECTIVIDAD
CARP001,CAR PLAY XO-CZ026 MINI,1,37.26,15,PRODUCTO,,CONECTIVIDAD
CARG030,CARGADOR 120W INFINIX,0,8.26,15,PRODUCTO,CARGADORES,ENERGIA Y CARGA
CARG036,CARGADOR 120W XIA GAN CHARGER SET,2,17.26,15,PRODUCTO,CARGADORES,ENERGIA Y CARGA
CARG040,CARGADOR 120W XIA USB-C + USB-C + USB-A,3,21.65,15,PRODUCTO,CARGADORES,ENERGIA Y CARGA
CARG037,CARGADOR 25W SAM CON CABLE USB-C A USB-C,10,12.09,15,PRODUCTO,CARGADORES,ENERGIA Y CARGA
CARG053,CARGADOR 30W USB-C CON CABLE 1HORA,5,12.04,15,PRODUCTO,CARGADORES,ENERGIA Y CARGA
CARG031,CARGADOR 45W INFINIX,0,7.39,15,PRODUCTO,CARGADORES,ENERGIA Y CARGA
CARG010,CARGADOR 45W SAM CON CABLE USB-C A USB-C,4,15.65,15,PRODUCTO,CARGADORES,ENERGIA Y CARGA
CARG015,CARGADOR 65W POWER TRIO SAM,3,21.74,15,PRODUCTO,CARGADORES,ENERGIA Y CARGA
CARG054,CARGADOR 65W USB-C + USB-C + USB-A 1HORA,1,27.83,15,PRODUCTO,CARGADORES,ENERGIA Y CARGA
CARG055,CARGADOR 65W USB-C + USB-C DOBLE 1HORA PLANO,1,30.43,15,PRODUCTO,CARGADORES,ENERGIA Y CARGA
CARG016,CARGADOR BATEN 25W CX-305,6,12.17,15,PRODUCTO,CARGADORES,ENERGIA Y CARGA
CARG002,CARGADOR HUAWEI MICRO-USB OR-C1,0,6.22,15,PRODUCTO,CARGADORES,ENERGIA Y CARGA
CARG033,CARGADOR IIN ZII C536 CON CABLE USB-C,9,10.22,15,PRODUCTO,CARGADORES,ENERGIA Y CARGA
CARG022,CARGADOR INALAMBRICO CIRCULAR PLANO,0,9.35,15,PRODUCTO,CARGADORES,ENERGIA Y CARGA
CARG004,CARGADOR INALAMBRICO DE MESA RCA STAND,1,12.96,15,PRODUCTO,CARGADORES,ENERGIA Y CARGA
CARG069,CARGADOR INALAMBRICO INFINIX MAGPAD,1,8.57,15,PRODUCTO,CARGADORES,
CARG003,CARGADOR INALAMBRICO PARA VEHICULO Q11,0,19.13,15,PRODUCTO,CARGADORES,ENERGIA Y CARGA
CARG052,CARGADOR IPH 13PM 35W USB-C + USB-C DOBLE,0,21.74,15,PRODUCTO,CARGADORES,ENERGIA Y CARGA
CARG017,CARGADOR IPH 13PM USB-C + USB-C DOBLE 50W + CABLE USB-C A LIGHTNING,0,21.74,15,PRODUCTO,CARGADORES,ENERGIA Y CARGA
CARG028,CARGADOR IPH 14PM 20W USB-C A LIGHTNING,8,12.96,15,PRODUCTO,CARGADORES,ENERGIA Y CARGA
CARG029,CARGADOR IPH 14PM 25W USB-C A LIGHTNING,21,15.65,15,PRODUCTO,CARGADORES,ENERGIA Y CARGA
CARG024,CARGADOR IPH 15PM 20W USB-C A USB-C,0,22.17,15,PRODUCTO,CARGADORES,ENERGIA Y CARGA
CARG005,CARGADOR IPH 15PM 35W CON CABLE USB-C A USB-C,0,17.39,15,PRODUCTO,CARGADORES,ENERGIA Y CARGA
CARG048,CARGADOR IPH 16PH 35W USB-C A USB-C,3,19.13,15,PRODUCTO,CARGADORES,ENERGIA Y CARGA
CARG049,CARGADOR IPH 17PM 40W,7,24.35,15,PRODUCTO,CARGADORES,ENERGIA Y CARGA
CARG034,CARGADOR IPH 25W 15PM USB-C A USB-C,8,16.09,15,PRODUCTO,CARGADORES,ENERGIA Y CARGA
CARG001,CARGADOR IPH 35W DOBLE CONECTOR USB-C + USB-C Y CABLE USB-C A LIGHTNING,7,21.74,15,PRODUCTO,CARGADORES,ENERGIA Y CARGA
CARG046,CARGADOR IPH 50W USB-C + USB-C,7,21.74,15,PRODUCTO,CARGADORES,ENERGIA Y CARGA
CARG027,CARGADOR IPH 50W USB-C A LIGHTNING,0,16.52,15,PRODUCTO,CARGADORES,ENERGIA Y CARGA
CARG056,CARGADOR MICRO-USB REALME CON CABLE INCORPORADO V8,4,4.35,15,PRODUCTO,CARGADORES,ENERGIA Y CARGA
CARG011,CARGADOR MICRO-USB SAM,0,5.96,15,PRODUCTO,CARGADORES,ENERGIA Y CARGA
CARG057,CARGADOR MICRO-USB V8 XIA,4,6,15,PRODUCTO,CARGADORES,ENERGIA Y CARGA
CARG006,CARGADOR MULTIPLE MARCA EVL PARA AA + AAA + 9V AD-517,1,11.3,15,PRODUCTO,CARGADORES,ENERGIA Y CARGA
CARG007,CARGADOR PARA AA + AAA INCLUYE AAA JB-212 JIABAO,3,10.43,15,PRODUCTO,CARGADORES,ENERGIA Y CARGA
CARG058,CARGADOR PARA MAC MAGSAFE 2 85W,1,37.39,15,PRODUCTO,CARGADORES,ENERGIA Y CARGA
CARG059,CARGADOR PARA MAC USB-C 96W,1,46,15,PRODUCTO,CARGADORES,ENERGIA Y CARGA
CARG066,CARGADOR PARA SMARTWATCH DE PINES,1,5.87,15,PRODUCTO,CARGADORES,ENERGIA Y CARGA
CARG018,CARGADOR PARA VEHICULO 4 PUERTOS USB-A MATCH,22,6.52,15,PRODUCTO,CARGADORES,ENERGIA Y CARGA
CARG026,CARGADOR PARA VEHICULO 45W FAST MODELO WKN-705,0,8.26,15,PRODUCTO,CARGADORES,ENERGIA Y CARGA
CARG050,CARGADOR PARA VEHICULO 60W KLIPXTREME POWERCAR 060,7,15.04,15,PRODUCTO,CARGADORES,ENERGIA Y CARGA
CARG045,CARGADOR PARA VEHICULO BATEN 38W BT-C42 USB-C + USB-A,1,19.13,15,PRODUCTO,CARGADORES,ENERGIA Y CARGA
CARG064,CARGADOR PARA VEHICULO BELKIN 42W,1,28.87,15,PRODUCTO,CARGADORES,ENERGIA Y CARGA
CARG025,CARGADOR PARA VEHICULO EARLDOM ES-123 USB-A DOBLE,1,10.43,15,PRODUCTO,CARGADORES,ENERGIA Y CARGA
CARG035,CARGADOR PARA VEHICULO IIN ZII IZ-C221 USB-A DOBLE,2,7.39,15,PRODUCTO,CARGADORES,ENERGIA Y CARGA
CARG009,CARGADOR PARA VEHICULO IINZII C707,0,13.91,15,PRODUCTO,CARGADORES,ENERGIA Y CARGA
CARG008,CARGADOR PARA VEHICULO IINZII IZ650,0,11.3,15,PRODUCTO,CARGADORES,ENERGIA Y CARGA
CARG041,CARGADOR PARA VEHICULO LDNIO 30W C105 USB-A + CABLE USB-C,1,12.09,15,PRODUCTO,CARGADORES,ENERGIA Y CARGA
CARG042,CARGADOR PARA VEHICULO LDNIO 60W C104 USB-C DOBLE + CABLE USB-C A USB-C,1,16.52,15,PRODUCTO,CARGADORES,ENERGIA Y CARGA
CARG043,CARGADOR PARA VEHICULO LDNIO C1 USBC + USB-A + CABLE USB-C A LIGHTNING,0,23.3,15,PRODUCTO,CARGADORES,ENERGIA Y CARGA
CARG014,CARGADOR PARA VEHICULO MARCA MONSTER 38W USB-C + USB-A,2,15.65,15,PRODUCTO,CARGADORES,ENERGIA Y CARGA
CARG039,CARGADOR PARA VEHICULO MULTIPLE 4 EN 1,1,21.17,15,PRODUCTO,CARGADORES,ENERGIA Y CARGA
CARG051,CARGADOR PARA VEHICULO MULTIPLE CON EXTENSION POWERCAR 100W KLIPXTREME,2,24.96,15,PRODUCTO,CARGADORES,ENERGIA Y CARGA
CARG020,CARGADOR PARA VEHICULO ONE MUST OM-CA02,0,19.13,15,PRODUCTO,CARGADORES,ENERGIA Y CARGA
CARG019,CARGADOR PARA VEHICULO ONE MUST OM-CA03,2,13.04,15,PRODUCTO,CARGADORES,ENERGIA Y CARGA
CARG070,CARGADOR PARA VEHICULO POWERCAR 140 KLIPXTREME,1,32.09,15,PRODUCTO,CARGADORES,CONECTIVIDAD
CARG047,CARGADOR PARA VEHICULO SGS MODELO CC10,3,13.91,15,PRODUCTO,CARGADORES,ENERGIA Y CARGA
CARG021,CARGADOR PARA VEHICULO STARK STK-003,0,12.96,15,PRODUCTO,CARGADORES,ENERGIA Y CARGA
CARG065,CARGADOR PARA VEHICULO UGREEN 52.5W,1,25.39,15,PRODUCTO,CARGADORES,ENERGIA Y CARGA
CARG063,CARGADOR PRO 40 4G + 67W,6,20,15,PRODUCTO,CARGADORES,ENERGIA Y CARGA
CARG068,CARGADOR SAMSUNG CUBO 45W + CABLE USB-C A USB-C,1,30.43,15,PRODUCTO,CARGADORES,ENERGIA Y CARGA
CARG061,CARGADOR SMARTWATCH INFINIX H4,1,11.74,15,PRODUCTO,CARGADORES,ENERGIA Y CARGA
CARG032,CARGADOR TECNO 6.1A,0,7.83,15,PRODUCTO,CARGADORES,ENERGIA Y CARGA
CARG012,CARGADOR TRIO HASTA 65W + CABLE USB-C A USB-C 3A 1M SAM,0,16.43,15,PRODUCTO,CARGADORES,ENERGIA Y CARGA
CARG038,CARGADOR TURBOPOWER MOTO,1,11.96,15,PRODUCTO,CARGADORES,ENERGIA Y CARGA
CARG013,CARGADOR UNIVERSAL PARA LAPTOP,0,12.17,15,PRODUCTO,CARGADORES,ENERGIA Y CARGA
CARG062,CARGADOR UNIVERSAL PARA LAPTOP 65W,1,31.22,15,PRODUCTO,CARGADORES,ENERGIA Y CARGA
CARG060,CARGADOR USB-A + MAGSAFE,0,10.7,15,PRODUCTO,CARGADORES,ENERGIA Y CARGA
CARG044,CARGADOR VOLTRAX 30W USB-C + CABLE,3,14.35,15,PRODUCTO,CARGADORES,ENERGIA Y CARGA
CARG067,CARGADORES PARA SMARTWATCH BASE CIRCULAR,6,3.04,15,PRODUCTO,CARGADORES,ENERGIA Y CARGA
CASE003,CASE DISCO DURO 2.5 ALTEK PLASTICO,1,10.3,15,PRODUCTO,CASE,PROTECTORES
CASE001,CASE PARA DISCO DURO 2.5 ALUMINIO,0,10.35,15,PRODUCTO,CASE,PROTECTORES
CASE002,CASE PARA DISCO NV2 Y NV3,1,16.83,15,PRODUCTO,CASE,PROTECTORES
CHIP001,CHIP SIMCARD CLARO,5,4.35,15,PRODUCTO,CHIPS SIMCARD,COMUNICACIÓN
CHIP004,CHIP SIMCARD CNT,5,4.35,15,PRODUCTO,CHIPS SIMCARD,COMUNICACIÓN
CHIP002,CHIP SIMCARD MOVISTAR,6,4.35,15,PRODUCTO,CHIPS SIMCARD,COMUNICACIÓN
CHIP003,CHIP SIMCARD TUENTI,1,4.35,15,PRODUCTO,CHIPS SIMCARD,COMUNICACIÓN
COBE005,COBERTOR - ESTUCHE AIRPODS PRO 2,25,6.52,15,PRODUCTO,COBERTORES,PROTECTORES
COBE006,COBERTOR - ESTUCHE AIRPODS PRO 2 FLOREADOS,3,8.7,15,PRODUCTO,COBERTORES,PROTECTORES
COBE003,COBERTOR - ESTUCHE AIRPODS PRO 2 HELLO KITTIE,0,8.7,15,PRODUCTO,COBERTORES,PROTECTORES
COBE002,COBERTOR - ESTUCHE AIRPODS PRO 2 MICKEY,1,12.48,15,PRODUCTO,COBERTORES,PROTECTORES
COBE009,COBERTOR - ESTUCHE AIRPODS PRO 2 SPIGEN,1,8.7,15,PRODUCTO,COBERTORES,PROTECTORES
COBE004,COBERTOR - ESTUCHE AIRPODS PRO 4,20,6.52,15,PRODUCTO,COBERTORES,PROTECTORES
COBE007,COBERTOR - ESTUCHE PARA AIRPODS BLISTER VARIOS COLORES,4,8.7,15,PRODUCTO,COBERTORES,PROTECTORES
COBE001,COBERTOR - ESTUCHE PARA CARGADORES VARIOS MODELOS,4,5.65,15,PRODUCTO,COBERTORES,PROTECTORES
COBE008,COBERTOR - ESTUCHE UNIVERSAL TIPO MONEDERO CON CIERRE,0,4.57,15,PRODUCTO,COBERTORES,PROTECTORES
COBE010,COBERTOR GOMAS AIRPODS,1,7.35,15,PRODUCTO,,
CONT001,CONTROL TV + TVBOX + PC CON TECLADO ILUMINADO,3,9.7,15,PRODUCTO,CONTROLES,TV / STREAMING
CONT002,CONTROL TV + TVBOX + PC DE ALUMINIO CON TECLAD,0,21.65,15,PRODUCTO,CONTROLES,TV / STREAMING
CONT004,CONTROL TV + TVBOX + PC NEGRO CON TECLADO,2,20.13,15,PRODUCTO,CONTROLES,TV / STREAMING
CONT003,CONTROL UNIVERSAL HR-N99,0,5.65,15,PRODUCTO,CONTROLES,TV / STREAMING
CORR007,CORREA PARA RELOJ SMARWATCH VARIOS MODELOS - COLORES,5,8.7,15,PRODUCTO,,
CORR009,CORREA PARA SMARTWATCH LISA,1,10.43,15,PRODUCTO,,
CORR11,CORREA SMARTWATCH 42/49MM,0,7.83,15,PRODUCTO,CORREAS,
CORR003,CORREA SMARTWATCH BLANCA CON BORDES ROSADOS,3,10.43,15,PRODUCTO,CORREAS,GADGETS
CORR002,CORREA SMARTWATCH CON BROCHE,0,8.7,15,PRODUCTO,CORREAS,GADGETS
CORR004,CORREA SMARTWATCH CON HUECOS,2,11.3,15,PRODUCTO,CORREAS,GADGETS
CORR005,CORREA SMARTWATCH INFINIX H4,1,11.74,15,PRODUCTO,CORREAS,GADGETS
CORR006,CORREA SMARTWATCH MARIO-LUIGI,1,10.57,15,PRODUCTO,CORREAS,GADGETS
CORR001,CORREA SMARTWATCH VARIADAS,10,6.52,15,PRODUCTO,CORREAS,GADGETS
CORR008,CORREA SMARTWATCH VERDE,1,13.04,15,PRODUCTO,,
CORR10,CORREA SMARWATCH ESENCIAL,1,2.61,15,PRODUCTO,CORREAS,
CORT01,CORTAPICOS LDNIO MULTIENCHUFES 6 PUERTOS USB-A CS3604,1,20.78,15,PRODUCTO,CORTAPICOS,ENERGIA Y CARGA
CORT02,CORTAPICOS MODEL B02 POWER SOCKET,0,14.35,15,PRODUCTO,CORTAPICOS,ENERGIA Y CARGA
CORT03,CORTAPICOS MODELO K37 POWER SOCKET,1,14.78,15,PRODUCTO,CORTAPICOS,ENERGIA Y CARGA
CORT04,CORTAPICOS POWER SOCKET USB-C X2 + USB-A X2,2,9.87,15,PRODUCTO,CORTAPICOS,ENERGIA Y CARGA
CORT05,CORTAPICOS RACK CHARGER 4 PUERTOS USB-A,0,8.26,15,PRODUCTO,CORTAPICOS,ENERGIA Y CARGA
CORT06,CORTAPICOS REGLETA NEGRA MEGASTAR,1,8.57,15,PRODUCTO,CORTAPICOS,ENERGIA Y CARGA
CUBO021,CUBO 40W USB-C,1,17.39,15,PRODUCTO,CUBOS CARGADORES,ENERGIA Y CARGA
CUBO018,CUBO CARGADOR 20W MONSTER USBC + USB-A,2,10.19,15,PRODUCTO,CUBOS CARGADORES,ENERGIA Y CARGA
CUBO013,CUBO CARGADOR 25W MONSTER RC252 1A1C,2,16.78,15,PRODUCTO,CUBOS CARGADORES,ENERGIA Y CARGA
CUBO009,CUBO CARGADOR 33W XIA,4,6.96,15,PRODUCTO,CUBOS CARGADORES,ENERGIA Y CARGA
CUBO012,CUBO CARGADOR 35W SAMSUNG USC-C + USB-A,0,11.74,15,PRODUCTO,CUBOS CARGADORES,ENERGIA Y CARGA
CUBO008,CUBO CARGADOR 35W USB-C + USB-C DOBLE,1,16.52,15,PRODUCTO,CUBOS CARGADORES,ENERGIA Y CARGA
CUBO010,CUBO CARGADOR 67W XIA,1,7.83,15,PRODUCTO,CUBOS CARGADORES,ENERGIA Y CARGA
CUBO003,CUBO CARGADOR IIN ZII 45W IZ-C523,2,13.48,15,PRODUCTO,CUBOS CARGADORES,ENERGIA Y CARGA
CUBO016,CUBO CARGADOR IIN ZII C536,2,4.35,15,PRODUCTO,CUBOS CARGADORES,ENERGIA Y CARGA
CUBO004,CUBO CARGADOR IIN ZII C538 20W,0,6.52,15,PRODUCTO,CUBOS CARGADORES,ENERGIA Y CARGA
CUBO006,CUBO CARGADOR IPH 15PM 25W USB-C A USB-C,0,10.43,15,PRODUCTO,CUBOS CARGADORES,ENERGIA Y CARGA
CUBO005,CUBO CARGADOR IPH 15PM 35W 5G,1,12.17,15,PRODUCTO,CUBOS CARGADORES,ENERGIA Y CARGA
CUBO002,CUBO CARGADOR MARCA VENTEV,1,11.17,15,PRODUCTO,CUBOS CARGADORES,ENERGIA Y CARGA
CUBO015,CUBO CARGADOR ONEMUST 30W OM-A02,1,13.83,15,PRODUCTO,CUBOS CARGADORES,ENERGIA Y CARGA
CUBO007,CUBO CARGADOR POWER QUICK CHARGE 3.0 5.1 A,0,6,15,PRODUCTO,CUBOS CARGADORES,ENERGIA Y CARGA
CUBO019,CUBO CARGADOR SAMSUNG 25W,4,13.78,15,PRODUCTO,CUBOS CARGADORES,ENERGIA Y CARGA
CUBO017,CUBO CARGADOR SAMSUNG 45W VER.2,0,8.13,15,PRODUCTO,CUBOS CARGADORES,ENERGIA Y CARGA
CUBO001,CUBO CARGADOR XIAOMI 120W,0,10.43,15,PRODUCTO,CUBOS CARGADORES,ENERGIA Y CARGA
CUBO023,CUBO DE CARGA 20W KLIPXTREME,2,8.61,15,PRODUCTO,CUBOS CARGADORES,ENERGIA Y CARGA
CUBO024,CUBO DE CARGA IPH 17PM 35W USB-C,1,14.22,15,PRODUCTO,CUBOS CARGADORES,ENERGIA Y CARGA
CUBO020,CUBO DE CARGA NAUTICA 10.5W,0,5.96,15,PRODUCTO,CUBOS CARGADORES,ENERGIA Y CARGA
CUBO025,CUBO SAMSUNG 45W 23132,1,14.04,15,PRODUCTO,CUBOS CARGADORES,ENERGIA Y CARGA
CUBO011,CUBO USB POWER ADAPTER 5W USB-A 18245,1,7.61,15,PRODUCTO,CUBOS CARGADORES,ENERGIA Y CARGA
DEST001,DESTORNILLADORES UNIVERSALES DE PRECISION,1,7.96,15,PRODUCTO,DESTORNILLADORES,OTROS
JUGU167,DINOSAURIO COELCCIONABLE VARIOS MODELOS,2,11.09,15,PRODUCTO,JUGUETES,JUEGOS Y ENTRETENIMIENTO
DISC005,DISCO DURO EXTERNO ADATA 1TB ANTISHOCK,1,129.83,15,PRODUCTO,DISCOS DUROS EXTERNOS,ALMACENAMIENTO
DISC003,DISCO DURO EXTERNO ADATA 2TB ANTISHOCK,1,156,15,PRODUCTO,DISCOS DUROS EXTERNOS,ALMACENAMIENTO
DISC002,DISCO DURO EXTERNO ADATA 5TB,0,190.57,15,PRODUCTO,DISCOS DUROS EXTERNOS,ALMACENAMIENTO
DISC006,DISCO DURO EXTERNO SEAGATE 2TB,0,143.65,15,PRODUCTO,DISCOS DUROS EXTERNOS,ALMACENAMIENTO
DISC007,DISCO DURO EXTERNO SEAGATE 5TB,0,189.48,15,PRODUCTO,DISCOS DUROS EXTERNOS,ALMACENAMIENTO
DISC009,DISCO DURO EXTERNO WESTERN DIGITAL 1TB WD ELEMENTS,1,117.57,15,PRODUCTO,DISCOS DUROS EXTERNOS,ALMACENAMIENTO
DISC001,DISCO DURO EXTERNO WESTERN DIGITAL WD 2TB,0,90.98,15,PRODUCTO,DISCOS DUROS EXTERNOS,ALMACENAMIENTO
DISC004,DISCO SOLIDO EXTERNO SSD ADATA 500GB,1,86.35,15,PRODUCTO,DISCOS DUROS EXTERNOS,ALMACENAMIENTO
ENCH001,ENCHUFE INTELIGENTE MINI SMART SOCKET,0,10,15,PRODUCTO,ENCHUFES,ENERGIA Y CARGA
ENCH003,ENCHUFE INTELIGENTE STEREN,0,10.43,15,PRODUCTO,ENCHUFES,ENERGIA Y CARGA
ENCH002,ENCHUFE INTELIGENTE WIFI SMART PLUG,0,8.57,15,PRODUCTO,ENCHUFES,ENERGIA Y CARGA
ENVI001,ENVIO,-2,2.17,15,PRODUCTO,SERVICIO,SERVICIOS
ESFE001,ESFEROS ANIMADOS,0,1.3,15,PRODUCTO,ESFEROS,GADGETS
ESTAB003,ESTABILIZADOR AI C22,0,46.09,15,PRODUCTO,ESTABILIZADORES,FOTOGRAFIA Y VIDEO
ESTAB007,ESTABILIZADOR C08,1,28.83,15,PRODUCTO,ESTABILIZADORES,FOTOGRAFIA Y VIDEO
ESTAB005,ESTABILIZADOR CM8,1,63.65,15,PRODUCTO,ESTABILIZADORES,FOTOGRAFIA Y VIDEO
ESTAB002,ESTABILIZADOR M1,1,57.7,15,PRODUCTO,ESTABILIZADORES,FOTOGRAFIA Y VIDEO
ESTAB001,ESTABILIZADOR Q02,0,29.7,15,PRODUCTO,ESTABILIZADORES,FOTOGRAFIA Y VIDEO
ESTAB006,ESTABILIZADOR Q18,1,45.48,15,PRODUCTO,ESTABILIZADORES,FOTOGRAFIA Y VIDEO
ESTAB004,ESTABILIZADOR Q8,0,16.52,15,PRODUCTO,ESTABILIZADORES,FOTOGRAFIA Y VIDEO
ESTA001,ESTACION DE CARGA 65W 7 EN 1 KLIPXTREME POWERDESK,0,60.26,15,PRODUCTO,ESTACIONES,ENERGIA Y CARGA
ESTA002,ESTACION DE CARGA GaN PRO 6 PUERTOS USB-C X3 + USB-A X3,1,33.26,15,PRODUCTO,,
ESTU091,ESTRUCHE PARA IPHONE CON MAGSAFE SEMITRANSPARENTE GEAR,8,13.04,15,PRODUCTO,ESTUCHES,
ESTU102,ESTUCHE AGENDA 360 7-9 PULGADAS,2,9.13,15,PRODUCTO,,
ESTU023,ESTUCHE BELKIN S24 ULTRA,0,10.43,15,PRODUCTO,ESTUCHES,PROTECTORES
ESTU042,ESTUCHE BELKIN TRANSPARENTE IPHONE 17,0,11.74,15,PRODUCTO,ESTUCHES,PROTECTORES
ESTU002,ESTUCHE CON PROTECTOR DE CAMARA S24 ULTRA,0,8.7,15,PRODUCTO,ESTUCHES,PROTECTORES
ESTU038,ESTUCHE DE CUERO PARA IP17 Y IP17 PRO,0,19.13,15,PRODUCTO,ESTUCHES,PROTECTORES
ESTU001,ESTUCHE DE SILICON S24 ULTRA,0,5.22,15,PRODUCTO,ESTUCHES,PROTECTORES
ESTU004,ESTUCHE IPH CASE HDD PRODUCE MAGSAFE,0,13.04,15,PRODUCTO,ESTUCHES,PROTECTORES
ESTU025,ESTUCHE IPH CON BRILLOS,0,17.39,15,PRODUCTO,ESTUCHES,PROTECTORES
ESTU005,ESTUCHE IPH CON MAGSAFE RAYAS INTERCALADAS,0,17.39,15,PRODUCTO,ESTUCHES,PROTECTORES
ESTU006,ESTUCHE IPH CON MAGSAFE Y BRILLOS TPU MARCA PRESIDIO,0,16.52,15,PRODUCTO,ESTUCHES,PROTECTORES
ESTU007,ESTUCHE IPH CORE DROP+,0,5.22,15,PRODUCTO,ESTUCHES,PROTECTORES
ESTU024,ESTUCHE IPH DE ALUMINIO RESISTENTE COLOR VERDE,0,10.43,15,PRODUCTO,ESTUCHES,PROTECTORES
ESTU008,ESTUCHE IPH DE CUERO CON BILLETERA MAGSAFE HDD,0,17.39,15,PRODUCTO,ESTUCHES,PROTECTORES
ESTU009,ESTUCHE IPH DE CUERO LEATHER CON MAGSAFE PARA IPHONE VARIOS MODELOS,3,13.04,15,PRODUCTO,ESTUCHES,PROTECTORES
ESTU010,ESTUCHE IPH DE SILICON CON MAGSAFE PARA IPHONE VARIOS MODELOS,32,10.43,15,PRODUCTO,ESTUCHES,PROTECTORES
ESTU011,ESTUCHE IPH DE SILICON PARA IPHONE,91,7.83,15,PRODUCTO,ESTUCHES,PROTECTORES
ESTU012,ESTUCHE IPH IPEFET CON MAGSAFE Y SOPORTE CAMARAS SEMITRANSPARENTE,0,13.04,15,PRODUCTO,ESTUCHES,PROTECTORES
ESTU013,ESTUCHE IPH IPEFET MATE CON MAGSAFE Y SOPORTE CAMARAS,0,13.04,15,PRODUCTO,ESTUCHES,PROTECTORES
ESTU014,ESTUCHE IPH PARA IPHONE 15 Y 16 SERIE CREATIVE CASE,0,13.04,15,PRODUCTO,ESTUCHES,PROTECTORES
ESTU015,ESTUCHE IPH SPIGEN MATE CON BORDE Y PROTECTOR DE CAMARA Y MAGSAFE IPHONE VARIOS MODELOS,0,13.04,15,PRODUCTO,ESTUCHES,PROTECTORES
ESTU016,ESTUCHE IPH SPIGEN TRANSPARENTE CON BORDE Y PROTECTOR DE CAMARA Y MAGSAFE IPHONE VARIOS MODELOS,0,13.04,15,PRODUCTO,ESTUCHES,PROTECTORES
ESTU017,ESTUCHE IPH SPIGEN TRANSPARENTE MAGSAFE IPHONE VARIOS MODELOS,0,8.7,15,PRODUCTO,ESTUCHES,PROTECTORES
ESTU032,ESTUCHE IPHONE 12 PRO TORNASOL,0,15.65,15,PRODUCTO,ESTUCHES,PROTECTORES
ESTU034,ESTUCHE IPHONE 16 CUERO,0,13.91,15,PRODUCTO,ESTUCHES,PROTECTORES
ESTU057,ESTUCHE MAGSAFE PARA IPHONE AG-GLASS PREMIUM CON PROTECTOR DE CAMARA,8,15.22,15,PRODUCTO,,
ESTU060,ESTUCHE MAGSAFE PARA IPHONE BORDE PLATEADO VARIOS DISEOS,7,12.91,15,PRODUCTO,,
ESTU065,ESTUCHE MAGSAFE PARA IPHONE CON SOPORTE I-LIKE,3,12.3,15,PRODUCTO,,
ESTU064,ESTUCHE MAGSAFE PARA IPHONE GEAR4 VARIOS COLORES,7,13.48,15,PRODUCTO,,
ESTU056,ESTUCHE MAGSAFE PARA IPHONE TIPO SILICON CON FONDO,13,10.43,15,PRODUCTO,,
ESTU053,ESTUCHE MAGSAFE PARA IPHONE TRANSPARENTE CON BORDES DE COLORES,6,10.43,15,PRODUCTO,,
ESTU059,ESTUCHE MAGSAFE PARA IPHONE TRANSPARENTE RESISTENTE CON BRILLOS ANEW DRESS,3,13.48,15,PRODUCTO,,
ESTU062,ESTUCHE MAGSAFE PARA IPHONE TRANSPARENTE RIGIDO CON BORDES DE COLORES,3,13.04,15,PRODUCTO,,
ESTU054,ESTUCHE MAGSAFE PARA IPHONE TRANSPARETE SEMI-RIGIDO,2,13.04,15,PRODUCTO,,
ESTU055,ESTUCHE MAGSAFE TRANSAPARENTE PARA IPHONE TIPO SILICON,6,10.43,15,PRODUCTO,,
ESTU033,ESTUCHE NORTHFACE PARA IPHONE,0,13.04,15,PRODUCTO,ESTUCHES,PROTECTORES
ESTU101,ESTUCHE PARA HONOR PAD X8A,3,10.43,15,PRODUCTO,ESTUCHES,
ESTU073,ESTUCHE PARA IPHONE 360 COMPLETO ULTRA-RESISTENTE,1,19.13,15,PRODUCTO,,
ESTU092,ESTUCHE PARA IPHONE ACUERADO HDD,2,11.22,15,PRODUCTO,ESTUCHES,
ESTU022,ESTUCHE PARA IPHONE ACUERDADO CON SOPORTE RING 360,4,16.96,15,PRODUCTO,ESTUCHES,PROTECTORES
ESTU076,ESTUCHE PARA IPHONE ACUERDADO CON WALLET,3,17.26,15,PRODUCTO,,
ESTU087,ESTUCHE PARA IPHONE ACUERDADO CON WALLET,1,13.83,15,PRODUCTO,ESTUCHES,
ESTU078,ESTUCHE PARA IPHONE CON BRILLOS PRESIDIO,2,14.22,15,PRODUCTO,,
ESTU100,ESTUCHE PARA IPHONE CON MAGSAFE CASE COMPLETO RIGIDO ELEGANT,2,16.74,15,PRODUCTO,ESTUCHES,
ESTU084,ESTUCHE PARA IPHONE CON MAGSAFE MATE VARIOS COLORES,1,10.43,15,PRODUCTO,,
ESTU086,ESTUCHE PARA IPHONE CON MAGSAFE MODERNO NARANJA,1,16.09,15,PRODUCTO,ESTUCHES,
ESTU085,ESTUCHE PARA IPHONE CON MAGSAFE RESISTENTE PREMIUM TORNASOL,2,15.52,15,PRODUCTO,,
ESTU096,ESTUCHE PARA IPHONE CON MAGSAFE TRANSPARENTE BELKIN,1,12.65,15,PRODUCTO,ESTUCHES,
ESTU094,ESTUCHE PARA IPHONE CON MAGSAFE Y BRILLOS NEW CASE,1,10.65,15,PRODUCTO,ESTUCHES,
ESTU088,ESTUCHE PARA IPHONE CON MAGSAFE Y SOPORTE,3,11.52,15,PRODUCTO,ESTUCHES,
ESTU063,ESTUCHE PARA IPHONE CON SOPORTE RING 360,5,12.48,15,PRODUCTO,,
ESTU077,ESTUCHE PARA IPHONE CREATIVE CASE,12,12.57,15,PRODUCTO,ESTUCHES,
ESTU066,ESTUCHE PARA IPHONE D ELEGANT CON SOPORTE RING 360,1,17.17,15,PRODUCTO,,
ESTU098,ESTUCHE PARA IPHONE ELEGANT CON PROTECTOR DE CAMARA,2,13.26,15,PRODUCTO,ESTUCHES,
ESTU082,ESTUCHE PARA IPHONE ESCARHADOS DINGEND,3,14.7,15,PRODUCTO,ESTUCHES,
ESTU079,ESTUCHE PARA IPHONE FIESTA SERIES CORE,1,6.83,15,PRODUCTO,ESTUCHES,
ESTU075,ESTUCHE PARA IPHONE IPEFET,5,13.04,15,PRODUCTO,ESTUCHES,
ESTU099,ESTUCHE PARA IPHONE MAGNETICO DELGADO,1,11.13,15,PRODUCTO,ESTUCHES,
ESTU090,ESTUCHE PARA IPHONE MAGSAFE CON SOPORTE,2,9.7,15,PRODUCTO,ESTUCHES,
ESTU093,ESTUCHE PARA IPHONE MAGSAFE SPIGEN PRO CASE,3,12.96,15,PRODUCTO,ESTUCHES,
ESTU074,ESTUCHE PARA IPHONE MODERNO,6,10.87,15,PRODUCTO,ESTUCHES,
ESTU089,ESTUCHE PARA IPHONE MODERNO ADIDAS,1,13.04,15,PRODUCTO,ESTUCHES,
ESTU058,ESTUCHE PARA IPHONE PROTECTIVE CASE CLASSIC DESING,4,11.74,15,PRODUCTO,,
ESTU071,ESTUCHE PARA IPHONE SEMITRANSPARENTE CON RING 360 VARIOS COLORES,6,11.74,15,PRODUCTO,,
ESTU068,ESTUCHE PARA IPHONE SPIGEN CON SOPORTE,3,11.22,15,PRODUCTO,,
ESTU070,ESTUCHE PARA IPHONE SPIGEN PREMUM VARIOS MODELOS - DISEOS,6,13.87,15,PRODUCTO,,
ESTU069,ESTUCHE PARA IPHONE SPIGEN VARIOS MODELOS - DISENOS,37,11.99,15,PRODUCTO,,
ESTU081,ESTUCHE PARA IPHONE TRANSPARENTE RESISTENTE CON PROTECTORES DE CAMARA,1,12.96,15,PRODUCTO,,
ESTU072,ESTUCHE PARA IPHONE TRANSPARENTE RESITENTE CON MAGSAFE Y PROTECTOR DE CAMARA,1,13.04,15,PRODUCTO,ESTUCHES,PROTECTORES
ESTU097,ESTUCHE PARA IPHONE ULTRA RESISTENTE LIFEPROOF VARIOS COLORES,3,17.26,15,PRODUCTO,ESTUCHES,
ESTU095,ESTUCHE PARA IPHONE VARIOS DISENOS,2,11.26,15,PRODUCTO,ESTUCHES,
ESTU083,ESTUCHE PARA IPHONE VERDE CON RING 360,1,10.57,15,PRODUCTO,ESTUCHES,
ESTU080,ESTUCHE PARA IPHONE Y SAMSUNG CON RAYAS INTERCALADAS,3,15.57,15,PRODUCTO,ESTUCHES,
ESTU061,ESTUCHE PARA MAGSAFE PARA IPHONE PREMIUM DESING,1,17.39,15,PRODUCTO,,
ESTU019,ESTUCHE PARA SAMSUNG S24 ULTRA RAYAS INTERCALADAS,0,17.39,15,PRODUCTO,ESTUCHES,PROTECTORES
ESTU067,ESTUCHE RESISTENTE PARA IPHONE REFORZADO DROP PLUS,1,15.65,15,PRODUCTO,,
ESTU043,ESTUCHE SAMSUNG A07 TIPO AGENDA,0,10.43,15,PRODUCTO,ESTUCHES,PROTECTORES
ESTU048,ESTUCHE SILICON PARA ANDROID,19,5.22,15,PRODUCTO,,
ESTU049,ESTUCHE SILICON PARA ANDROID MODELOS VER.2,40,5.22,15,PRODUCTO,,
ESTU047,ESTUCHE SILICON PARA IPHONE XR / 11,11,6.09,15,PRODUCTO,,
ESTU030,ESTUCHE TIPO AGENDA MARCA MELKING 8 PULGADAS,2,10.43,15,PRODUCTO,ESTUCHES,PROTECTORES
ESTU052,ESTUCHE TRANSPARENTE ESENCIAL PARA IPHONE,3,5.09,15,PRODUCTO,,
ESTU050,ESTUCHE TRANSPARENTE PARA ANDROID,16,4.22,15,PRODUCTO,,
ESTU044,ESTUCHE TRANSPARENTE PARA IPHONE RECCI,3,7.09,15,PRODUCTO,ESTUCHES,PROTECTORES
ESTU051,ESTUCHE TRANSPARENTE PREMIUM PARA IPHONE,9,10.87,15,PRODUCTO,,
ESTU027,ESTUCHE UNIVERSAL CON TECLADO PARA 7-8 PULGADAS,0,16.52,15,PRODUCTO,ESTUCHES,PROTECTORES
ESTU040,ESTUCHE UNIVERSAL DE CINTURON UNIVERSALES VARIOS TAMAOS,3,8.7,15,PRODUCTO,ESTUCHES,PROTECTORES
ESTU041,ESTUCHE UNIVERSAL TIPO AGENDA 360 9-11PULGADAS,0,11.3,15,PRODUCTO,ESTUCHES,PROTECTORES
ESTU021,ESTUCHE UNIVERSAL TIPO AGENDA 8 PULGADAS,2,8.69,15,PRODUCTO,ESTUCHES,PROTECTORES
ESTU026,ESTUCHE UNIVERSAL TIPO AGENDA 8 PULGADAS DE CORAZONES,1,12.17,15,PRODUCTO,ESTUCHES,PROTECTORES
ESTU020,ESTUCHE UNIVERSAL TIPO AGENDA 9 PULGADAS,1,8.69,15,PRODUCTO,ESTUCHES,PROTECTORES
ESTU029,ESTUCHE UNIVERSAL TIPO AGENDA ANIMADO 7-8 PULGADAS,1,8.69,15,PRODUCTO,ESTUCHES,PROTECTORES
ESTU035,ESTUCHE UNIVERSAL TIPO AGENDA CON TECLADO NOTRACKPAD,4,21.74,15,PRODUCTO,ESTUCHES,PROTECTORES
ESTU036,ESTUCHE UNIVERSAL TIPO AGENDA CON TECLADO TRACKPAD,1,27.83,15,PRODUCTO,ESTUCHES,PROTECTORES
ESTU028,ESTUCHE UNIVERSALES ANIMADOS TIPO AGENDA 9-10 PULGADAS,0,13.03,15,PRODUCTO,ESTUCHES,PROTECTORES
ESTU037,ESTUCHE UNIVERSALES DE GOMA 9-10-11-12 PULGADAS,1,9.78,15,PRODUCTO,ESTUCHES,PROTECTORES
ESTU039,ESTUCHES IP17 Y IP17 PRO DINGEND D,0,21.74,15,PRODUCTO,ESTUCHES,PROTECTORES
ESTU018,ESTUCHES IPH SPIGEN GENERAL,0,10.43,15,PRODUCTO,ESTUCHES,PROTECTORES
EXTE003,EXTENSOR DE WIFI 1200MBPS 6 ANTENAS,1,18.39,15,PRODUCTO,EXTENSORES WIFI,REDES
EXTE001,EXTENSOR DE WIFI 1200MBPS BL-RE1201,0,28.7,15,PRODUCTO,EXTENSORES WIFI,REDES
EXTE002,EXTENSOR DE WIFI 2.4GHZ PIX-LINK MODELO WR41Q,1,16.78,15,PRODUCTO,EXTENSORES WIFI,REDES
TVBO010,FIRE TV STICK AMAZON 4K 8GB WIFI 6,1,60.17,15,PRODUCTO,TV BOX - STICK,TV / STREAMING
TVBO007,FIRE TV STICK AMAZON 4K MAX 16GB WIFI 6E,1,82,15,PRODUCTO,TV BOX - STICK,TV / STREAMING
FLAS005,FLASH MEMORY 128GB 2.0 KINGSTON TIPO LLAVERO,4,13.04,15,PRODUCTO,FLASH MEMORIES,ALMACENAMIENTO
FLAS010,FLASH MEMORY 128GB HP X306W,0,18.35,15,PRODUCTO,FLASH MEMORIES,ALMACENAMIENTO
FLAS035,FLASH MEMORY 128GB KINGSTON EXODIA 3.2,2,16.65,15,PRODUCTO,FLASH MEMORIES,ALMACENAMIENTO
FLAS020,FLASH MEMORY 128GB MONSTER,0,13.91,15,PRODUCTO,FLASH MEMORIES,ALMACENAMIENTO
FLAS038,FLASH MEMORY 128GB SANDISK 3.2 100MB,5,18.57,15,PRODUCTO,FLASH MEMORIES,ALMACENAMIENTO
FLAS031,FLASH MEMORY 128GB SANDISK CORTA,1,16.83,15,PRODUCTO,FLASH MEMORIES,ALMACENAMIENTO
FLAS013,FLASH MEMORY 128GB STEREN USB-C + USB-A,5,19.39,15,PRODUCTO,FLASH MEMORIES,ALMACENAMIENTO
FLAS015,FLASH MEMORY 16GB 2.0 KINGSTON TIPO LLAVERO,0,7.61,15,PRODUCTO,FLASH MEMORIES,ALMACENAMIENTO
FLAS026,FLASH MEMORY 16GB KINGSTON 3.2 EXODIA,0,7.35,15,PRODUCTO,FLASH MEMORIES,ALMACENAMIENTO
FLAS018,FLASH MEMORY 16GB MONSTER,0,6.87,15,PRODUCTO,FLASH MEMORIES,ALMACENAMIENTO
FLAS019,FLASH MEMORY 16GB SANDISK,0,7.74,15,PRODUCTO,FLASH MEMORIES,ALMACENAMIENTO
FLAS037,FLASH MEMORY 16GB SANDISK 16GB 2.0,1,11.57,15,PRODUCTO,FLASH MEMORIES,ALMACENAMIENTO
FLAS028,FLASH MEMORY 16GB SANDISK CORTA,0,9.35,15,PRODUCTO,FLASH MEMORIES,ALMACENAMIENTO
FLAS011,FLASH MEMORY 16GB TEAM GROUP,0,7.61,15,PRODUCTO,FLASH MEMORIES,ALMACENAMIENTO
FLAS007,FLASH MEMORY 256GB 2.0 KINGSTON TIPO LLAVERO,0,13.91,15,PRODUCTO,FLASH MEMORIES,ALMACENAMIENTO
FLAS014,FLASH MEMORY 256GB STEREN USB-C + USB-A,8,25.35,15,PRODUCTO,FLASH MEMORIES,ALMACENAMIENTO
FLAS004,FLASH MEMORY 32GB 2.0 KINGSTON TIPO LLAVERO,1,9.57,15,PRODUCTO,FLASH MEMORIES,ALMACENAMIENTO
FLAS016,FLASH MEMORY 32GB KINGSTON 2.0 3.0 3.1,1,9.78,15,PRODUCTO,FLASH MEMORIES,ALMACENAMIENTO
FLAS006,FLASH MEMORY 32GB MARCA HIKVISION,0,8.26,15,PRODUCTO,FLASH MEMORIES,ALMACENAMIENTO
FLAS021,FLASH MEMORY 32GB MONSTER,1,8.91,15,PRODUCTO,FLASH MEMORIES,ALMACENAMIENTO
FLAS034,FLASH MEMORY 32GB SANDISK,1,8.22,15,PRODUCTO,FLASH MEMORIES,ALMACENAMIENTO
FLAS029,FLASH MEMORY 32GB SANDISK CORTA,0,10.87,15,PRODUCTO,FLASH MEMORIES,ALMACENAMIENTO
FLAS017,FLASH MEMORY 32GB STEREN 32GB USB-C + USB-A,2,11.3,15,PRODUCTO,FLASH MEMORIES,ALMACENAMIENTO
FLAS012,FLASH MEMORY 32GB TEAM GROUP,0,7.61,15,PRODUCTO,FLASH MEMORIES,ALMACENAMIENTO
FLAS039,FLASH MEMORY 4GB KINGSTON USB-C + USB-A,0,7.61,15,PRODUCTO,FLASH MEMORIES,ALMACENAMIENTO
FLAS027,FLASH MEMORY 512GB KINGSTON 220MB/S,1,82.78,15,PRODUCTO,FLASH MEMORIES,ALMACENAMIENTO
FLAS003,FLASH MEMORY 64GB 2.0 KINGSTON TIPO LLAVERO,5,10.43,15,PRODUCTO,FLASH MEMORIES,ALMACENAMIENTO
FLAS023,FLASH MEMORY 64GB ENV,1,8.48,15,PRODUCTO,FLASH MEMORIES,ALMACENAMIENTO
FLAS009,FLASH MEMORY 64GB HP V222W,5,13.48,15,PRODUCTO,FLASH MEMORIES,ALMACENAMIENTO
FLAS001,FLASH MEMORY 64GB KINGSTON 3.0 - 3.1,0,11.74,15,PRODUCTO,FLASH MEMORIES,ALMACENAMIENTO
FLAS002,FLASH MEMORY 64GB KINGSTON EXODIA 3.2,0,10.35,15,PRODUCTO,FLASH MEMORIES,ALMACENAMIENTO
FLAS032,FLASH MEMORY 64GB KINGSTON MORADA,1,11.43,15,PRODUCTO,FLASH MEMORIES,ALMACENAMIENTO
FLAS008,FLASH MEMORY 64GB KINGSTON USB-C 3.2,2,14.35,15,PRODUCTO,FLASH MEMORIES,ALMACENAMIENTO
FLAS022,FLASH MEMORY 64GB MONSTER,4,11.22,15,PRODUCTO,FLASH MEMORIES,ALMACENAMIENTO
FLAS036,FLASH MEMORY 64GB SANDISK 3.2 GEN 1 100MB,2,14.17,15,PRODUCTO,FLASH MEMORIES,ALMACENAMIENTO
FLAS030,FLASH MEMORY 64GB SANDISK CORTA,0,13.35,15,PRODUCTO,FLASH MEMORIES,ALMACENAMIENTO
FLAS033,FLASH MEMORY 64GB STEREN USB-C + USB-A,4,14.7,15,PRODUCTO,FLASH MEMORIES,ALMACENAMIENTO
FLAS024,FLASH MEMORY 8GB KINGSTON 3.2 EXODIA,2,6.35,15,PRODUCTO,FLASH MEMORIES,ALMACENAMIENTO
FLAS025,FLASH MEMORY 8GB KINGSTON DATATRAVELER 101 URDRIVE,0,6.83,15,PRODUCTO,FLASH MEMORIES,ALMACENAMIENTO
FOCO004,FOCO INTELIGENTE STEREN,1,11.74,15,PRODUCTO,FOCOS,ILUMINACION
FOCO001,FOCO RECARGABLE CON BOQUILLA 20W DURALIGHT,4,13.91,15,PRODUCTO,FOCOS,ILUMINACION
FOCO002,FOCO RECARGABLE DE MANO CON PANEL SOLAR ASTRO,2,19.13,15,PRODUCTO,FOCOS,ILUMINACION
FOCO003,FOCOS RECARGABLE ASHUN,15,13.04,15,PRODUCTO,FOCOS,ILUMINACION
FREI001,FREIDORA DE AIRE ENV 3 LITROS 1000W ENVASE DE VIDRIO,1,51.61,15,PRODUCTO,FREIDORAS DE AIRE,LINEA BLANCA
FUND002,FUNDA COBERTOR DE LAPTOP 14.5,2,5.22,15,PRODUCTO,FUNDAS,PROTECTORES
FUND005,FUNDA COBERTORA DE LAPTOP 10-12 PULGADAS,2,4.78,15,PRODUCTO,FUNDAS,PROTECTORES
FUND006,FUNDA COBERTORA DE TABLET,1,4.26,15,PRODUCTO,FUNDAS,PROTECTORES
FUND001,FUNDA PARA CELULAR CONTRA EL AGUA,0,2.61,15,PRODUCTO,FUNDAS,PROTECTORES
FUND004,FUNDA PROTECTORA TIPO MOCHILA LAPTOP 13/14 PULGADAS,0,12.17,15,PRODUCTO,FUNDAS,PROTECTORES
FUND003,FUNDA PROTECTORA TIPO MOCHILA LAPTOP 15/15.6/16 PULGADAS,0,13.04,15,PRODUCTO,FUNDAS,PROTECTORES
GADG005,GADGET HONOR COFFEE CUP,4,8.7,15,PRODUCTO,GADGETS,GADGETS
GADG006,GADGET HONOR DATA CABLE COLORIDO,3,8.7,15,PRODUCTO,GADGETS,GADGETS
GADG007,GADGET HONOR PARLANTE PORTATIL,5,8.7,15,PRODUCTO,GADGETS,GADGETS
GADG002,GADGET LLAVEROS ANIMADOS,372,1.61,15,PRODUCTO,GADGETS,GADGETS
GADG004,GADGET ODOMETRO PARA BICICLETA SUNDING,1,17.26,15,PRODUCTO,GADGETS,GADGETS
GADG008,GADGET PANTALLA MAGNETICA PARA PRODUCCION Y SELFIE,1,39.3,15,PRODUCTO,GADGETS,CONECTIVIDAD
GADG003,GADGET SOBRES MARIO SOBRESA,23,1.7,15,PRODUCTO,GADGETS,GADGETS
GADG001,GADGET TAZA GAME OVER BLANCA,4,10.43,15,PRODUCTO,GADGETS,GADGETS
GANC001,GANCHO DE MANO DEPORTIVO PARA EJERCITAR,1,5.22,15,PRODUCTO,DEPORTES,DEPORTES
GRAM004,GRAMERA MEDIANA TIPO PLATO,1,11.74,15,PRODUCTO,GRAMERAS,BALANZAS
GRAM002,GRAMERA PARA COMIDA CON ENVASE,1,17.39,15,PRODUCTO,GRAMERAS,BALANZAS
GRAM001,GRAMERA PEQUEA RECTANGULAR,0,12.48,15,PRODUCTO,GRAMERAS,BALANZAS
GRAM003,GRAMERA TIPO GANCHO,1,10.7,15,PRODUCTO,GRAMERAS,BALANZAS
TELF035,HONOR X7E 256GB 6GB+6GB,0,231.22,15,PRODUCTO,TELEFONOS,TELEFONOS
HUB005,HUB 3.0 8 IN 2 USB-C + USB-A ADAPTER,3,15.57,15,PRODUCTO,HUB USB,CONECTIVIDAD
HUB017,HUB 3.0 USB-A A LAN ETHERNET RJ45,1,10.35,15,PRODUCTO,HUB USB,CONECTIVIDAD
HUB001,HUB 3.0 USB-A A USB-A x4 PUERTOS,1,7.39,15,PRODUCTO,HUB USB,CONECTIVIDAD
HUB002,HUB 3.0 USB-C A USB-A x4 PUERTOS,0,8.7,15,PRODUCTO,HUB USB,CONECTIVIDAD
HUB031,HUB 5 EN 1 USB-C A ETHERNET + HDMI + USB-C + USB-A x2,0,15.96,15,PRODUCTO,,
HUB011,HUB USB 11 EN 1 FAST,9,24.35,15,PRODUCTO,HUB USB,CONECTIVIDAD
HUB008,HUB USB 3.0 7 PUERTOS ORVESION,1,9.78,15,PRODUCTO,HUB USB,CONECTIVIDAD
HUB020,HUB USB 6 PORTS FAST PD + ETHERNET RJ45,2,25.22,15,PRODUCTO,HUB USB,CONECTIVIDAD
HUB030,HUB USB BELKIN 4K 5 PUERTOS 100W,1,34.04,15,PRODUCTO,HUB USB,CONECTIVIDAD
HUB015,HUB USB HP 2.0 USB-A x4,1,12.96,15,PRODUCTO,HUB USB,CONECTIVIDAD
HUB014,HUB USB TARGUS 2.0 USB-A x4,1,14.22,15,PRODUCTO,HUB USB,CONECTIVIDAD
HUB018,HUB USB-A A ETHERNET RJ45 1000MBs ORVESION,0,19.13,15,PRODUCTO,HUB USB,CONECTIVIDAD
HUB025,HUB USB-A A RED ETHERNET RJ45,1,8.57,15,PRODUCTO,HUB USB,CONECTIVIDAD
HUB022,HUB USB-A A USB-A x4 A-809,3,6.87,15,PRODUCTO,HUB USB,CONECTIVIDAD
HUB029,HUB USB-A A USB-A x4 ORVESION,2,7.96,15,PRODUCTO,HUB USB,CONECTIVIDAD
HUB027,HUB USB-A A USB-A x7 PUERTOS,3,12.91,15,PRODUCTO,HUB USB,CONECTIVIDAD
HUB010,HUB USB-C 3 EN 1 SALIDA C / USB,5,15.65,15,PRODUCTO,HUB USB,CONECTIVIDAD
HUB004,HUB USB-C 4 PUERTOS RCA HB01,1,7.39,15,PRODUCTO,HUB USB,CONECTIVIDAD
HUB003,HUB USB-C 5 EN 1 CON ETHERNET RJ45,0,16.52,15,PRODUCTO,HUB USB,CONECTIVIDAD
HUB013,HUB USB-C 7 EN 1 TIPO REGLETA ORVESION,0,21.13,15,PRODUCTO,HUB USB,CONECTIVIDAD
HUB019,HUB USB-C A ETHERNET RJ45 S/R,0,10.87,15,PRODUCTO,HUB USB,CONECTIVIDAD
HUB012,HUB USB-C A HDMI + VGA ORVESION,1,20.43,15,PRODUCTO,HUB USB,CONECTIVIDAD
HUB006,HUB USB-C A USB-A x3 + ETHERNET ORVESION,1,11.52,15,PRODUCTO,HUB USB,CONECTIVIDAD
HUB016,HUB USB-C A USB-A x3 + USB C S/R,2,10.43,15,PRODUCTO,HUB USB,CONECTIVIDAD
HUB021,HUB USB-C A USB-A x4 C-809,2,7.39,15,PRODUCTO,HUB USB,CONECTIVIDAD
HUB028,HUB USB-C A USB-A x4 ORVESION,3,8.7,15,PRODUCTO,HUB USB,CONECTIVIDAD
HUB009,HUB USB-C A USB-A x4 PUERTOS YOURZ MU7,5,8.26,15,PRODUCTO,HUB USB,CONECTIVIDAD
HUB007,HUB USB-C A USB-C HEMBRA + USB-A ORVESION,3,14.57,15,PRODUCTO,HUB USB,CONECTIVIDAD
HUB026,HUB USB-C UGREEN 4K 60HZ 6 EN 1,1,42.74,15,PRODUCTO,HUB USB,CONECTIVIDAD
HUB023,HUB USB-C UGREEN 5 EN 1 100W 4K,0,29.57,15,PRODUCTO,HUB USB,CONECTIVIDAD
HUB024,HUB USB-C UGREEN CON ETHERNET RJ45 1000MBPS,1,28.7,15,PRODUCTO,HUB USB,CONECTIVIDAD
IMAN001,IMAN MAGNETICO PARA CELULARES Y TABLET,3,1.3,15,PRODUCTO,,
IMAN002,IMAN MAGNETICO PARA DISPOSITIVOS,0,2.17,15,PRODUCTO,,
INVE001,INVERSOR 150W PARA VEHICULO,0,19.13,15,PRODUCTO,INVERSORES,ENERGIA Y CARGA
INVE002,INVERSOR DE VOLTAJE PARA VEHICULO DC 12 A 110V + USB-A,1,19.91,15,PRODUCTO,,CONECTIVIDAD
JUGU109,JUGUETE .CARRITO PICHIRILO COLECCIONABLE EN CAJA,4,7.83,15,PRODUCTO,JUGUETES,JUEGOS Y ENTRETENIMIENTO
JUGU001,JUGUETE ALCANCIA PARA NIAS(OS) CAPIBARA,0,17.26,15,PRODUCTO,JUGUETES,JUEGOS Y ENTRETENIMIENTO
JUGU117,JUGUETE ARMABLE CARRO F1 RACING PEQUEO,0,7.74,15,PRODUCTO,JUGUETES,JUEGOS Y ENTRETENIMIENTO
JUGU115,JUGUETE ARMABLE CARROS F1,2,11.17,15,PRODUCTO,JUGUETES,JUEGOS Y ENTRETENIMIENTO
JUGU157,JUGUETE ARMABLE CASTILLO DE PRINCESA 848 PCS,1,25.35,15,PRODUCTO,JUGUETES,JUEGOS Y ENTRETENIMIENTO
JUGU101,JUGUETE ARMABLE DE AUTO 244 PIEZAS NO.33001,2,11.39,15,PRODUCTO,JUGUETES,JUEGOS Y ENTRETENIMIENTO
JUGU050,JUGUETE ARMABLE DE PERSONAJES VARIADOS - VARIOS MODELOS,8,10.43,15,PRODUCTO,JUGUETES,JUEGOS Y ENTRETENIMIENTO
JUGU148,JUGUETE ARMABLE FLORERO 109 PIEZAS,1,16.74,15,PRODUCTO,JUGUETES,JUEGOS Y ENTRETENIMIENTO
JUGU149,JUGUETE ARMABLE FLORERO PEQUEO 309 PIEZAS,1,12.61,15,PRODUCTO,JUGUETES,JUEGOS Y ENTRETENIMIENTO
JUGU006,JUGUETE ARMABLE LAMBORGHINI GRANDE,0,25.22,15,PRODUCTO,JUGUETES,JUEGOS Y ENTRETENIMIENTO
JUGU168,JUGUETE ARMABLE METAL ICONX CHRYSLER BUILDING,1,10.43,15,PRODUCTO,JUGUETES,JUEGOS Y ENTRETENIMIENTO
JUGU105,JUGUETE ARMABLE MOTO BMW 255 PIEZAS,1,15.57,15,PRODUCTO,JUGUETES,JUEGOS Y ENTRETENIMIENTO
JUGU159,JUGUETE ARMABLE PASTEL CAKE 344 PIEZAS,1,18.57,15,PRODUCTO,JUGUETES,JUEGOS Y ENTRETENIMIENTO
JUGU114,JUGUETE ARMABLE RACECAR MINGDI,1,9.78,15,PRODUCTO,JUGUETES,JUEGOS Y ENTRETENIMIENTO
JUGU153,JUGUETE ARMABLE STREET VIEW COCTELERA DE JUGOS,1,16.52,15,PRODUCTO,JUGUETES,JUEGOS Y ENTRETENIMIENTO
JUGU090,JUGUETE ARMABLE TRANSFORMER AVION Y MUECO 689 PIEZAS,1,33.91,15,PRODUCTO,JUGUETES,JUEGOS Y ENTRETENIMIENTO
JUGU038,JUGUETE AUTO ARMABLE FERRARI ROJO,1,42.61,15,PRODUCTO,JUGUETES,JUEGOS Y ENTRETENIMIENTO
JUGU112,JUGUETE BICICLETA ARMABLE,2,13.7,15,PRODUCTO,JUGUETES,JUEGOS Y ENTRETENIMIENTO
JUGU107,JUGUETE BICICLETA DE CARRERA COLECCIONABLE,0,13.35,15,PRODUCTO,JUGUETES,JUEGOS Y ENTRETENIMIENTO
JUGU002,JUGUETE BICICLETA HYPER REALISTA COLECCIONABLE,1,10.43,15,PRODUCTO,JUGUETES,JUEGOS Y ENTRETENIMIENTO
JUGU108,JUGUETE BICICLETA MONTANERA COLECCIONABLE,2,12.09,15,PRODUCTO,JUGUETES,JUEGOS Y ENTRETENIMIENTO
JUGU103,JUGUETE BUS ESCOLAR PEQUEO,4,7.26,15,PRODUCTO,JUGUETES,JUEGOS Y ENTRETENIMIENTO
JUGU028,JUGUETE CAMARA DIGITAL MINI INSTANTANEA CON IMPRESORA,0,29.48,15,PRODUCTO,JUGUETES,JUEGOS Y ENTRETENIMIENTO
JUGU127,JUGUETE CAMARA INSTANTANEA PARA NIOS(AS),2,42.74,15,PRODUCTO,JUGUETES,JUEGOS Y ENTRETENIMIENTO
JUGU133,JUGUETE CAMINONETA COLECCIONABLE JEEP GRANDE,2,24.61,15,PRODUCTO,JUGUETES,JUEGOS Y ENTRETENIMIENTO
JUGU040,JUGUETE CAMIONETA COMBI COLECCIONABLE GRANDE,4,18.7,15,PRODUCTO,JUGUETES,JUEGOS Y ENTRETENIMIENTO
JUGU042,JUGUETE CAMIONETA COMBI COLECCIONABLE MEDIANA,2,9.87,15,PRODUCTO,JUGUETES,JUEGOS Y ENTRETENIMIENTO
JUGU043,JUGUETE CAMIONETA COMBI COLECCIONABLE PEQUEA,16,5.96,15,PRODUCTO,JUGUETES,JUEGOS Y ENTRETENIMIENTO
JUGU041,JUGUETE CAMIONETA COMBI COLECCIONABLE SEMI MEDIANA,2,10.43,15,PRODUCTO,JUGUETES,JUEGOS Y ENTRETENIMIENTO
JUGU056,JUGUETE CAMIONETA FORD PEQUEA,0,5.65,15,PRODUCTO,JUGUETES,JUEGOS Y ENTRETENIMIENTO
JUGU089,JUGUETE CAMIONETA TESLA,1,16.52,15,PRODUCTO,JUGUETES,JUEGOS Y ENTRETENIMIENTO
JUGU075,JUGUETE CAMIONETA TRUCK PICKUP,1,6.96,15,PRODUCTO,JUGUETES,JUEGOS Y ENTRETENIMIENTO
JUGU104,JUGUETE CAMIONETA VANS GREDDY,1,21.74,15,PRODUCTO,JUGUETES,JUEGOS Y ENTRETENIMIENTO
JUGU039,JUGUETE CARRITO AVENGERS VARIOS MODELOS,14,5,15,PRODUCTO,JUGUETES,JUEGOS Y ENTRETENIMIENTO
JUGU080,JUGUETE CARRITO COLECCIONABLE F1,10,5.65,15,PRODUCTO,JUGUETES,JUEGOS Y ENTRETENIMIENTO
JUGU111,JUGUETE CARRITO COLECCIONABLE SKYLINE NISSAN PEQUEO,0,6.83,15,PRODUCTO,JUGUETES,JUEGOS Y ENTRETENIMIENTO
JUGU110,JUGUETE CARRITO COLECCIONABLE SWAT POLICIA PEQUEO,1,6.83,15,PRODUCTO,JUGUETES,JUEGOS Y ENTRETENIMIENTO
JUGU102,JUGUETE CARRITO DE PERSONAJE DINOSUARIO RETRACTIL,1,7.83,15,PRODUCTO,JUGUETES,JUEGOS Y ENTRETENIMIENTO
JUGU003,JUGUETE CARRITO MARIO KART,15,5.39,15,PRODUCTO,JUGUETES,JUEGOS Y ENTRETENIMIENTO
JUGU074,JUGUETE CARRITO RAYO MCQUEEN MEDIANO,6,5.65,15,PRODUCTO,JUGUETES,JUEGOS Y ENTRETENIMIENTO
JUGU085,JUGUETE CARRITO RAYO MCQUEEN PEQUEO,1,3.3,15,PRODUCTO,JUGUETES,JUEGOS Y ENTRETENIMIENTO
JUGU146,JUGUETE CARRO A CONTROL REMOTO VERDE XUDA RC CAR,1,25.35,15,PRODUCTO,JUGUETES,JUEGOS Y ENTRETENIMIENTO
JUGU076,JUGUETE CARRO ANTIGUO LADA,2,5.65,15,PRODUCTO,JUGUETES,JUEGOS Y ENTRETENIMIENTO
JUGU060,JUGUETE CARRO ARMABLE 3137 314 PIEZAS SPORT CAR,0,16.52,15,PRODUCTO,JUGUETES,JUEGOS Y ENTRETENIMIENTO
JUGU004,JUGUETE CARRO ARMABLE MEDIANO C2163 ARMABLE,0,15.65,15,PRODUCTO,JUGUETES,JUEGOS Y ENTRETENIMIENTO
JUGU086,JUGUETE CARRO COLECCIONABLE CADILLAC GRANDE,0,21.74,15,PRODUCTO,JUGUETES,JUEGOS Y ENTRETENIMIENTO
JUGU088,JUGUETE CARRO COLECCIONABLE CAMARO,3,22.61,15,PRODUCTO,JUGUETES,JUEGOS Y ENTRETENIMIENTO
JUGU134,JUGUETE CARRO COLECCIONABLE CAMARO TORNASOL,1,25.35,15,PRODUCTO,JUGUETES,JUEGOS Y ENTRETENIMIENTO
JUGU093,JUGUETE CARRO COLECCIONABLE CAMIONETA F150 PEQUEA,2,8.26,15,PRODUCTO,JUGUETES,JUEGOS Y ENTRETENIMIENTO
JUGU095,JUGUETE CARRO COLECCIONABLE CAMIONETA TOYOTA FJ,1,9.43,15,PRODUCTO,JUGUETES,JUEGOS Y ENTRETENIMIENTO
JUGU166,JUGUETE CARRO COLECCIONABLE CON PARLANTE VARIOS MODELOS,6,28.7,15,PRODUCTO,JUGUETES,JUEGOS Y ENTRETENIMIENTO
JUGU059,JUGUETE CARRO COLECCIONABLE CON TRAILER Y GASOLINERA,1,30.43,15,PRODUCTO,JUGUETES,JUEGOS Y ENTRETENIMIENTO
JUGU116,JUGUETE CARRO COLECCIONABLE DE METAL LAMBORGHINI MEDIANO PURPURA,1,13.78,15,PRODUCTO,JUGUETES,JUEGOS Y ENTRETENIMIENTO
JUGU094,JUGUETE CARRO COLECCIONABLE DEPORTIVO AMARILLO,1,8.26,15,PRODUCTO,JUGUETES,JUEGOS Y ENTRETENIMIENTO
JUGU091,JUGUETE CARRO COLECCIONABLE DEPORTIVO SEMI MEDIANO VARIOS MODELOS,6,6.3,15,PRODUCTO,JUGUETES,JUEGOS Y ENTRETENIMIENTO
JUGU092,JUGUETE CARRO COLECCIONABLE JEEP PEQUEO,15,10.35,15,PRODUCTO,JUGUETES,JUEGOS Y ENTRETENIMIENTO
JUGU081,JUGUETE CARRO COLECCIONABLE MERCEDES BENZ,3,22.61,15,PRODUCTO,JUGUETES,JUEGOS Y ENTRETENIMIENTO
JUGU096,JUGUETE CARRO COLECCIONABLE MERCEDES BENZ DEPORTIVO CON STICKERS,3,25.22,15,PRODUCTO,JUGUETES,JUEGOS Y ENTRETENIMIENTO
JUGU072,JUGUETE CARRO COLECCIONABLE MERCEDES BENZ PEQUEO,2,5.52,15,PRODUCTO,JUGUETES,JUEGOS Y ENTRETENIMIENTO
JUGU045,JUGUETE CARRO COLECCIONABLE PORSCHE,0,22.61,15,PRODUCTO,JUGUETES,JUEGOS Y ENTRETENIMIENTO
JUGU049,JUGUETE CARRO COLECCIONABLE RAPIDO Y FURIOSO BLANCO,1,17.39,15,PRODUCTO,JUGUETES,JUEGOS Y ENTRETENIMIENTO
JUGU077,JUGUETE CARRO COLECCIONABLE SHELBY RAYAS,1,24.35,15,PRODUCTO,JUGUETES,JUEGOS Y ENTRETENIMIENTO
JUGU046,JUGUETE CARRO COLECCIONABLE TAXI,0,13.91,15,PRODUCTO,JUGUETES,JUEGOS Y ENTRETENIMIENTO
JUGU135,JUGUETE CARRO COLECCIONALE SKYLINE RACING,2,27.83,15,PRODUCTO,JUGUETES,JUEGOS Y ENTRETENIMIENTO
JUGU044,JUGUETE CARRO COLECIONABLE LAMBORGHINI BLANCO,0,24.91,15,PRODUCTO,JUGUETES,JUEGOS Y ENTRETENIMIENTO
JUGU083,JUGUETE CARRO DE COLECCCION MEDIANO MANSORY,0,23.48,15,PRODUCTO,JUGUETES,JUEGOS Y ENTRETENIMIENTO
JUGU032,JUGUETE CARRO DE COLECCION MEDIANO VARIOS MODELOS,0,5.65,15,PRODUCTO,JUGUETES,JUEGOS Y ENTRETENIMIENTO
JUGU082,JUGUETE CARRO DE COLECCION MERCEDES AM30,3,10.43,15,PRODUCTO,JUGUETES,JUEGOS Y ENTRETENIMIENTO
JUGU053,JUGUETE CARRO DE COLECCION MERCEDES BENZ ANTIGUO MEDIANO,0,13.91,15,PRODUCTO,JUGUETES,JUEGOS Y ENTRETENIMIENTO
JUGU084,JUGUETE CARRO DE COLECCION MERCEDES BENZ DEPORTIVO,1,24.35,15,PRODUCTO,JUGUETES,JUEGOS Y ENTRETENIMIENTO
JUGU034,JUGUETE CARRO DE COLECCION PICHIRILO CON RAYAS PEQUEO,37,6.52,15,PRODUCTO,JUGUETES,JUEGOS Y ENTRETENIMIENTO
JUGU036,JUGUETE CARRO DE COLECCION PICHIRILO GRANDE,4,22.61,15,PRODUCTO,JUGUETES,JUEGOS Y ENTRETENIMIENTO
JUGU033,JUGUETE CARRO DE COLECCION PICHIRILO MEDIANO,0,6.96,15,PRODUCTO,JUGUETES,JUEGOS Y ENTRETENIMIENTO
JUGU035,JUGUETE CARRO DE COLECCION PICHIRILO MINI,0,5.65,15,PRODUCTO,JUGUETES,JUEGOS Y ENTRETENIMIENTO
JUGU037,JUGUETE CARRO DE COLECCION TAMAO MERCEDES BENZ ANTIGUO GRANDE,2,21.74,15,PRODUCTO,JUGUETES,JUEGOS Y ENTRETENIMIENTO
JUGU152,JUGUETE CARRO GRANDE EN CONTENEDOR NARANJA VARIOS MODELOS,2,27.83,15,PRODUCTO,JUGUETES,JUEGOS Y ENTRETENIMIENTO
JUGU005,JUGUETE CARRO MINI MODEL,9,4.78,15,PRODUCTO,JUGUETES,JUEGOS Y ENTRETENIMIENTO
JUGU160,JUGUETE CARRUSEL CREATIVE MUSIC BOX,2,34.3,15,PRODUCTO,JUGUETES,JUEGOS Y ENTRETENIMIENTO
JUGU019,JUGUETE CONSOLA CON USB Y DOS CONTROLES HY00,0,25.22,15,PRODUCTO,JUGUETES,JUEGOS Y ENTRETENIMIENTO
JUGU129,JUGUETE CONSOLA DE VIDEOJUEGOS GAME 2.4GHZ HDMI PARA TV,2,33.91,15,PRODUCTO,JUGUETES,JUEGOS Y ENTRETENIMIENTO
JUGU065,JUGUETE CUADRO CON BRILLOS PERSONAJES ANIMADOS VARIOS MODELOS,9,3,15,PRODUCTO,JUGUETES,JUEGOS Y ENTRETENIMIENTO
JUGU113,JUGUETE CUBO RUBIK,1,8.83,15,PRODUCTO,JUGUETES,JUEGOS Y ENTRETENIMIENTO
JUGU161,JUGUETE DE COMBATE,1,21.61,15,PRODUCTO,JUGUETES,JUEGOS Y ENTRETENIMIENTO
JUGU058,JUGUETE DINOSAURIO ARMABLE NO13087 1268 PIEZAS,1,32.43,15,PRODUCTO,JUGUETES,JUEGOS Y ENTRETENIMIENTO
JUGU073,JUGUETE DINOSAURIO GRANDE,0,22.61,15,PRODUCTO,JUGUETES,JUEGOS Y ENTRETENIMIENTO
JUGU064,JUGUETE DINOSAURIO PEQUEO,0,7.83,15,PRODUCTO,JUGUETES,JUEGOS Y ENTRETENIMIENTO
JUGU154,JUGUETE EXCAVADORA A CONTROL REMOTO,1,22.61,15,PRODUCTO,JUGUETES,JUEGOS Y ENTRETENIMIENTO
JUGU143,JUGUETE KIT ESCOLAR FUNDA KPOP,6,10.35,15,PRODUCTO,JUGUETES,JUEGOS Y ENTRETENIMIENTO
JUGU144,JUGUETE KUBO RUBIK PARA NIAS,0,4.61,15,PRODUCTO,JUGUETES,JUEGOS Y ENTRETENIMIENTO
JUGU165,JUGUETE LIBRO PARA COLOREAR GUERRERAS KPOP,3,2.52,15,PRODUCTO,JUGUETES,JUEGOS Y ENTRETENIMIENTO
JUGU123,JUGUETE MARIO KART GRANDE PERSONAJE LUIGI,1,10.3,15,PRODUCTO,JUGUETES,JUEGOS Y ENTRETENIMIENTO
JUGU122,JUGUETE MARIO KART GRANDE PERSONAJE MARIO,1,10.3,15,PRODUCTO,JUGUETES,JUEGOS Y ENTRETENIMIENTO
JUGU023,JUGUETE MINI CONSOLA DE VIDEO JUEGOS POWER BOX G3 800 EN 1,1,24.35,15,PRODUCTO,JUGUETES,JUEGOS Y ENTRETENIMIENTO
JUGU021,JUGUETE MINI CONSOLA DE VIDEOJUEGOS D20S 500 IN 1 CON CONTROL,1,28.7,15,PRODUCTO,JUGUETES,JUEGOS Y ENTRETENIMIENTO
JUGU014,JUGUETE MINI CONSOLA DE VIDEOJUEGOS F4,1,22.61,15,PRODUCTO,JUGUETES,JUEGOS Y ENTRETENIMIENTO
JUGU012,JUGUETE MINI CONSOLA DE VIDEOJUEGOS F5,1,20.87,15,PRODUCTO,JUGUETES,JUEGOS Y ENTRETENIMIENTO
JUGU020,JUGUETE MINI CONSOLA DE VIDEOJUEGOS GAMEBOY G620,1,21.74,15,PRODUCTO,JUGUETES,JUEGOS Y ENTRETENIMIENTO
JUGU121,JUGUETE MINI CONSOLA DE VIDEOJUEGOS J36 ULTRA,4,68.7,15,PRODUCTO,JUGUETES,JUEGOS Y ENTRETENIMIENTO
JUGU015,JUGUETE MINI CONSOLA DE VIDEOJUEGOS K36,1,73.91,15,PRODUCTO,JUGUETES,JUEGOS Y ENTRETENIMIENTO
JUGU131,JUGUETE MINI CONSOLA DE VIDEOJUEGOS M26,1,77.39,15,PRODUCTO,JUGUETES,JUEGOS Y ENTRETENIMIENTO
JUGU130,JUGUETE MINI CONSOLA DE VIDEOJUEGOS M27,1,86.09,15,PRODUCTO,JUGUETES,JUEGOS Y ENTRETENIMIENTO
JUGU067,JUGUETE MINI CONSOLA DE VIDEOJUEGOS M3 SUP,1,12.96,15,PRODUCTO,JUGUETES,JUEGOS Y ENTRETENIMIENTO
JUGU017,JUGUETE MINI CONSOLA DE VIDEOJUEGOS MARIO Q8 520 IN 1,6,20,15,PRODUCTO,JUGUETES,JUEGOS Y ENTRETENIMIENTO
JUGU022,JUGUETE MINI CONSOLA DE VIDEOJUEGOS PORTATIL MINI 500 GAMES,1,22.61,15,PRODUCTO,JUGUETES,JUEGOS Y ENTRETENIMIENTO
JUGU055,JUGUETE MINI CONSOLA DE VIDEOJUEGOS R36PRO,0,68.7,15,PRODUCTO,JUGUETES,JUEGOS Y ENTRETENIMIENTO
JUGU027,JUGUETE MINI CONSOLA DE VIDEOJUEGOS R36S,1,51.3,15,PRODUCTO,JUGUETES,JUEGOS Y ENTRETENIMIENTO
JUGU125,JUGUETE MINI CONSOLA DE VIDEOJUEGOS R36XX,1,65.22,15,PRODUCTO,JUGUETES,JUEGOS Y ENTRETENIMIENTO
JUGU018,JUGUETE MINI CONSOLA DE VIDEOJUEGOS SUP CON CONTROL,2,13.03,15,PRODUCTO,JUGUETES,JUEGOS Y ENTRETENIMIENTO
JUGU011,JUGUETE MINI CONSOLA DE VIDEOJUEGOS SUP GAME BOX PLUS 400 IN 1,0,10.43,15,PRODUCTO,JUGUETES,JUEGOS Y ENTRETENIMIENTO
JUGU013,JUGUETE MINI CONSOLA DE VIDEOJUEGOS X8,1,51.3,15,PRODUCTO,JUGUETES,JUEGOS Y ENTRETENIMIENTO
JUGU016,JUGUETE MINI CONSOLA DE VIDEOJUEGOS X8M,0,22.61,15,PRODUCTO,JUGUETES,JUEGOS Y ENTRETENIMIENTO
JUGU126,JUGUETE MINI CONSOLA DE VIDEOJUEGOS XF40H,1,73.91,15,PRODUCTO,JUGUETES,JUEGOS Y ENTRETENIMIENTO
JUGU031,JUGUETE MINI PIANO - TECLADO MARIO BROS CON SONIDOS PARA NINOS(AS),2,10.43,15,PRODUCTO,JUGUETES,JUEGOS Y ENTRETENIMIENTO
JUGU071,JUGUETE MOTO ARMABLE GRANDE 435 PIEZAS,0,16.52,15,PRODUCTO,JUGUETES,JUEGOS Y ENTRETENIMIENTO
JUGU061,JUGUETE MOTO ARMABLE L33022-1 MASTER OF MOTOQUICK,1,13.91,15,PRODUCTO,JUGUETES,JUEGOS Y ENTRETENIMIENTO
JUGU119,JUGUETE MOTO COLECCIONABLE DE ALTA GAMA HARLEY DAVISON GRANDE,1,24.35,15,PRODUCTO,JUGUETES,JUEGOS Y ENTRETENIMIENTO
JUGU140,JUGUETE MOTO COLECCIONABLE DEPORTIVA ADVENTURE CON MALETAS GRANDE,2,24.96,15,PRODUCTO,JUGUETES,JUEGOS Y ENTRETENIMIENTO
JUGU150,JUGUETE MOTO COLECCIONABLE EN CONTENEDOR NARANJA,3,14.22,15,PRODUCTO,JUGUETES,JUEGOS Y ENTRETENIMIENTO
JUGU048,JUGUETE MOTO COLECCIONABLE GRANDE,1,39.13,15,PRODUCTO,JUGUETES,JUEGOS Y ENTRETENIMIENTO
JUGU120,JUGUETE MOTO COLECCIONABLE HARLEY DAVISON MEDIANA,6,8.04,15,PRODUCTO,JUGUETES,JUEGOS Y ENTRETENIMIENTO
JUGU118,JUGUETE MOTO COLECCIONABLE HONDA GRANDE,0,26.09,15,PRODUCTO,JUGUETES,JUEGOS Y ENTRETENIMIENTO
JUGU047,JUGUETE MOTO COLECCIONABLE MEDIANA,0,33.91,15,PRODUCTO,JUGUETES,JUEGOS Y ENTRETENIMIENTO
JUGU087,JUGUETE MOTO COLECCIONABLE MEDIANA VER.2,3,20,15,PRODUCTO,JUGUETES,JUEGOS Y ENTRETENIMIENTO
JUGU136,JUGUETE MOTO COLECCIONABLE R1M GRANDE CELESTE,1,31.48,15,PRODUCTO,JUGUETES,JUEGOS Y ENTRETENIMIENTO
JUGU079,JUGUETE MOTO COLECCIONABLE SCOOTER 400GT,4,7.83,15,PRODUCTO,JUGUETES,JUEGOS Y ENTRETENIMIENTO
JUGU106,JUGUETE MOTO ENDURO COLECCIONABLE,1,16.65,15,PRODUCTO,JUGUETES,JUEGOS Y ENTRETENIMIENTO
JUGU078,JUGUETE MOTO GRANDE ARMABLE MOTORCYCLE 470 PIEZAS,0,18.57,15,PRODUCTO,JUGUETES,JUEGOS Y ENTRETENIMIENTO
JUGU051,JUGUETE MOTO MEDIANA COLECCIONABLE VARIOS MODELOS,5,19.13,15,PRODUCTO,JUGUETES,JUEGOS Y ENTRETENIMIENTO
JUGU007,JUGUETE MOTO PEQUEA CLASICA 6011,1,6.96,15,PRODUCTO,JUGUETES,JUEGOS Y ENTRETENIMIENTO
JUGU052,JUGUETE MOTO PEQUEA COLECCIONABLE,0,13.04,15,PRODUCTO,JUGUETES,JUEGOS Y ENTRETENIMIENTO
JUGU068,JUGUETE MOTO VESPA COLECCIONABLE,1,25.52,15,PRODUCTO,JUGUETES,JUEGOS Y ENTRETENIMIENTO
JUGU054,JUGUETE MOTOS PEQUEAS HOT WHEEL COLECCIONABLES METAL,22,3.91,15,PRODUCTO,JUGUETES,JUEGOS Y ENTRETENIMIENTO
JUGU030,JUGUETE MUECO DE MARIO GRANDE,0,17.39,15,PRODUCTO,JUGUETES,JUEGOS Y ENTRETENIMIENTO
JUGU156,JUGUETE MUECO DE TOY STORY,1,8.48,15,PRODUCTO,JUGUETES,JUEGOS Y ENTRETENIMIENTO
JUGU008,JUGUETE MUECO JOKER,0,51.3,15,PRODUCTO,JUGUETES,JUEGOS Y ENTRETENIMIENTO
JUGU009,JUGUETE MUECO NARUTO,1,42.61,15,PRODUCTO,JUGUETES,JUEGOS Y ENTRETENIMIENTO
JUGU128,JUGUETE MUECO PARA NIOS(AS) DE MYWORLD,1,8.09,15,PRODUCTO,JUGUETES,JUEGOS Y ENTRETENIMIENTO
JUGU099,JUGUETE MUECO PERSONAJE LUIGI CAJA ROJA,1,20,15,PRODUCTO,JUGUETES,JUEGOS Y ENTRETENIMIENTO
JUGU098,JUGUETE MUECO PERSONAJE MARIO BROS CAJA ROJA,1,20,15,PRODUCTO,JUGUETES,JUEGOS Y ENTRETENIMIENTO
JUGU063,JUGUETE MUECO PERSONAJE MARIO BROS GORRA BLANCA,1,8.7,15,PRODUCTO,JUGUETES,JUEGOS Y ENTRETENIMIENTO
JUGU062,JUGUETE MUECO PERSONAJE WARIO,1,8.7,15,PRODUCTO,JUGUETES,JUEGOS Y ENTRETENIMIENTO
JUGU100,JUGUETE MUECO SPIDERMAN MARVEL,1,28.43,15,PRODUCTO,JUGUETES,JUEGOS Y ENTRETENIMIENTO
JUGU141,JUGUETE PARLANTE KARAOKE PARA NIOS K52,3,13.83,15,PRODUCTO,JUGUETES,JUEGOS Y ENTRETENIMIENTO
JUGU147,JUGUETE PERRO ELECTRONICO ROSADO,1,36.52,15,PRODUCTO,JUGUETES,JUEGOS Y ENTRETENIMIENTO
JUGU029,JUGUETE PERSONAJES ANIMADOS POP,26,4.78,15,PRODUCTO,JUGUETES,JUEGOS Y ENTRETENIMIENTO
JUGU025,JUGUETE PERSONAJES DE MARIO BROS DETALLADOS,2,3.91,15,PRODUCTO,JUGUETES,JUEGOS Y ENTRETENIMIENTO
JUGU026,JUGUETE PERSONAJES DE MARIO BROS PEQUEO,0,10.43,15,PRODUCTO,JUGUETES,JUEGOS Y ENTRETENIMIENTO
JUGU010,JUGUETE PISTA DE CARROS PARKINK LOT,0,16.52,15,PRODUCTO,JUGUETES,JUEGOS Y ENTRETENIMIENTO
JUGU132,JUGUETE PISTA DE MARIO,0,16.96,15,PRODUCTO,JUGUETES,JUEGOS Y ENTRETENIMIENTO
JUGU155,JUGUETE PISTA DE MARIO 60 PIEZAS,1,19.61,15,PRODUCTO,JUGUETES,JUEGOS Y ENTRETENIMIENTO
JUGU066,JUGUETE PIZARRA ELECTRONICA HELLO KITTIE,0,10.43,15,PRODUCTO,JUGUETES,JUEGOS Y ENTRETENIMIENTO
JUGU057,JUGUETE PIZARRA ELECTRONICA PARA NIOS(AS) 8.5 LCD PANEL MONITO,1,6.52,15,PRODUCTO,JUGUETES,JUEGOS Y ENTRETENIMIENTO
JUGU070,JUGUETE SET CARRITOS MALETA PACK 4 UNIDADES,1,7.83,15,PRODUCTO,JUGUETES,JUEGOS Y ENTRETENIMIENTO
JUGU069,JUGUETE SET CARRITOS MALETA PACK 8 UNIDADES,2,12.96,15,PRODUCTO,JUGUETES,JUEGOS Y ENTRETENIMIENTO
JUGU164,JUGUETE SET DE MAQUILLAJE GUERRERAS KPOP,3,19.26,15,PRODUCTO,JUGUETES,JUEGOS Y ENTRETENIMIENTO
JUGU145,JUGUETE SET DE MAQUILLAJE PARA NIAS,1,23.3,15,PRODUCTO,JUGUETES,JUEGOS Y ENTRETENIMIENTO
JUGU163,JUGUETE SET DE MAQUILLAJE PARA NIAS TIPO AGENDA,1,10.87,15,PRODUCTO,JUGUETES,JUEGOS Y ENTRETENIMIENTO
JUGU162,JUGUETE SET DE MAQUILLAJE PARA NIAS TIPO LIBRO,1,25.52,15,PRODUCTO,JUGUETES,JUEGOS Y ENTRETENIMIENTO
JUGU158,JUGUETE SET DE MUECAS KUROMI,1,15.65,15,PRODUCTO,JUGUETES,JUEGOS Y ENTRETENIMIENTO
JUGU097,JUGUETE SET KIT PARA NIOS(AS) AUDIFONOS INALAMBRICOS - RELOJ - CONSOLA,2,25.96,15,PRODUCTO,JUGUETES,JUEGOS Y ENTRETENIMIENTO
JUGU024,JUGUETE SET PERSONAJES DE MARIO BROS MEDIANO,0,15.65,15,PRODUCTO,JUGUETES,JUEGOS Y ENTRETENIMIENTO
JUGU142,JUGUETE SORPRESA KPOP,3,1.61,15,PRODUCTO,JUGUETES,JUEGOS Y ENTRETENIMIENTO
JUGU138,JUGUETE TAXI COLECCIONABLE AMARILLO ANTIGUO,1,9.48,15,PRODUCTO,JUGUETES,JUEGOS Y ENTRETENIMIENTO
JUGU139,JUGUETE TAXI COLECCIONABLE DEPORTIVO CELESTE,1,7.39,15,PRODUCTO,JUGUETES,JUEGOS Y ENTRETENIMIENTO
JUGU137,JUGUETE TAXI PICHIRILO COLECCIONABLE AMARILLO,2,8.57,15,PRODUCTO,JUGUETES,JUEGOS Y ENTRETENIMIENTO
JUGU124,JUGUETES CAMIONETA COLECCIONABLE HUMMER / JEEP,3,10.83,15,PRODUCTO,JUGUETES,JUEGOS Y ENTRETENIMIENTO
JUGU151,JUGUETES CARRITO PEQUENO EN CONTENEDOR NARANJA,8,5.52,15,PRODUCTO,JUGUETES,JUEGOS Y ENTRETENIMIENTO
KIT003,KIT DE GRABACION PARA CELULARES AY-49U,1,18.13,15,PRODUCTO,KITS DE GRABACION,FOTOGRAFIA Y VIDEO
KIT002,KIT DE GRABACION PARA CELULARES AY-49X,0,14.22,15,PRODUCTO,KITS DE GRABACION,FOTOGRAFIA Y VIDEO
KIT001,KIT DE GRABACION PARA CELULARES KD-49/20,0,5.65,15,PRODUCTO,KITS DE GRABACION,FOTOGRAFIA Y VIDEO
LAMP003,LAMPARA LED GRANDE OVALADA,1,42.61,15,PRODUCTO,LAMPARAS,ILUMINACION
LAMP002,LAMPARA PLEGABLE DE ESCRITORIO PEQUEA,1,12.39,15,PRODUCTO,LAMPARAS,ILUMINACION
LAMP001,LAMPARA PLEGABLE PARA ESCRITORIO MEDIANA,3,15.09,15,PRODUCTO,LAMPARAS,ILUMINACION
LAPT001,LAPTOP ENV 14.1 512GB 16GB RYZEN 5,0,346.96,15,PRODUCTO,LAPTOPS,COMPUTACION
LAPT005,LAPTOP HP 15.6 PULGADAS RYZEN 7 16GB+512GB,0,712.96,15,PRODUCTO,LAPTOPS,
LASE003,LASER PUNTERO COLOR ROJO CON ESTUCHE,0,17.39,15,PRODUCTO,PUNTEROS LASER,ILUMINACION
LASE002,LASER PUNTERO COLOR ROJO SIMPLE,5,2.04,15,PRODUCTO,PUNTEROS LASER,ILUMINACION
LASE001,LASER PUNTERO COLOR VERDE,3,12.3,15,PRODUCTO,PUNTEROS LASER,ILUMINACION
LASE004,LASER PUNTERO TIPO ESFERO,2,9.48,15,PRODUCTO,PUNTEROS LASER,ILUMINACION
LECT004,LECTOR DE CD-DVD EXTERNO ANDOWL,2,32.61,15,PRODUCTO,LECTORES EXTERNOS,CONECTIVIDAD
LECT005,LECTOR DE CD-DVD EXTERNO MARCA DELL,1,60.26,15,PRODUCTO,LECTORES EXTERNOS,CONECTIVIDAD
LECT002,LECTOR DE MEMORIA MICROSD OT12,5,7.83,15,PRODUCTO,LECTORES DE MEMORIA,CONECTIVIDAD
LECT003,LECTOR DE MEMORIAS MARCA HP,0,16.43,15,PRODUCTO,LECTORES DE MEMORIA,CONECTIVIDAD
LECT001,LECTOR DE MEMORIAS MULTIPLE TIPO FLASH VARIOS COLORES,11,2.61,15,PRODUCTO,LECTORES DE MEMORIA,CONECTIVIDAD
LED003,LED TIRA LED RGB 10 METROS,1,14.35,15,PRODUCTO,TIRAS LEDS,ILUMINACION
LED002,LED TIRA LED RGB 5M,1,11.43,15,PRODUCTO,TIRAS LEDS,ILUMINACION
LED001,LED TIRA LED RGB MARCA RCA,0,13.7,15,PRODUCTO,TIRAS LEDS,ILUMINACION
LINT007,LINTERNA CON ESTUCHE VERDE,3,10.74,15,PRODUCTO,LINTERNAS,ILUMINACION
LINT008,LINTERNA CON GUINDA MODELO WJ-960,2,11.22,15,PRODUCTO,LINTERNAS,ILUMINACION
LINT011,LINTERNA DE CABEZA HEADLIGHT 8907,1,17.26,15,PRODUCTO,,
LINT009,LINTERNA DE CABEZA KY-1805,1,12.61,15,PRODUCTO,LINTERNAS,ILUMINACION
LINT010,LINTERNA DE CABEZA NF-611,1,11.22,15,PRODUCTO,LINTERNAS,ILUMINACION
LINT001,LINTERNA DE CABEZA YM 308,2,10.43,15,PRODUCTO,LINTERNAS,ILUMINACION
LINT006,LINTERNA LUZ GRADUABLE MODELO XA-B15,0,13.91,15,PRODUCTO,LINTERNAS,ILUMINACION
LINT005,LINTERNA MULTIUSO MODELO W5138 TIPO LLAVERO,1,10.35,15,PRODUCTO,LINTERNAS,ILUMINACION
LINT002,LINTERNA YM F302X,0,33.91,15,PRODUCTO,LINTERNAS,ILUMINACION
LINT003,LINTERNA YM F555X,0,22.61,15,PRODUCTO,LINTERNAS,ILUMINACION
LINT004,LINTERNA ZJ-023 PEQUEA,0,7.83,15,PRODUCTO,LINTERNAS,ILUMINACION
MICA016,MICA ANTIESPIA PARA ANDROID,17,4.35,15,PRODUCTO,,
MICA015,MICA ANTIESPIA PARA IPHONE 11 SERIES,2,6.52,15,PRODUCTO,MICAS,
MICA013,MICA ANTIESPIA PARA IPHONE DINO,28,8.7,15,PRODUCTO,MICAS,PROTECTORES
MICA017,MICA ANTIESPIA PARA IPHONE MAGIC GLASS,6,10.43,15,PRODUCTO,,
MICA001,MICA ANTIESPIA PARA IPHONE PRIVACY,109,8.7,15,PRODUCTO,MICAS,PROTECTORES
MICA011,MICA ANTIESPIA PARA SAMSUNG A16,0,4.35,15,PRODUCTO,MICAS,PROTECTORES
MICA003,MICA ANTIHUELLAS PARA ANDROID,76,3.04,15,PRODUCTO,MICAS,PROTECTORES
MICA002,MICA ANTIHUELLAS PARA IPHONE,213,5.22,15,PRODUCTO,MICAS,PROTECTORES
MICA004,MICA CURVA ANDROID,10,5.22,15,PRODUCTO,MICAS,PROTECTORES
MICA006,MICA HD PARA ANDROID,493,3.04,15,PRODUCTO,MICAS,PROTECTORES
MICA005,MICA HD PARA IPHONE,323,5.22,15,PRODUCTO,MICAS,PROTECTORES
MICA007,MICA HIDROGEL,0,4.35,15,PRODUCTO,MICAS,PROTECTORES
MICA010,MICA PARA IPHONE 15 ANTIESPIA SPIGEN,0,10.43,15,PRODUCTO,MICAS,PROTECTORES
MICA012,"MICA PARA IPHONE RESISTENTE ANTIESPIA, ANTIHUELLA, ANTI ESTATICA, ANTI REFLEJOS.",22,15.65,15,PRODUCTO,MICAS,PROTECTORES
MICA009,MICA PARA IPHONE SERIE 16 SPIGEN,15,10.43,15,PRODUCTO,MICAS,PROTECTORES
MICA008,MICA VIDRIO ESENCIAL,176,1.74,15,PRODUCTO,MICAS,PROTECTORES
MICR01,MICROFONO ALAMBRICO 3.5MM CON AUDIFONO MC-R5,1,8.26,15,PRODUCTO,MICROFONOS,FOTOGRAFIA Y VIDEO
MICR02,MICROFONO ALAMBRICO 3.5MM MC-R1,1,6,15,PRODUCTO,MICROFONOS,FOTOGRAFIA Y VIDEO
MICR20,MICROFONO ALAMBRICO MODELO PGA58,1,32.87,15,PRODUCTO,MICROFONOS,FOTOGRAFIA Y VIDEO
MICR07,MICROFONO ALAMBRICO USB-C CON AUDIFONO MC-R6,1,9.13,15,PRODUCTO,MICROFONOS,FOTOGRAFIA Y VIDEO
MICR06,MICROFONO ALAMBRICO USB-C MC-R2,1,6.52,15,PRODUCTO,MICROFONOS,FOTOGRAFIA Y VIDEO
MICR26,MICROFONO DE DIADEMA INALAMBRICO,0,21.74,15,PRODUCTO,MICROFONOS,FOTOGRAFIA Y VIDEO
MICR16,MICROFONO EARLDOM USB-C MC8C,0,21.74,15,PRODUCTO,MICROFONOS,FOTOGRAFIA Y VIDEO
MICR21,MICROFONO F9 DOBLE CON CONECTOR LIGHTNING,1,26.09,15,PRODUCTO,MICROFONOS,FOTOGRAFIA Y VIDEO
MICR32,MICROFONO GAMER ENV GAMEPOD PARA PC-LAPTOP,1,24.87,15,PRODUCTO,MICROFONOS,FOTOGRAFIA Y VIDEO
MICR33,MICROFONO GENUINE PARA PC-LAPTOP,1,19.26,15,PRODUCTO,MICROFONOS,FOTOGRAFIA Y VIDEO
MICR13,MICROFONO INALAMBRICO CON POWERBANK SX21,2,32.09,15,PRODUCTO,MICROFONOS,FOTOGRAFIA Y VIDEO
MICR03,MICROFONO INALAMBRICO DOBLE PARA IPHONE K9,1,16.52,15,PRODUCTO,MICROFONOS,FOTOGRAFIA Y VIDEO
MICR14,MICROFONO INALAMBRICO F15-2,1,23.48,15,PRODUCTO,MICROFONOS,FOTOGRAFIA Y VIDEO
MICR09,MICROFONO INALAMBRICO NK11,2,24.35,15,PRODUCTO,MICROFONOS,FOTOGRAFIA Y VIDEO
MICR05,MICROFONO INALAMBRICO PARA ANDROID CON POWERBANK,0,19.13,15,PRODUCTO,MICROFONOS,FOTOGRAFIA Y VIDEO
MICR04,MICROFONO INALAMBRICO RCA K3,0,25.22,15,PRODUCTO,MICROFONOS,FOTOGRAFIA Y VIDEO
MICR34,MICROFONO INALAMBRICO SET 2 SAGAPU TTD-M12,1,28.83,15,PRODUCTO,MICROFONOS,FOTOGRAFIA Y VIDEO
MICR12,MICROFONO INALAMBRICO TRIPLE CONECTOR S/R,1,28.7,15,PRODUCTO,MICROFONOS,FOTOGRAFIA Y VIDEO
MICR30,MICROFONO INALAMBRICO VOCAL PROFESIONAL UHF,1,16.04,15,PRODUCTO,MICROFONOS,FOTOGRAFIA Y VIDEO
MICR29,MICROFONO INALAMBRICO VOCAL S/R,0,16.83,15,PRODUCTO,MICROFONOS,FOTOGRAFIA Y VIDEO
MICR31,MICROFONO INALAMBRICO VOCAL SET 2 WVNGR,0,25.48,15,PRODUCTO,MICROFONOS,FOTOGRAFIA Y VIDEO
MICR27,MICROFONO JBL QUANTUM STREAM,1,88.7,15,PRODUCTO,MICROFONOS,FOTOGRAFIA Y VIDEO
MICR36,MICROFONO JBL QUANTUM STREAM WIRELESS USB-C,1,85.48,15,PRODUCTO,MICROFONOS,
MICR10,MICROFONO K35,1,11.3,15,PRODUCTO,MICROFONOS,FOTOGRAFIA Y VIDEO
MICR35,MICROFONO LAVALIER ANC MAGNETICO,1,25.61,15,PRODUCTO,MICROFONOS,FOTOGRAFIA Y VIDEO
MICR037,MICROFONO LAVALIER M1 ALAMBRICO,1,12.04,15,PRODUCTO,MICROFONOS,CONECTIVIDAD
MICR28,MICROFONO M6 SET 1,1,16.52,15,PRODUCTO,MICROFONOS,FOTOGRAFIA Y VIDEO
MICR23,MICROFONO M6 USB-C DOBLE MODULO SET 2,5,18.52,15,PRODUCTO,MICROFONOS,FOTOGRAFIA Y VIDEO
MICR17,MICROFONO NEEPHO ANC NP-56,0,27.74,15,PRODUCTO,MICROFONOS,FOTOGRAFIA Y VIDEO
MICR18,MICROFONO PARA PARLANTE SING-E ZQS-1M501 VOCAL KARAOKE,0,15.96,15,PRODUCTO,MICROFONOS,FOTOGRAFIA Y VIDEO
MICR08,MICROFONO PARA PC-LAPTOP HP DHP-1100I,1,16.52,15,PRODUCTO,MICROFONOS,FOTOGRAFIA Y VIDEO
MICR24,MICROFONO PRIMUS VOX01,1,32.09,15,PRODUCTO,MICROFONOS,FOTOGRAFIA Y VIDEO
MICR11,MICROFONO RCA GAMEON RCA203,0,18.91,15,PRODUCTO,MICROFONOS,FOTOGRAFIA Y VIDEO
MICR22,MICROFONO S/R 2.4G CON POWERBANK DOS MODULOS,0,32.43,15,PRODUCTO,MICROFONOS,FOTOGRAFIA Y VIDEO
MICR15,MICROFONO SX8 USB-C,0,21.65,15,PRODUCTO,MICROFONOS,FOTOGRAFIA Y VIDEO
MICR25,MICROFONO VOCAL THUNDER SOUND 53HS472,1,8.57,15,PRODUCTO,MICROFONOS,FOTOGRAFIA Y VIDEO
MICR19,MICROFONOS SET 2 PARA PARLANTE SING-E ZQS-2M502 VOCAL KARAOKE,1,25.48,15,PRODUCTO,MICROFONOS,FOTOGRAFIA Y VIDEO
MOCH001,MOCHILA HONOR IMPERMEABLE,4,13.04,15,PRODUCTO,,
MONI002,MONITOR DE MESA-ESCRITORIO 19 PULGADAS MARCA ONE,1,52.09,15,PRODUCTO,MONITORES,PANTALLAS
MONI004,MONITOR PORTATIL ASUS 360 15.6 PULGADAS,1,121.13,15,PRODUCTO,MONITORES,PANTALLAS
MONI001,MONITOR PORTATIL ENV 15.6 PULGADAS,0,72.96,15,PRODUCTO,MONITORES,PANTALLAS
MONI005,MONITOR PORTATIL ONE 15.6 PULGADAS,3,86.87,15,PRODUCTO,MONITORES,
MONI003,MONITOR PORTATIL YXK 15.6 PULGADAS,0,94.91,15,PRODUCTO,MONITORES,PANTALLAS
MOUS001,MOUSE ALAMBRICO COLOR GRIS-NEGRO S/R,1,6.96,15,PRODUCTO,MOUSE,COMPUTACION
MOUS030,MOUSE ALAMBRICO GAMING RCA GAME ON 5RCA555,1,14.22,15,PRODUCTO,MOUSE,COMPUTACION
MOUS014,MOUSE ALAMBRICO GAMING RCA-201,2,17.39,15,PRODUCTO,MOUSE,COMPUTACION
MOUS021,MOUSE ALAMBRICO MONSTER 5MONT36,2,6.74,15,PRODUCTO,MOUSE,COMPUTACION
MOUS002,MOUSE ALAMBRICO RCA 5RCA557,0,6.35,15,PRODUCTO,MOUSE,COMPUTACION
MOUS019,MOUSE ALAMBRICO RCA KM5,0,6.35,15,PRODUCTO,MOUSE,COMPUTACION
MOUS045,MOUSE ENV VORTEX GAMING SILENCIOSO,1,13.22,15,PRODUCTO,MOUSE,COMPUTACION
MOUS038,MOUSE ERGONOMICO ENV V-MOUSE,0,13.78,15,PRODUCTO,MOUSE,COMPUTACION
MOUS024,MOUSE ERGONOMICO INALAMBRICO YELANDAR MODELO D5,0,13.91,15,PRODUCTO,MOUSE,COMPUTACION
MOUS025,MOUSE ERGONOMICO INALAMBRICO YELANDAR MODELO D6,2,14.22,15,PRODUCTO,MOUSE,COMPUTACION
MOUS044,MOUSE ERGONOMICO KLIPXTREME,0,21.13,15,PRODUCTO,MOUSE,COMPUTACION
MOUS035,MOUSE ERGONOMICO KLIPXTREME ERGOLAST,1,19.26,15,PRODUCTO,MOUSE,COMPUTACION
MOUS003,MOUSE ERGONOMICO MEETION BTM010R,2,25.22,15,PRODUCTO,MOUSE,COMPUTACION
MOUS007,MOUSE GAME MOUSE RCA X103,2,7.22,15,PRODUCTO,MOUSE,COMPUTACION
MOUS004,MOUSE GAMER M GAMING MOUSE,0,10.43,15,PRODUCTO,MOUSE,COMPUTACION
MOUS005,MOUSE GENIUS,1,7.83,15,PRODUCTO,MOUSE,COMPUTACION
MOUS020,MOUSE INALAMABRICO RCA X86,2,11.74,15,PRODUCTO,MOUSE,COMPUTACION
MOUS031,MOUSE INALAMBRICO 2.4GHZ PARA LAPTOP Y PC / USB-A + BLUETOOTH,4,12.96,15,PRODUCTO,MOUSE,COMPUTACION
MOUS006,MOUSE INALAMBRICO 4D,0,7.83,15,PRODUCTO,MOUSE,COMPUTACION
MOUS008,MOUSE INALAMBRICO 5084A,0,8.04,15,PRODUCTO,MOUSE,COMPUTACION
MOUS042,MOUSE INALAMBRICO ENV AXIS A10,0,13.35,15,PRODUCTO,MOUSE,COMPUTACION
MOUS043,MOUSE INALAMBRICO ENV GAMING PRO,1,17.3,15,PRODUCTO,MOUSE,COMPUTACION
MOUS011,MOUSE INALAMBRICO ERGONOMICO MEETION R390 / BTM008,1,21.74,15,PRODUCTO,MOUSE,COMPUTACION
MOUS022,MOUSE INALAMBRICO MONSTER 5MONT35,1,10.87,15,PRODUCTO,MOUSE,COMPUTACION
MOUS023,MOUSE INALAMBRICO MONSTER 5MONT42,0,16.52,15,PRODUCTO,MOUSE,COMPUTACION
MOUS010,MOUSE INALAMBRICO MONSTER AIRMARS M5,1,11.3,15,PRODUCTO,MOUSE,COMPUTACION
MOUS013,MOUSE INALAMBRICO RCA200,2,15.65,15,PRODUCTO,MOUSE,COMPUTACION
MOUS015,MOUSE INALAMBRICO S/R MICRO-USB,0,7.74,15,PRODUCTO,MOUSE,COMPUTACION
MOUS016,MOUSE INALAMBRICO S/R MICRO-USB / USB-A + BLUETOOTH,1,10.43,15,PRODUCTO,MOUSE,COMPUTACION
MOUS026,MOUSE INALAMBRICO VER. X2,1,13.7,15,PRODUCTO,MOUSE,COMPUTACION
MOUS028,MOUSE INALAMBRICO ZORNWEE CH001,0,14.78,15,PRODUCTO,MOUSE,COMPUTACION
MOUS027,MOUSE INALAMBRICO ZORNWEE CH002,2,15.65,15,PRODUCTO,MOUSE,COMPUTACION
MOUS041,MOUSE KLIPEXTREME ARROW KMW-335WH,1,12.91,15,PRODUCTO,MOUSE,COMPUTACION
MOUS036,MOUSE KLIPXTREME LIGHTFLEX,2,20,15,PRODUCTO,MOUSE,COMPUTACION
MOUS037,MOUSE KLIPXTREME SLIMSURFER,4,14.52,15,PRODUCTO,MOUSE,COMPUTACION
MOUS034,MOUSE LOGITECH M196,0,17.26,15,PRODUCTO,MOUSE,COMPUTACION
MOUS039,MOUSE MEETION BTM005 TRANSPARENTE,1,19,15,PRODUCTO,MOUSE,COMPUTACION
MOUS040,MOUSE MEETION MINIGO,1,15.91,15,PRODUCTO,MOUSE,COMPUTACION
MOUS012,MOUSE TARGUS AMU75,0,13.48,15,PRODUCTO,MOUSE,COMPUTACION
MOUS018,MOUSE WEIBO MODEL W07,1,11.09,15,PRODUCTO,MOUSE,COMPUTACION
MOUS032,MOUSE XIAOMI LITE 2,1,16.04,15,PRODUCTO,MOUSE,COMPUTACION
MOUS033,MOUSE XIOMI COMFORT EDITION,0,24.26,15,PRODUCTO,MOUSE,COMPUTACION
MOUS017,MOUSE YELANDAR AN01 ELEGANT,1,11.3,15,PRODUCTO,MOUSE,COMPUTACION
MOUS009,MOUSEPAD CON ALMOHADILLA DE GEL,9,5.22,15,PRODUCTO,MOUSE,COMPUTACION
MOUS029,MOUSEPAD CUADRADO ESENCIAL,11,2.17,15,PRODUCTO,MOUSE,COMPUTACION
OTRO001,OTROS INGRESOS,0,0.87,15,PRODUCTO,,
PAD001,PAD ALMOHADILLA DE GEL PARA TECLADOS,14,12.04,15,PRODUCTO,,
PADM003,PADMOUSE MOUSEPAD DISNEY MICKEY,0,4.35,15,PRODUCTO,PADMOUSE,COMPUTACION
PADM004,PADMOUSE MOUSEPAD ENV CUADRADOS,3,3.61,15,PRODUCTO,PADMOUSE,COMPUTACION
PADM005,PADMOUSE MOUSEPAD ENV XXL,0,10.43,15,PRODUCTO,PADMOUSE,COMPUTACION
PADM006,PADMOUSE MOUSEPAD MARVEL SPIDERMAN XXL,1,23.3,15,PRODUCTO,PADMOUSE,COMPUTACION
PADM001,PADMOUSE MOUSEPAD PAD MOUSE HAVIT,1,7.09,15,PRODUCTO,PADMOUSE,COMPUTACION
PADM002,PADMOUSE MOUSEPAD XTECH PEQUEOS,4,2.61,15,PRODUCTO,PADMOUSE,COMPUTACION
PALA002,PALANCA PARA PC - LAPTOP - XBOX 360 MICROSOFT,0,16.83,15,PRODUCTO,PALANCAS,JUEGOS Y ENTRETENIMIENTO
PALA001,PALANCA PARA PLAY STATION 4 - PS4,4,19.13,15,PRODUCTO,PALANCAS,JUEGOS Y ENTRETENIMIENTO
PANE003,PANEL DE LUZ PL-16,4,21.26,15,PRODUCTO,PANELES DE LUZ,ILUMINACION
PANE002,PANEL DE LUZ PL-19,1,25.52,15,PRODUCTO,PANELES DE LUZ,ILUMINACION
PANE001,PANEL DE LUZ PL-48,0,28.61,15,PRODUCTO,PANELES DE LUZ,ILUMINACION
PARL011,PARLANTE ABS 4109,1,21.74,15,PRODUCTO,PARLANTES,AUDIO
PARL040,PARLANTE BLUETOOTH JBL GRIP,1,80.96,15,PRODUCTO,PARLANTES,AUDIO
PARL023,PARLANTE BLUETOOTH PORTATIL BOOMBOX01,0,21.74,15,PRODUCTO,PARLANTES,AUDIO
PARL024,PARLANTE BLUETOOTH PORTATIL BOOMBOX02,0,28.7,15,PRODUCTO,PARLANTES,AUDIO
PARL032,PARLANTE BLUETOOTH PORTATIL KLIPXTREME GROOVESPLASH,2,25.22,15,PRODUCTO,PARLANTES,AUDIO
PARL041,PARLANTE BLUETOOTH PORTATIL KLIPXTREME NITRO,2,27.91,15,PRODUCTO,PARLANTES,AUDIO
PARL017,PARLANTE BLUETOOTH PORTATIL MINI RCA 53HSRCT,0,13.91,15,PRODUCTO,PARLANTES,AUDIO
PARL038,PARLANTE BLUETOOTH PORTATIL MONSTER VIBE,1,55.48,15,PRODUCTO,PARLANTES,AUDIO
PARL036,PARLANTE BLUETOOTH PORTATIL SOUNDCORE SELECT GO 4,0,25.48,15,PRODUCTO,PARLANTES,AUDIO
PARL016,PARLANTE BLUETOOTH RCA RGB 53HSRCR,1,15.57,15,PRODUCTO,PARLANTES,AUDIO
PARL037,PARLANTE CON DOBLE MICROFONO SING-E MEDIANO,1,25.22,15,PRODUCTO,PARLANTES,AUDIO
PARL027,PARLANTE CON DOBLE MICROFONO ZQS-K12 MINI KARAOKE,0,13.04,15,PRODUCTO,PARLANTES,AUDIO
PARL019,PARLANTE CON LUCES HAVIT SK879BT,0,33.91,15,PRODUCTO,PARLANTES,AUDIO
PARL001,PARLANTE CON LUCES L20,1,15.17,15,PRODUCTO,PARLANTES,AUDIO
PARL031,PARLANTE CON MICROFONO ABS-4220,1,33.91,15,PRODUCTO,PARLANTES,AUDIO
PARL029,PARLANTE CON MICROFONO MINI SING-E ZQS-W3103,2,12.09,15,PRODUCTO,PARLANTES,AUDIO
PARL020,PARLANTE CON MICROFONO MODELO ZQS1343W KARAOKE,2,22.61,15,PRODUCTO,PARLANTES,AUDIO
PARL042,PARLANTE JBL FLIP 7,1,114.9,15,PRODUCTO,PARLANTES,CONECTIVIDAD
PARL002,PARLANTE LUCES MS2676BT,1,16.52,15,PRODUCTO,PARLANTES,AUDIO
PARL003,PARLANTE MINI CON MICROFONO PARA NIOS KARAOKE,2,10.35,15,PRODUCTO,PARLANTES,AUDIO
PARL043,PARLANTE MINI XTECH HALEN,1,15.03,15,PRODUCTO,PARLANTES,AUDIO
PARL030,PARLANTE MONSTER BITS,0,60.35,15,PRODUCTO,PARLANTES,AUDIO
PARL021,PARLANTE MONSTER M3,0,26.09,15,PRODUCTO,PARLANTES,AUDIO
PARL028,PARLANTE MONSTER PROJECT 1,1,81.04,15,PRODUCTO,PARLANTES,AUDIO
PARL035,PARLANTE PARA BICICLETA-MOTO BLACKVIEW AURABASS,2,51.43,15,PRODUCTO,PARLANTES,AUDIO
PARL022,PARLANTE PARA BICICLETA-MOTO PAVAREAL BS16,1,22.61,15,PRODUCTO,PARLANTES,AUDIO
PARL015,PARLANTE PARA PC-LAPTOP DHS-2111S,0,25.22,15,PRODUCTO,PARLANTES,AUDIO
PARL014,PARLANTE PARA PC-LAPTOP HP DHE-6000,0,18.26,15,PRODUCTO,PARLANTES,AUDIO
PARL013,PARLANTE PARA PC-LAPTOP HP DHS-2111,1,13.91,15,PRODUCTO,PARLANTES,AUDIO
PARL018,PARLANTE PARA PC-LAPTOP RCA SPEAKER CS2,0,21.65,15,PRODUCTO,PARLANTES,AUDIO
PARL026,PARLANTE SING-E 3 PULGADAS ZQS1328S,3,10.43,15,PRODUCTO,PARLANTES,AUDIO
PARL004,PARLANTE SOONBOX S9100,0,37.83,15,PRODUCTO,PARLANTES,AUDIO
PARL005,PARLANTE T&G MODELO 325,0,25.22,15,PRODUCTO,PARLANTES,AUDIO
PARL012,PARLANTE T&G MODELO 664,0,21.74,15,PRODUCTO,PARLANTES,AUDIO
PARL025,PARLANTE TRIANGULAR MONSTER SUPERSTAR E1,2,22.52,15,PRODUCTO,PARLANTES,AUDIO
PARL044,PARLANTE ULTRABLASTER KLIPXTREME,1,121.61,15,PRODUCTO,PARLANTES,AUDIO
PARL039,PARLANTE XIAOMI SOUND POCKET,1,30.61,15,PRODUCTO,PARLANTES,AUDIO
PARL006,PARLANTE ZIOLI CON LUCES,1,25.22,15,PRODUCTO,PARLANTES,AUDIO
PARL033,PARLANTES PARA PC-LAPTOP ENV THUNDER 1306,1,23.3,15,PRODUCTO,PARLANTES,AUDIO
PARL007,PARLANTES PARA PC-LAPTOP KISONLI KS08,0,10.43,15,PRODUCTO,PARLANTES,AUDIO
PARL008,PARLANTES PARA PC-LAPTOP KISONLI V410,0,7.39,15,PRODUCTO,PARLANTES,AUDIO
PARL009,PARLANTES PARA PC-LAPTOP KISONLI X7 RGB,1,11.74,15,PRODUCTO,PARLANTES,AUDIO
PARL034,PARLANTES PARA PC-LAPTOP OPTIMUM 3100 ENV,1,25.78,15,PRODUCTO,PARLANTES,AUDIO
PARL010,PARLANTES T&G 321,0,13.91,15,PRODUCTO,PARLANTES,AUDIO
PILA053,PILA 1220 MURATA,5,2.57,15,PRODUCTO,PILAS,BATERIAS
PILA049,PILA 1616 SUNCOM,20,1.96,15,PRODUCTO,PILAS,BATERIAS
PILA075,PILA 1620 SUNCOM,20,2.04,15,PRODUCTO,,
PILA009,PILA 1620 TIANQUIU,0,2.61,15,PRODUCTO,PILAS,BATERIAS
PILA055,PILA 1625 TIANQUI,20,1.52,15,PRODUCTO,PILAS,BATERIAS
PILA068,PILA 1632 MURATA,9,3.78,15,PRODUCTO,PILAS,BATERIAS
PILA048,PILA 1632 SUNCOM,15,1.96,15,PRODUCTO,PILAS,BATERIAS
PILA042,PILA 192 392 LR41 MAXDAY,10,1.52,15,PRODUCTO,PILAS,BATERIAS
PILA040,PILA 192 392 LR41 MURATA,10,2.17,15,PRODUCTO,PILAS,BATERIAS
PILA041,PILA 192 392 LR41 SUNCOM,8,1.26,15,PRODUCTO,PILAS,BATERIAS
PILA010,PILA 2016 SONY,15,1.09,15,PRODUCTO,PILAS,BATERIAS
PILA011,PILA 2025 SONY,20,1.09,15,PRODUCTO,PILAS,BATERIAS
PILA013,PILA 2032 RCA,16,2.17,15,PRODUCTO,PILAS,BATERIAS
PILA012,PILA 2032 SONY,0,1.09,15,PRODUCTO,PILAS,BATERIAS
PILA073,PILA 23A GP,9,2.83,15,PRODUCTO,PILAS,BATERIAS
PILA014,PILA 23A PIKCELL,1,2.43,15,PRODUCTO,PILAS,BATERIAS
PILA072,PILA 23A SOEINIY,10,2.3,15,PRODUCTO,PILAS,BATERIAS
PILA054,PILA 2430 MURATA,10,3.74,15,PRODUCTO,PILAS,BATERIAS
PILA074,PILA 27A GP,10,2.74,15,PRODUCTO,PILAS,BATERIAS
PILA015,PILA 27A PIKCELL,3,2.43,15,PRODUCTO,PILAS,BATERIAS
PILA071,PILA 27A SOEINIY,10,2.22,15,PRODUCTO,PILAS,BATERIAS
PILA033,PILA 357 LR44 AG13 PIKCELL,11,1.09,15,PRODUCTO,PILAS,BATERIAS
PILA060,PILA 362 - AG11 MAXDAY,10,1.7,15,PRODUCTO,PILAS,BATERIAS
PILA016,PILA 364 MURATA,8,1.96,15,PRODUCTO,PILAS,BATERIAS
PILA017,PILA 364 SUNCOM,10,1.52,15,PRODUCTO,PILAS,BATERIAS
PILA019,PILA 371 MAXDAY,10,1.52,15,PRODUCTO,PILAS,BATERIAS
PILA018,PILA 371 MURATA,8,2.17,15,PRODUCTO,PILAS,BATERIAS
PILA034,PILA 377 - LR626 - AG4 PIKCELL,4,1.52,15,PRODUCTO,PILAS,BATERIAS
PILA021,PILA 377 AG4 MAXDAY,50,1.35,15,PRODUCTO,PILAS,BATERIAS
PILA022,PILA 377 SUNCOM,10,1.09,15,PRODUCTO,PILAS,BATERIAS
PILA052,PILA 379 AG0 MAXDAY,10,1.65,15,PRODUCTO,PILAS,BATERIAS
PILA051,PILA 379 MURATA,5,2.04,15,PRODUCTO,PILAS,BATERIAS
PILA062,PILA 386 - AG12 MAXDAY,10,1.83,15,PRODUCTO,PILAS,BATERIAS
PILA038,PILA 389 - 189 - LR1130 - AG10 MAXDAY,10,1.48,15,PRODUCTO,PILAS,BATERIAS
PILA032,PILA 389 - 189 - LR1130 - AG10 PIKCELL,4,1.52,15,PRODUCTO,PILAS,BATERIAS
PILA036,PILA 389 - 189 - LR1130 - AG10 T&E,30,1.3,15,PRODUCTO,PILAS,BATERIAS
PILA037,PILA 389 - 189 - LR1130 - AG10SUNCOM,10,1.26,15,PRODUCTO,PILAS,BATERIAS
PILA059,PILA 391 - AG8 MAXDAY,10,1.83,15,PRODUCTO,PILAS,BATERIAS
PILA057,PILA 393- 193 - AG5 MAXDAY,10,1.7,15,PRODUCTO,PILAS,BATERIAS
PILA061,PILA 394 - AG9 MAXDAY,7,1.7,15,PRODUCTO,PILAS,BATERIAS
PILA058,PILA 395 - 399 - AG7 MAXDAY,7,1.7,15,PRODUCTO,PILAS,BATERIAS
PILA056,PILA 396 - 397 - AG2 MAXDAY,10,1.7,15,PRODUCTO,PILAS,BATERIAS
PILA001,PILA 9V ALCALINA PIKCELL,1,4.17,15,PRODUCTO,PILAS,BATERIAS
PILA003,PILA 9V ALCALINA RAYOVAC,2,5.17,15,PRODUCTO,PILAS,BATERIAS
PILA002,PILA 9V ALCALINA RCA,0,4.17,15,PRODUCTO,PILAS,BATERIAS
PILA004,PILA 9V MAXDAY,2,3.61,15,PRODUCTO,PILAS,BATERIAS
PILA023,PILA AA RAYOVAC PACK DE 2,1,2.61,15,PRODUCTO,PILAS,BATERIAS
PILA050,PILA AA RCA PACK 2,10,3.04,15,PRODUCTO,PILAS,BATERIAS
PILA024,PILA AA RCA PACK DE 4,0,3.3,15,PRODUCTO,PILAS,BATERIAS
PILA006,PILA AA RECARGABLE ART,0,4.78,15,PRODUCTO,PILAS,BATERIAS
PILA069,PILA AA SONY PACK DE 4,17,3.74,15,PRODUCTO,PILAS,BATERIAS
PILA025,PILA AAA RAYOVAC PACK DE 2,0,2.61,15,PRODUCTO,PILAS,BATERIAS
PILA027,PILA AAA RCA PACK DE 2,24,2.17,15,PRODUCTO,PILAS,BATERIAS
PILA026,PILA AAA RCA PACK DE 4,23,3.3,15,PRODUCTO,PILAS,BATERIAS
PILA028,PILA AAA RCA PACK DE 6,4,3.91,15,PRODUCTO,PILAS,BATERIAS
PILA035,PILA AAA RECARGABLE MARCA GP,0,6,15,PRODUCTO,PILAS,BATERIAS
PILA039,PILA AAA SONY PACK 4,5,3.74,15,PRODUCTO,PILAS,BATERIAS
PILA067,PILA AAAA CAMELION PACK DE 2,5,5.35,15,PRODUCTO,PILAS,BATERIAS
PILA005,PILA BATERIA 9V RECARGABLE MAXDAY,1,8.13,15,PRODUCTO,PILAS,BATERIAS
PILA031,PILA C RCA,6,4.13,15,PRODUCTO,PILAS,BATERIAS
PILA070,PILA D MAXDAY,2,5.13,15,PRODUCTO,PILAS,BATERIAS
PILA029,PILA D RAYOVAC,0,4.78,15,PRODUCTO,PILAS,BATERIAS
PILA030,PILA D RCA,8,4.78,15,PRODUCTO,PILAS,BATERIAS
PILA066,PILA RAYOVAC PARA AUDIFONOS TAMANO 10,1,6.52,15,PRODUCTO,PILAS,BATERIAS
PILA065,PILA RAYOVAC PARA AUDIFONOS TAMANO 13,3,6.52,15,PRODUCTO,PILAS,BATERIAS
PILA063,PILA RAYOVAC PARA AUDIFONOS TAMANO 312,1,6.52,15,PRODUCTO,PILAS,BATERIAS
PILA064,PILA RAYOVAC PARA AUDIFONOS TAMANO 675,1,6.52,15,PRODUCTO,PILAS,BATERIAS
PILA007,PILA RECARGABLE AA PACK DE 2 MP MULTIPLE POWER,1,6,15,PRODUCTO,PILAS,BATERIAS
PILA046,PILA RECARGABLE AAA MARCA MAXDAY PACK DE 2,1,5.43,15,PRODUCTO,PILAS,BATERIAS
PILA043,PILA RECARGABLE AAA MAXDAY PACK DE 4,2,6.48,15,PRODUCTO,PILAS,BATERIAS
PILA008,PILA RECARGABLE AAA MP MULTIPLE POWER,0,6,15,PRODUCTO,PILAS,BATERIAS
PILA047,PILA RECARGABLES AA MARCA MAXDAY PACK DE 2,1,5.43,15,PRODUCTO,PILAS,BATERIAS
PILA044,PILA RENATA PARA AUDIFONOS TAMANO 10,2,6,15,PRODUCTO,PILAS,BATERIAS
PILA045,PILA RENATA PARA AUDIFONOS TAMANO 312,2,6,15,PRODUCTO,PILAS,BATERIAS
POP001,POPSOCKET - VENTOSA - CHUPON PARA CELULAR,6,4.35,15,PRODUCTO,POPSOCKET,GADGETS
POWE007,POWERBANK 20000MAH PWAVE 22.5W MODEL P-PB201A,0,22.61,15,PRODUCTO,POWERBANKS,BATERIAS
POWE004,POWERBANK 66W 30000MAH,2,30.43,15,PRODUCTO,POWERBANKS,BATERIAS
POWE012,POWERBANK ALAMBRICA 10000MAH 10.5W 1HORA MULTIPLES CABLES,0,19.13,15,PRODUCTO,POWERBANKS,BATERIAS
POWE010,POWERBANK ALAMBRICA MONSTER 22.5W CUADRADA INCLUYE CABLES,3,25.52,15,PRODUCTO,POWERBANKS,BATERIAS
POWE005,POWERBANK BATEN 10000MAH 22.5W BT-P310,0,30.35,15,PRODUCTO,POWERBANKS,BATERIAS
POWE011,POWERBANK INALAMBRICA 5000MAH 1HORA,0,20.43,15,PRODUCTO,POWERBANKS,BATERIAS
POWE002,POWERBANK INALAMBRICA IPH 5000MAH LIGHTNING,0,16.52,15,PRODUCTO,POWERBANKS,BATERIAS
POWE008,POWERBANK INALAMBRICA MONSTER 22.5W 10000MAH,5,27.74,15,PRODUCTO,POWERBANKS,BATERIAS
POWE013,POWERBANK INALMABRICA KLIPXTREME 10000MAH,2,31.3,15,PRODUCTO,POWERBANKS,BATERIAS
POWE014,POWERBANK INALMABRICA KLIPXTREME 5000MAH,1,23.61,15,PRODUCTO,POWERBANKS,BATERIAS
POWE001,POWERBANK INAMABRICA IPH 10000MAH LIGHTNING,2,22.61,15,PRODUCTO,POWERBANKS,BATERIAS
POWE019,POWERBANK KLIPXTREME GRANDE 50000MAH 100W,1,118.17,15,PRODUCTO,POWERBANKS,BATERIAS
POWE020,POWERBANK MINI 2 EN 1 KLIPXTREME PARA SMARTWATCH Y EMERGENCIAS,1,22.78,15,PRODUCTO,POWERBANKS,BATERIAS
POWE006,POWERBANK OKOP MODELO KP-712,0,21.74,15,PRODUCTO,POWERBANKS,BATERIAS
POWE016,POWERBANK ONE 30000MAH,1,27.39,15,PRODUCTO,POWERBANKS,BATERIAS
POWE021,POWERBANK PARA IPH 5000MAH PUERTO USB-C,0,16.96,15,PRODUCTO,POWERBANKS,BATERIAS
POWE003,POWERBANK PHILCO 20000MAH,1,28.7,15,PRODUCTO,POWERBANKS,BATERIAS
POWE017,POWERBANK PINLEYOU Y415 10000MAH,3,19.13,15,PRODUCTO,POWERBANKS,BATERIAS
POWE015,POWERBANK TREQA MULTIPLES CABLES,1,28.17,15,PRODUCTO,POWERBANKS,BATERIAS
POWE009,POWERBANK UNIVERSAL 20000MAH 3 WIRE,0,21.74,15,PRODUCTO,POWERBANKS,BATERIAS
POWE018,POWERBANK XTECH 30000MAH CON PANEL SOLAR,1,33.39,15,PRODUCTO,POWERBANKS,BATERIAS
PRES003,PRESENTADOR DE DIAPOSITIVAS CON PUNTERO LASER UGREEN,1,23.35,15,PRODUCTO,PRESENTADORES,COMPUTACION
PRES001,PRESENTADOR DE DIAPOSITIVAS CON PUNTERO LASER VER.1,4,21.65,15,PRODUCTO,PRESENTADORES,COMPUTACION
PRES002,PRESENTADOR DE DIAPOSITIVAS CON PUNTERO LASER VER.2,3,19.57,15,PRODUCTO,PRESENTADORES,COMPUTACION
PROT006,PROTECTOR DE CAMARA IPHONE 17 PRO / 17 PRO MAX,4,7.83,15,PRODUCTO,,
PROT001,PROTECTOR DE CAMARA PARA IPHONE Y ANDROID,187,5.22,15,PRODUCTO,PROTECTORES DE CAMARA,PROTECTORES
PROT005,PROTECTOR DE VOLTAJE CENTURY 1 ENCHUFE,1,9.83,15,PRODUCTO,PROTECTORES DE VOLTAJE,
PROT002,PROTECTOR DE VOLTAJE CENTURY 3 ENCHUFES,1,13.83,15,PRODUCTO,PROTECTORES DE VOLTAJE,ENERGIA Y CARGA
PROT004,PROTECTOR DE VOLTAJE MONSTER 1 ENCHUFE PARA EQUIPOS ELECTRONICOS,1,11.17,15,PRODUCTO,PROTECTORES DE VOLTAJE,ENERGIA Y CARGA
PROT003,PROTECTORES DE SILICON ANIMADOS PARA CABLES,16,1.96,15,PRODUCTO,PROTECTORES DE VOLTAJE,ENERGIA Y CARGA
PROY004,PROYECTOR ENV PORTATIL,0,90.35,15,PRODUCTO,PROYECTORES,TV / STREAMING
PROY006,PROYECTOR GAMER 150 PULGADAS,1,112.43,15,PRODUCTO,PROYECTORES,TV / STREAMING
PROY003,PROYECTOR GAMING P30 PLUS ULTRA HD,0,103.78,15,PRODUCTO,PROYECTORES,TV / STREAMING
PROY005,PROYECTOR GRANDE ALTA DEFINICION,0,155.65,15,PRODUCTO,PROYECTORES,TV / STREAMING
PROY001,PROYECTOR LED SOURCE ULTRA HD,1,60,15,PRODUCTO,PROYECTORES,TV / STREAMING
PROY007,PROYECTOR WANBO SMART,1,216.52,15,PRODUCTO,PROYECTORES,CONECTIVIDAD
PROY002,PROYECTOR X10 PLUS CON GAMEPAD,0,82.61,15,PRODUCTO,PROYECTORES,TV / STREAMING
RADI003,RADIO PARLANTE DESPERTADOR CLOCK BLUETOOTH SPEAKER NEW,1,17.39,15,PRODUCTO,RADIOS,AUDIO
RADI002,RADIO PARLANTE LENOVO TS13 CON DESPERTADOR,1,25.57,15,PRODUCTO,RADIOS,AUDIO
RADI001,RADIO PARLANTE RCA 53HSRCL CON DESPERTADOR,1,19.26,15,PRODUCTO,RADIOS,AUDIO
RADI008,RADIO PORTAIL LP CON PANEL SOLAR,1,17.87,15,PRODUCTO,RADIOS,AUDIO
RADI004,RADIO RELOJ DESPERTADOR EN FORMA DE G MODELO G63 LED,2,12.83,15,PRODUCTO,RADIOS,AUDIO
RADI006,RADIO TIPO VINTAGE ANTIGUO CMIK 261,3,25.48,15,PRODUCTO,RADIOS,AUDIO
RADI007,RADIO TIPO VINTAGE ANTIGUO MEIER MD-1318BT,1,21.87,15,PRODUCTO,RADIOS,AUDIO
RADI005,RADIOS DE COMUNICACION BAOFENG,1,28.61,15,PRODUCTO,RADIOS,COMUNICACIÓN
REL045,RELOJ AEMAI AS11MAX,1,13.48,15,PRODUCTO,RELOJES,DISPOSITIVOS PORTATILES
REL043,RELOJ ANIMADOS PARA NINOS DIGITAL Y ANALOGICO,14,5.65,15,PRODUCTO,RELOJES,DISPOSITIVOS PORTATILES
REL047,RELOJ DE PARED O MESA LED GH8018,1,14.65,15,PRODUCTO,RELOJES,DISPOSITIVOS PORTATILES
REL001,RELOJ DESPERTADOR MODELO DCX-670,1,16.78,15,PRODUCTO,RELOJES,DISPOSITIVOS PORTATILES
REL051,RELOJ DESPERTADOR WOODEN CLOCK MADERA CAFE,0,13.43,15,PRODUCTO,RELOJES,DISPOSITIVOS PORTATILES
REL032,RELOJ PARA ANIMADOS NIOS TAPA GIRATORIA,31,7.39,15,PRODUCTO,RELOJES,DISPOSITIVOS PORTATILES
REL064,RELOJ SMARTBAND ACTIVE 8 ROSA XIAOMI,0,38.17,15,PRODUCTO,RELOJES,DISPOSITIVOS PORTATILES
REL015,RELOJ SMARTWACH RCA BORDES DORADOS - CORREA MARRON,1,54.78,15,PRODUCTO,RELOJES,DISPOSITIVOS PORTATILES
REL012,RELOJ SMARTWATCH AEMAI YX6,2,38.7,15,PRODUCTO,RELOJES,DISPOSITIVOS PORTATILES
REL071,RELOJ SMARTWATCH AURAFIT NEXA 6,1,60.3,15,PRODUCTO,,
REL006,RELOJ SMARTWATCH BIG ULTRA 7 EN 1,1,19.13,15,PRODUCTO,RELOJES,DISPOSITIVOS PORTATILES
REL067,RELOJ SMARTWATCH BLACKVIEW R50,2,42.91,15,PRODUCTO,RELOJES,DISPOSITIVOS PORTATILES
REL011,RELOJ SMARTWATCH CAJA FLASHLIGHT,1,51.3,15,PRODUCTO,RELOJES,DISPOSITIVOS PORTATILES
REL068,RELOJ SMARTWATCH ENG GO WATCH SQUARE PINK,1,28.83,15,PRODUCTO,RELOJES,DISPOSITIVOS PORTATILES
REL063,RELOJ SMARTWATCH ENV WATCH X LITE,1,26,15,PRODUCTO,RELOJES,DISPOSITIVOS PORTATILES
REL034,RELOJ SMARTWATCH FITCLUODPRO AMOLED,1,47.83,15,PRODUCTO,RELOJES,DISPOSITIVOS PORTATILES
REL023,RELOJ SMARTWATCH GALAXY WATCH ULTRA,1,51.3,15,PRODUCTO,RELOJES,DISPOSITIVOS PORTATILES
REL036,RELOJ SMARTWATCH H20,1,25.22,15,PRODUCTO,RELOJES,DISPOSITIVOS PORTATILES
REL070,RELOJ SMARTWATCH KALOBEE GW11 MINI,1,31.48,15,PRODUCTO,RELOJES,DISPOSITIVOS PORTATILES
REL062,RELOJ SMARTWATCH KALOBEE PARA CABELLERO SK43,1,48.09,15,PRODUCTO,RELOJES,DISPOSITIVOS PORTATILES
REL060,RELOJ SMARTWATCH KIESLECT LORA 3,1,85.48,15,PRODUCTO,RELOJES,DISPOSITIVOS PORTATILES
REL013,RELOJ SMARTWATCH PARA IPHONE WATCH SERIES 10 46MM,1,51.3,15,PRODUCTO,RELOJES,DISPOSITIVOS PORTATILES
REL024,RELOJ SMARTWATCH PENTAFLIM CY900,0,33.91,15,PRODUCTO,RELOJES,DISPOSITIVOS PORTATILES
REL033,RELOJ SMARTWATCH RCA MODEL EXACT,1,21.74,15,PRODUCTO,RELOJES,DISPOSITIVOS PORTATILES
REL014,RELOJ SMARTWATCH RCA ULTRA,1,47.83,15,PRODUCTO,RELOJES,DISPOSITIVOS PORTATILES
REL052,RELOJ SMARTWATCH RIVERSONG GLOW ROSE GOLD,0,75.96,15,PRODUCTO,RELOJES,DISPOSITIVOS PORTATILES
REL050,RELOJ SMARTWATCH RIVERSONG MOTIVE 10GT,3,84.52,15,PRODUCTO,RELOJES,DISPOSITIVOS PORTATILES
REL040,RELOJ SMARTWATCH RIVERSONG MOTIVE 7C,1,47.83,15,PRODUCTO,RELOJES,DISPOSITIVOS PORTATILES
REL041,RELOJ SMARTWATCH RIVERSONG MOTIVE 9 PRO,4,64.61,15,PRODUCTO,RELOJES,DISPOSITIVOS PORTATILES
REL065,RELOJ SMARTWATCH S11 PRO,6,10.43,15,PRODUCTO,RELOJES,DISPOSITIVOS PORTATILES
REL038,RELOJ SMARTWATCH SAIVA SY10 ULTRA,1,36.52,15,PRODUCTO,RELOJES,DISPOSITIVOS PORTATILES
REL069,RELOJ SMARTWATCH SERIES 11 MINI,16,17.3,15,PRODUCTO,RELOJES,DISPOSITIVOS PORTATILES
REL016,RELOJ SMARTWATCH T900 ULTRA BIG 2.09,2,11.3,15,PRODUCTO,RELOJES,DISPOSITIVOS PORTATILES
REL059,RELOJ SMARTWATCH ULTRA 2 YY-20,4,11.3,15,PRODUCTO,RELOJES,DISPOSITIVOS PORTATILES
REL031,RELOJ SMARTWATCH ULTRA 9,4,16.52,15,PRODUCTO,RELOJES,DISPOSITIVOS PORTATILES
REL066,RELOJ SMARTWATCH V19 PRO REDONDO,2,16.78,15,PRODUCTO,RELOJES,DISPOSITIVOS PORTATILES
REL057,RELOJ SMARTWATCH V36 REDONDO WEARFIT,1,37.83,15,PRODUCTO,RELOJES,DISPOSITIVOS PORTATILES
REL017,RELOJ SMARTWATCH WATCH 6 CLASSIC,1,42.61,15,PRODUCTO,RELOJES,DISPOSITIVOS PORTATILES
REL018,RELOJ SMARTWATCH X7,0,7.83,15,PRODUCTO,RELOJES,DISPOSITIVOS PORTATILES
REL042,RELOJ SMARTWATH RIVERSONG MOTIVE 9 MAX,1,68.7,15,PRODUCTO,RELOJES,DISPOSITIVOS PORTATILES
REL028,RELOJ SMARWATCH HW36 MINI,1,47.83,15,PRODUCTO,RELOJES,DISPOSITIVOS PORTATILES
REL046,RELOJ SMARWATCH INFINIX H4,12,33.91,15,PRODUCTO,RELOJES,DISPOSITIVOS PORTATILES
REL056,RELOJ SMARWATCH KALOBEE PARA DAMA SK9 MINI,1,41.13,15,PRODUCTO,RELOJES,DISPOSITIVOS PORTATILES
REPR002,REPRODUCTOR MP3 MINI S/R,5,8.48,15,PRODUCTO,REPRODUCTORES,AUDIO
REPR001,REPRODUCTOR MP4 MROBO,1,17.26,15,PRODUCTO,REPRODUCTORES,AUDIO
SENS001,SENSOR PARA PUERTAS WIFI,1,10.57,15,PRODUCTO,SENSORES,CONECTIVIDAD
SIMU001,SIMULADOR LOGITECH G29 SIMULACION INMERSIVA,0,291.3,15,PRODUCTO,SIMULADORES,JUEGOS Y ENTRETENIMIENTO
ROUT001,SISTEMA MESH CUDY FAST AX1500 WIFI6,1,82.87,15,PRODUCTO,,CONECTIVIDAD
ROUT002,SISTEMA MESH CUDY FAST AX1500 WIFI6 3 MODULOS,1,112.35,15,PRODUCTO,,CONECTIVIDAD
SOPO009,SOPORTE BASE PARA CELULAR Y TABLET DE MESA GIRATORIO MARCA MONSTER,1,14.35,15,PRODUCTO,SOPORTES,SOPORTES
SOPO043,SOPORTE BASE PARA LAPTOP METALLICO FLEXIBLE,4,21,15,PRODUCTO,SOPORTES,SOPORTES
SOPO004,SOPORTE CELULAR PARA VEHICULO VENDENS VD-HD011,0,11.74,15,PRODUCTO,SOPORTES,SOPORTES
SOPO016,SOPORTE DE CECULAR PARA VEHICULO INALAMBRICO 15W REF. 22298,0,21.43,15,PRODUCTO,SOPORTES,SOPORTES
SOPO023,SOPORTE DE CELULAR MODELO T8-04,12,4.65,15,PRODUCTO,SOPORTES,SOPORTES
SOPO024,SOPORTE DE CELULAR MODELO T9-01,0,7.83,15,PRODUCTO,SOPORTES,SOPORTES
SOPO051,SOPORTE DE CELULAR PARA BICICLETA-MOTO,1,7.09,15,PRODUCTO,SOPORTES,SOPORTES
SOPO054,SOPORTE DE CELULAR PARA CUELLO,1,27.96,15,PRODUCTO,SOPORTES,SOPORTES
SOPO022,SOPORTE DE CELULAR PARA VEHICULO CON CARGA INALAMBRICA MONSTER 15W,1,21.74,15,PRODUCTO,SOPORTES,SOPORTES
SOPO059,SOPORTE DE CELULAR PARA VEHICULO CON MAGSAFE Y VENTOSA T6-05,9,16.22,15,PRODUCTO,SOPORTES,SOPORTES
SOPO020,SOPORTE DE CELULAR PARA VEHICULO CON VENTOSA MODELO T7-01,7,8.48,15,PRODUCTO,SOPORTES,SOPORTES
SOPO021,SOPORTE DE CELULAR PARA VEHICULO CON VENTOSA MODELO T7-02,0,11.3,15,PRODUCTO,SOPORTES,SOPORTES
SOPO010,SOPORTE DE CELULAR PARA VEHICULO CON VENTOSA RCA MODELO C5,0,11.74,15,PRODUCTO,SOPORTES,SOPORTES
SOPO008,SOPORTE DE CELULAR PARA VEHICULO DE REJILLA VENDENS VD-HD015,0,11.74,15,PRODUCTO,SOPORTES,SOPORTES
SOPO052,SOPORTE DE CELULAR PARA VEHICULO DE VENTOSA INVERSOR SUCTION CUP,1,9.78,15,PRODUCTO,SOPORTES,SOPORTES
SOPO017,SOPORTE DE CELULAR PARA VEHICULO INALAMBRICO 15W ELECTRONICO COMPONENTES TRANSPARENTE,1,17.39,15,PRODUCTO,SOPORTES,SOPORTES
SOPO018,SOPORTE DE CELULAR PARA VEHICULO MAGNETICO CON VENTOSA MAGBUDDY,0,22.61,15,PRODUCTO,SOPORTES,SOPORTES
SOPO040,SOPORTE DE CELULAR PARA VEHICULO PARA REJILLA 1HORA PJ033,3,10,15,PRODUCTO,SOPORTES,SOPORTES
SOPO041,SOPORTE DE CELULAR PARA VEHICULO PARA REJILLA 1HORA PJ098,3,10.43,15,PRODUCTO,SOPORTES,SOPORTES
SOPO039,SOPORTE DE CELULAR Y TABLET PARA CABECERA DE VEHICULO KLIP XTREME,1,16.78,15,PRODUCTO,SOPORTES,SOPORTES
SOPO046,SOPORTE DE ESCRITORIO PARA DOS MONITORES KLIPXTREME,1,51.43,15,PRODUCTO,SOPORTES,SOPORTES
SOPO013,SOPORTE DE MESA PARA TABLET FOLDABLE METAL HOLDER,0,10.43,15,PRODUCTO,SOPORTES,SOPORTES
SOPO012,SOPORTE DE MESA PARA TABLET L3T L-363,3,12.96,15,PRODUCTO,SOPORTES,SOPORTES
SOPO044,SOPORTE DE MESA TIPO PRENSA PARA CELULARES Y TABLET METALICO,4,16.65,15,PRODUCTO,SOPORTES,SOPORTES
SOPO028,SOPORTE MAGNETICO CON VENTOSA PARA VEHICULO MODELO PZ-S003,4,10.43,15,PRODUCTO,SOPORTES,SOPORTES
SOPO027,SOPORTE MAGNETICO DE REJILLA PARA VEHICULO MODELO PZ-A003,2,10,15,PRODUCTO,SOPORTES,SOPORTES
SOPO019,SOPORTE MAGNETICO PARA CELULAR MODELO T6-01,7,12.17,15,PRODUCTO,SOPORTES,SOPORTES
SOPO061,SOPORTE MAGNETICO PARA VEHICULO KLIP XTREME,1,16.7,15,PRODUCTO,SOPORTES,
SOPO037,SOPORTE MAGNETICO PARA VEHICULO SCOSCHE,2,21.74,15,PRODUCTO,SOPORTES,SOPORTES
SOPO038,SOPORTE MAGNETICO REDONDO ERALDOM EH92,0,8.57,15,PRODUCTO,SOPORTES,SOPORTES
SOPO001,SOPORTE MAGNETICO VENDENS VD-HD019,5,10.43,15,PRODUCTO,SOPORTES,SOPORTES
SOPO058,SOPORTE MAGSAFE TIPO PINZA,1,12.04,15,PRODUCTO,SOPORTES,SOPORTES
SOPO011,SOPORTE PARA AUDIFONOS DE DIADEMA RCA,1,13.04,15,PRODUCTO,SOPORTES,SOPORTES
SOPO031,SOPORTE PARA CELULAR BY-556 360,2,7.96,15,PRODUCTO,SOPORTES,SOPORTES
SOPO030,SOPORTE PARA CELULAR BY-558 MAGNETICO,3,9.09,15,PRODUCTO,SOPORTES,SOPORTES
SOPO005,SOPORTE PARA CELULAR DE ESCRITORIO CON PRENSA L365,1,17.39,15,PRODUCTO,SOPORTES,SOPORTES
SOPO015,SOPORTE PARA CELULAR MAGNETICO CON MAGSAFE MODELO T6-02,3,10.35,15,PRODUCTO,SOPORTES,SOPORTES
SOPO050,SOPORTE PARA CELULAR MICROCELL L-309,5,7.09,15,PRODUCTO,SOPORTES,SOPORTES
SOPO032,SOPORTE PARA CELULAR TRIPODE CON MAGSAFE B11,1,13.04,15,PRODUCTO,SOPORTES,SOPORTES
SOPO007,SOPORTE PARA CELULAR Y TABLET DE CABECERA ASIENTO VEHICULO MEIDOU MD-E18,3,15.57,15,PRODUCTO,SOPORTES,SOPORTES
SOPO060,SOPORTE PARA CELULAR Y TABLET T8-02,3,9.43,15,PRODUCTO,SOPORTES,SOPORTES
SOPO049,SOPORTE PARA DOBLE MONITOR ENV ARM DUAL FLEX,0,29.48,15,PRODUCTO,SOPORTES,SOPORTES
SOPO025,SOPORTE PARA GUITARRA INSTRUMENTO MUSICAL,1,15.09,15,PRODUCTO,SOPORTES,SOPORTES
SOPO053,SOPORTE PARA LAPTOP 360 ALUMINIO HQ,1,25.48,15,PRODUCTO,SOPORTES,SOPORTES
SOPO026,SOPORTE PARA LAPTOP 360 DELTA,0,28.7,15,PRODUCTO,SOPORTES,SOPORTES
SOPO056,SOPORTE PARA LAPTOP 9 EN 1 KLIPXTREME DOCKSTAR,1,60.17,15,PRODUCTO,SOPORTES,COMPUTACION
SOPO006,SOPORTE PARA LAPTOP ALUMINIO OVI 360 GRADOS,2,30.43,15,PRODUCTO,SOPORTES,SOPORTES
SOPO045,SOPORTE PARA MICROFONO FLEXIBLE COLOR NEGRO,0,14.7,15,PRODUCTO,SOPORTES,SOPORTES
SOPO048,SOPORTE PARA MONITOR ENV ARM PRO LIFT,1,23.3,15,PRODUCTO,SOPORTES,SOPORTES
SOPO047,SOPORTE PARA TABLET FLEXIBLE UGREEN,1,28.61,15,PRODUCTO,SOPORTES,SOPORTES
SOPO042,SOPORTE PARA TABLET UGREEN,1,30.43,15,PRODUCTO,SOPORTES,SOPORTES
SOPO035,SOPORTE PARA TV 13 A 42 PULGADAS CON MOVIMIENTO,1,8.83,15,PRODUCTO,SOPORTES,SOPORTES
SOPO033,SOPORTE PARA TV DE 23-43 PULGADAS FIJO,4,5.52,15,PRODUCTO,SOPORTES,SOPORTES
SOPO034,SOPORTE PARA TV DE 32-55 PULGADAS FIJO CON MOVIMIENTO SOLO HACIA ADELANTE-ABAJO,2,8,15,PRODUCTO,SOPORTES,SOPORTES
SOPO029,SOPORTE PARA VEHICULO CON VENTOSA Y MAGSAFE RT-66S,3,11.74,15,PRODUCTO,SOPORTES,SOPORTES
SOPO002,SOPORTE PARA VEHICULO DE VENTOSA CAR MOBILE HOLDER,5,5.65,15,PRODUCTO,SOPORTES,SOPORTES
SOPO014,SOPORTE PARA VEHICULO MAGNETIC CAR HOLDER Q5,2,8.7,15,PRODUCTO,SOPORTES,SOPORTES
SOPO036,SOPORTE PARA VEHICULO MAGNETICO CON VENTOSA DASHMAG MARCA PREMIER,3,11.74,15,PRODUCTO,SOPORTES,SOPORTES
SOPO057,SOPORTE PORTABLE STAND VIAJERO MINI PARA ESCRITORIO,2,8.57,15,PRODUCTO,SOPORTES,SOPORTES
SOPO003,SOPORTES PARA VEHICULO MAGNETICO B076,0,10.43,15,PRODUCTO,SOPORTES,SOPORTES
STYL003,STYLUS PEN EARLDOM ET-P7 SOLO PARA IOS - IPAD,2,21.65,15,PRODUCTO,STYLUS,CONECTIVIDAD
STYL001,STYLUS PEN LAPIZ TACTIL BASICOS,4,1.35,15,PRODUCTO,STYLUS,CONECTIVIDAD
STYL004,STYLUS PEN LAPIZ TACTIL PUNTA REDONDA + ESFERO,2,8.26,15,PRODUCTO,STYLUS,CONECTIVIDAD
STYL002,STYLUS PEN LAPIZ TACTIL TARGUS,6,8.04,15,PRODUCTO,STYLUS,CONECTIVIDAD
STYL005,STYLUS PEN UNIVERSAL,17,16.43,15,PRODUCTO,STYLUS,CONECTIVIDAD
STYL007,STYLUS PEN UNIVERSAL HQ,0,21.3,15,PRODUCTO,STYLUS,CONECTIVIDAD
STYL008,STYLUS PENCIL CON PUERTO USB-C PARA IPHONE - IPAD,0,16.96,15,PRODUCTO,STYLUS,CONECTIVIDAD
STYL006,STYLUS PENCIL INALAMBRICO PARA IPHONE - IPAD,1,30.43,15,PRODUCTO,STYLUS,CONECTIVIDAD
SWIT001,SWITCH DE RED TPLINK 5 PUERTOS,1,15.65,15,PRODUCTO,SWITCH,CONECTIVIDAD
SWIT002,SWITCH DE RED TPLINK 8 PUERTOS,1,25.53,15,PRODUCTO,SWITCH,CONECTIVIDAD
TABL004,TABLET K2 EDICION MARIO BROS,1,69.48,15,PRODUCTO,TABLETS,TABLETS
TABL001,TABLET REDMI PAD 2 11 PULGADAS 128GB 4GB+4GB,4,187.74,15,PRODUCTO,TABLETS,TABLETS
TABL002,TABLET REDMI PAD 2 11 PULGADAS 256GB 8GB+8GB,1,231.22,15,PRODUCTO,TABLETS,TABLETS
TABL003,TABLET REDMI PAD 2 9.7 PULGADAS 128GB 4GB+4GB,2,170.35,15,PRODUCTO,TABLETS,TABLETS
TARJ013,TARJETA DE MEMORIA DE 128GB ADATA V10,1,25.52,15,PRODUCTO,,
TARJ019,TARJETA DE MEMORIA KINGSTON 128GB 150MBs,1,34.04,15,PRODUCTO,TARJETAS DE MEMORIA,
TARJ017,TARJETA DE MEMORIA KINGSTON 128GB 200MBs CANVAS GO PLUS,1,75.04,15,PRODUCTO,TARJETAS DE MEMORIA,CONECTIVIDAD
TARJ018,TARJETA DE MEMORIA KINGSTON 256GB 150MBs,1,52.09,15,PRODUCTO,TARJETAS DE MEMORIA,
TARJ016,TARJETA DE MEMORIA KINGSTON 256GB 200MBs CANVAS GO PLUS,1,86.22,15,PRODUCTO,TARJETAS DE MEMORIA,CONECTIVIDAD
TARJ015,TARJETA DE MEMORIA KINGSTON 512GB 150MBs V30,2,100.17,15,PRODUCTO,TARJETAS DE MEMORIA,
TARJ002,TARJETA DE MEMORIA MICROSD 256GB KINGSTON 80 MB/S,1,18.39,15,PRODUCTO,TARJETAS DE MEMORIA,ALMACENAMIENTO
TARJ006,TARJETA DE MEMORIA MICROSD 64GB ENV GAMING,1,15.22,15,PRODUCTO,TARJETAS DE MEMORIA,ALMACENAMIENTO
TARJ004,TARJETA DE MEMORIA MICROSD 64GB KINGSTON 80MB/S YAN TECH,4,13.83,15,PRODUCTO,TARJETAS DE MEMORIA,ALMACENAMIENTO
TARJ014,TARJETA DE MEMORIA MICROSD 64GB KINGSTON CANVAS GO PLUS,1,37.3,15,PRODUCTO,TARJETAS DE MEMORIA,
TARJ005,TARJETA DE MEMORIA MICROSD 64GB MONSTER,1,12.61,15,PRODUCTO,TARJETAS DE MEMORIA,ALMACENAMIENTO
TARJ001,TARJETA DE MEMORIA MICROSD DE 128GB KINGSTON,4,16.78,15,PRODUCTO,TARJETAS DE MEMORIA,ALMACENAMIENTO
TARJ009,TARJETA DE MEMORIA MICROSD ENV DE 128GB,0,17.3,15,PRODUCTO,TARJETAS DE MEMORIA,ALMACENAMIENTO
TARJ003,TARJETA DE MEMORIA MICROSD HP 64GB 100MB MODEL MX310,4,14.7,15,PRODUCTO,TARJETAS DE MEMORIA,ALMACENAMIENTO
TARJ010,TARJETA DE MEMORIA MICROSD KINGSTON 32GB 80MB/S,6,9.87,15,PRODUCTO,TARJETAS DE MEMORIA,ALMACENAMIENTO
TARJ012,TARJETA DE MEMORIA MICROSD KINGSTON 8GB 80MB/S,4,7.96,15,PRODUCTO,TARJETAS DE MEMORIA,ALMACENAMIENTO
TARJ008,TARJETA DE MEMORIA MICROSD MONSTER DE 128GB,1,16.83,15,PRODUCTO,TARJETAS DE MEMORIA,ALMACENAMIENTO
TARJ007,TARJETA DE MEMORIA MICROSD SANDISK 64GB 100MB,1,14.91,15,PRODUCTO,TARJETAS DE MEMORIA,ALMACENAMIENTO
TARJ011,TARJETA DE MEMORIA MICROSD SANDISK ULTRA 128GB 100MB/S,0,19.13,15,PRODUCTO,TARJETAS DE MEMORIA,ALMACENAMIENTO
TECL008,TECLADO BLUETOOTH CON TRACKPAD S/R,0,17.39,15,PRODUCTO,TECLADOS,COMPUTACION
TECL030,TECLADO BLUETOOTH FLEXIBLE AOAS,1,25.52,15,PRODUCTO,TECLADOS,CONECTIVIDAD
TECL029,TECLADO BLUETOOTH PORTATIL FLEXIBLE MEETION BTK001,1,25.35,15,PRODUCTO,TECLADOS,COMPUTACION
TECL009,TECLADO BLUETOOTH S/R,0,16.52,15,PRODUCTO,TECLADOS,COMPUTACION
TECL020,TECLADO CON TRACKPAD SENIMO,0,18.57,15,PRODUCTO,TECLADOS,COMPUTACION
TECL028,TECLADO ERGONOMICO KLIPXTREME KBK-530S,1,42.7,15,PRODUCTO,TECLADOS,COMPUTACION
TECL001,TECLADO FLEXIBLE S/R,1,7.39,15,PRODUCTO,TECLADOS,COMPUTACION
TECL014,TECLADO GAMING CORTO RCA 5RCA559,2,12.96,15,PRODUCTO,TECLADOS,COMPUTACION
TECL011,TECLADO GAMING RCA 5RCA552,1,19.57,15,PRODUCTO,TECLADOS,COMPUTACION
TECL010,TECLADO GAMING RCA 5RCA556,1,12.96,15,PRODUCTO,TECLADOS,COMPUTACION
TECL015,TECLADO GK70,1,15.65,15,PRODUCTO,TECLADOS,COMPUTACION
TECL023,TECLADO INALAMBRICO CON TRACKPAD RCA 5RCA55K,1,24.61,15,PRODUCTO,TECLADOS,COMPUTACION
TECL032,TECLADO INALAMBRICO KEY GLIDER KLIPXTREME,1,25.49,15,PRODUCTO,TECLADOS,CONECTIVIDAD
TECL012,TECLADO KIT MOUSE + AUDIFONOS + PADMOUSE KIT GAMING RCA 5RCA55C,1,28.7,15,PRODUCTO,TECLADOS,COMPUTACION
TECL024,TECLADO LOGITECH K250,0,24.48,15,PRODUCTO,TECLADOS,COMPUTACION
TECL006,TECLADO MARCA RGB RCA 5RCA55F MK510,0,19.57,15,PRODUCTO,TECLADOS,COMPUTACION
TECL027,TECLADO MINI BLUETOOTH MODELO M7,3,11.3,15,PRODUCTO,TECLADOS,COMPUTACION
TECL021,TECLADO MONSTER MT-303,1,21.17,15,PRODUCTO,TECLADOS,COMPUTACION
TECL018,TECLADO NUMERICO 198i CON FLECHAS MODELO K35,2,25.22,15,PRODUCTO,TECLADOS,COMPUTACION
TECL019,TECLADO NUMERICO ALAMBRICO ANDOWL,1,10.43,15,PRODUCTO,TECLADOS,COMPUTACION
TECL016,TECLADO NUMERICO ALAMBRICO MINI,2,7.22,15,PRODUCTO,TECLADOS,COMPUTACION
TECL017,TECLADO NUMERICO INALAMBRICO MINI,1,11.22,15,PRODUCTO,TECLADOS,COMPUTACION
TECL005,TECLADO PORTATIL BLUETOOTH MODEL HB023S,3,21.74,15,PRODUCTO,TECLADOS,COMPUTACION
TECL013,TECLADO PORTATIL FK1000 YELANDAR,3,22.61,15,PRODUCTO,TECLADOS,COMPUTACION
TECL033,TECLADO PORTATIL FLEXPLIT CON TRACKPAD,1,42.78,15,PRODUCTO,,
TECL031,TECLADO PORTATIL INALAMBRICO MONSTER,1,27.17,15,PRODUCTO,TECLADOS,
TECL025,TECLADO PRIMUS BALLISTA 91T,1,42.61,15,PRODUCTO,TECLADOS,COMPUTACION
TECL022,TECLADO Y MOUSE ALAMBRICO MONSTER MT-207,1,13.83,15,PRODUCTO,TECLADOS,COMPUTACION
TECL026,TECLADO Y MOUSE ENV CM-18,0,22.52,15,PRODUCTO,TECLADOS,COMPUTACION
TECL002,TECLADO Y MOUSE INALAMBRICO HP CS700,1,16.52,15,PRODUCTO,TECLADOS,COMPUTACION
TECL003,TECLADO Y MOUSE INALAMBRICO YELANDAR AN-030,0,16.52,15,PRODUCTO,TECLADOS,COMPUTACION
TECL004,TECLADO Y MOUSE KIT VARIOS COLORES,4,16.52,15,PRODUCTO,TECLADOS,COMPUTACION
TECL007,TECLADO Y MOUSE MODELO 8875,0,18.7,15,PRODUCTO,TECLADOS,COMPUTACION
TELF016,TELEFONO DIALN NOVA 64GB + 4GB,2,86.87,15,PRODUCTO,TELEFONOS,TELEFONOS
TELF023,TELEFONO HONOR X5C 128GB 4GB+4GB,1,126.87,15,PRODUCTO,TELEFONOS,TELEFONOS
TELF024,TELEFONO HONOR X5C PLUS 256GB 4GB+4GB,1,139.04,15,PRODUCTO,TELEFONOS,TELEFONOS
TELF034,TELEFONO HONOR X5D 128GB 4GB+4GB,1,130.35,15,PRODUCTO,TELEFONOS,TELEFONOS
TELF031,TELEFONO HONOR X7D 256B 6GB+6GB,0,199.91,15,PRODUCTO,TELEFONOS,TELEFONOS
TELF029,TELEFONO HONOR X7D 256GB 8GB+8GB,0,205.13,15,PRODUCTO,TELEFONOS,TELEFONOS
TELF028,TELEFONO HONOR X8D 256GB 8GB+8GB,0,274.7,15,PRODUCTO,TELEFONOS,TELEFONOS
TELF006,TELEFONO INFINIX HOT 60 PRO,0,199.91,15,PRODUCTO,TELEFONOS,TELEFONOS
TELF007,TELEFONO INFINIX HOT 60 PRO PLUS,0,231.22,15,PRODUCTO,TELEFONOS,TELEFONOS
TELF005,TELEFONO INFINIX HOT 70 256GB 4GB+4GB,0,187.74,15,PRODUCTO,TELEFONOS,TELEFONOS
TELF033,TELEFONO INFINIX NOTE50S 256GB,0,252.09,15,PRODUCTO,TELEFONOS,TELEFONOS
TELF008,TELEFONO INFINIX SMART 20 128GB 4GB+4GB,1,135.57,15,PRODUCTO,TELEFONOS,TELEFONOS
TELF009,TELEFONO NOTE 50s,0,252.09,15,PRODUCTO,TELEFONOS,TELEFONOS
TELF013,TELEFONO POCO C71 128GB 4GB+4GB,1,112.96,15,PRODUCTO,TELEFONOS,TELEFONOS
TELF020,TELEFONO REDMI 15 256GB 8GB+8GB,3,205.13,15,PRODUCTO,TELEFONOS,TELEFONOS
TELF017,TELEFONO REDMI 15C 128GB 4GB+4GB,1,139.04,15,PRODUCTO,TELEFONOS,TELEFONOS
TELF018,TELEFONO REDMI 15C 256GB 4GB+4GB,6,152.96,15,PRODUCTO,TELEFONOS,TELEFONOS
TELF019,TELEFONO REDMI 15C 256GB 8GB+8GB,3,161.65,15,PRODUCTO,TELEFONOS,TELEFONOS
TELF022,TELEFONO REDMI A7 PRO 128GB 4GB+4GB,2,126.87,15,PRODUCTO,TELEFONOS,TELEFONOS
TELF021,TELEFONO REDMI NOTE 15 PRO 4G 256GB 8GB+GB,0,266,15,PRODUCTO,TELEFONOS,TELEFONOS
TELF036,TELEFONO REDMI NOTE 15 PRO 512GB 12GB+12GB,2,344.26,15,PRODUCTO,TELEFONOS,TELEFONOS
TELF037,TELEFONO REDMI NOTE 17 256GB 6GB+6GB,3,234.7,15,PRODUCTO,TELEFONOS,
TELF010,TELEFONO SAMSUNG A07 6GB+128GB,1,144.26,15,PRODUCTO,TELEFONOS,TELEFONOS
TELF030,TELEFONO SAMSUNG A16 128GB,0,135.57,15,PRODUCTO,TELEFONOS,TELEFONOS
TELF011,TELEFONO SAMSUNG A17 4GB+128GB,2,161.65,15,PRODUCTO,TELEFONOS,TELEFONOS
TELF012,TELEFONO SAMSUNG A17 8GB+256GB,1,208.61,15,PRODUCTO,TELEFONOS,TELEFONOS
TELF032,TELEFONO SAMSUNG Z FLIP 8 12GB+256GB,0,1042.61,15,PRODUCTO,TELEFONOS,TELEFONOS
TELF014,TELEFONO TECNO SPARK 50 256GB 4GB+8GB,0,196.43,15,PRODUCTO,TELEFONOS,TELEFONOS
TELF015,TELEFONO TECNO SPARK GO 2 256GB 4GB+4GB,1,135.57,15,PRODUCTO,TELEFONOS,TELEFONOS
TELF026,TELEFONO TECNO SPARK GO 3 128GB 4GB+4GB,1,126.87,15,PRODUCTO,TELEFONOS,TELEFONOS
TELF025,TELEFONO TECNO SPARK GO 3 64GB 4GB+4GB,2,109.48,15,PRODUCTO,TELEFONOS,TELEFONOS
TELF027,TELEFONO ZTE A35E 64GB 2GB+4GB,2,92.09,15,PRODUCTO,TELEFONOS,TELEFONOS
TELF001,TELEFONO ZTE A56 PRO 128GB,15,116.43,15,PRODUCTO,TELEFONOS,TELEFONOS
TELF002,TELEFONO ZTE NUBIA V80 PRO,1,199.91,15,PRODUCTO,TELEFONOS,TELEFONOS
TELF003,TELEFONO ZTE V80 MAX 256GB 4GB+10GB,1,144.26,15,PRODUCTO,TELEFONOS,TELEFONOS
TELF004,TELEFONO ZTE V80 MAX 256GB 8GB+12GB,2,156.43,15,PRODUCTO,TELEFONOS,TELEFONOS
TELE001,TELEVISOR ENV 32 PULGADAS,1,121.65,15,PRODUCTO,,TV / STREAMING
TELE002,TELEVISOR ENV 40 PULGADAS FULLHD,1,173.83,15,PRODUCTO,,
TELE003,TELEVISOR HOUSE TV 43 PULGADAS FULLHD,1,199.91,15,PRODUCTO,,
TERM001,TERMO PARLANTE TOMATODO,1,12.17,15,PRODUCTO,TOMATODOS,GADGETS
TIMB001,TIMBRE PORTATIL ANDOWL,1,8.13,15,PRODUCTO,TIMBRES,SEGURIDAD
TOMA001,TOMATODO,3,7.96,15,PRODUCTO,TOMATODOS,GADGETS
TRIP005,TRIPODE ALUMINIUM P100 1.77M,0,23.39,15,PRODUCTO,TRIPODES,FOTOGRAFIA Y VIDEO
TRIP018,TRIPODE K28P,1,16.96,15,PRODUCTO,TRIPODES,FOTOGRAFIA Y VIDEO
TRIP017,TRIPODE K50,3,12.09,15,PRODUCTO,TRIPODES,FOTOGRAFIA Y VIDEO
TRIP002,TRIPODE N01,1,31.3,15,PRODUCTO,TRIPODES,FOTOGRAFIA Y VIDEO
TRIP011,TRIPODE P180,3,21.74,15,PRODUCTO,TRIPODES,FOTOGRAFIA Y VIDEO
TRIP014,TRIPODE PARA CELULARES Y TABLET,1,26.96,15,PRODUCTO,TRIPODES,FOTOGRAFIA Y VIDEO
TRIP008,TRIPODE SELFIE BD-17,0,12.09,15,PRODUCTO,TRIPODES,FOTOGRAFIA Y VIDEO
TRIP020,TRIPODE SELFIE C11,3,23.3,15,PRODUCTO,TRIPODES,FOTOGRAFIA Y VIDEO
TRIP022,TRIPODE SELFIE C18,1,10.87,15,PRODUCTO,TRIPODES,FOTOGRAFIA Y VIDEO
TRIP019,TRIPODE SELFIE F01 CON IA,5,34.13,15,PRODUCTO,TRIPODES,FOTOGRAFIA Y VIDEO
TRIP009,TRIPODE SELFIE JC-18,0,10.43,15,PRODUCTO,TRIPODES,FOTOGRAFIA Y VIDEO
TRIP025,TRIPODE SELFIE K10-L,1,9.39,15,PRODUCTO,TRIPODES,FOTOGRAFIA Y VIDEO
TRIP021,TRIPODE SELFIE K26,3,16.43,15,PRODUCTO,TRIPODES,FOTOGRAFIA Y VIDEO
TRIP007,TRIPODE SELFIE K28,0,19.13,15,PRODUCTO,TRIPODES,FOTOGRAFIA Y VIDEO
TRIP010,TRIPODE SELFIE K29,5,25.48,15,PRODUCTO,TRIPODES,FOTOGRAFIA Y VIDEO
TRIP015,TRIPODE SELFIE MINI JC-02,4,9.78,15,PRODUCTO,TRIPODES,FOTOGRAFIA Y VIDEO
TRIP023,TRIPODE SELFIE MINI K03,2,8.48,15,PRODUCTO,TRIPODES,FOTOGRAFIA Y VIDEO
TRIP026,TRIPODE SELFIE N08S,12,8.3,15,PRODUCTO,,
TRIP013,TRIPODE SELFIE P20S,1,7.83,15,PRODUCTO,TRIPODES,FOTOGRAFIA Y VIDEO
TRIP006,TRIPODE SELFIE P510,0,23.3,15,PRODUCTO,TRIPODES,FOTOGRAFIA Y VIDEO
TRIP004,TRIPODE SELFIE P86,0,11.74,15,PRODUCTO,TRIPODES,FOTOGRAFIA Y VIDEO
TRIP012,TRIPODE SELFIE Q07,1,6.3,15,PRODUCTO,TRIPODES,FOTOGRAFIA Y VIDEO
TRIP024,TRIPODE SELFIE S-05S,0,9.13,15,PRODUCTO,TRIPODES,FOTOGRAFIA Y VIDEO
TRIP001,TRIPODE SELFIE S01,0,8.09,15,PRODUCTO,TRIPODES,FOTOGRAFIA Y VIDEO
TRIP003,TRIPODE SELFIE YOURZ MODELO 801,0,8.7,15,PRODUCTO,TRIPODES,FOTOGRAFIA Y VIDEO
TRIP016,TRIPODE WT-3520,1,28.7,15,PRODUCTO,TRIPODES,FOTOGRAFIA Y VIDEO
TVBO006,TV BOX ANDOWL MXQ PRO,1,42.61,15,PRODUCTO,TV BOX - STICK,TV / STREAMING
TVBO005,TV BOX CONSOLA DE VIDEO JUEGOS,1,60,15,PRODUCTO,TV BOX - STICK,TV / STREAMING
TVBO008,TV BOX ONN 4K,1,74.04,15,PRODUCTO,TV BOX - STICK,TV / STREAMING
TVBO001,TV STICK ANDROID,1,33.91,15,PRODUCTO,TV BOX - STICK,TV / STREAMING
TVBO003,TV STICK EXPRESS 8K+,0,45.22,15,PRODUCTO,TV BOX - STICK,TV / STREAMING
TVBO009,TV STICK ONN FULL HD,0,51.52,15,PRODUCTO,TV BOX - STICK,TV / STREAMING
TVBO002,TV STICK TV98 5G 8K,2,41.65,15,PRODUCTO,TV BOX - STICK,TV / STREAMING
TVBO004,TV STICK TV98 5G ATV X8 REDONDO,1,42.61,15,PRODUCTO,TV BOX - STICK,TV / STREAMING
UPS001,UPS MINI NEGRO DC,1,60,15,PRODUCTO,UPS,ENERGIA Y CARGA
UPS002,UPS MINI OLAX,1,56.52,15,PRODUCTO,UPS,ENERGIA Y CARGA
VENT001,VENTILADOR MINI PORTATIL,1,7.74,15,PRODUCTO,VENTILADORES,COMPUTACION
VENT008,VENTILADOR PARA CELULAR F5,3,5.65,15,PRODUCTO,VENTILADORES,COMPUTACION
VENT003,VENTILADOR PARA LAPTOP 878,1,8.22,15,PRODUCTO,VENTILADORES,COMPUTACION
VENT007,VENTILADOR PARA LAPTOP GAMER DCX-AA4,0,23.39,15,PRODUCTO,VENTILADORES,COMPUTACION
VENT002,VENTILADOR PARA LAPTOP N99,0,12.04,15,PRODUCTO,VENTILADORES,COMPUTACION
VENT004,VENTILADOR PARA LAPTOP NCP-063,0,6.26,15,PRODUCTO,VENTILADORES,COMPUTACION
VENT006,VENTILADOR PARA LAPTOP NCP-075,1,13.04,15,PRODUCTO,VENTILADORES,COMPUTACION
VENT005,VENTILADOR PARA LAPTOP NCP-222,0,8.83,15,PRODUCTO,VENTILADORES,COMPUTACION
VENT009,VENTILADOR SOPORTE LAPTOP VENTILADO COOLING STATION KLIP XTREME,1,32.59,15,PRODUCTO,SOPORTES,CONECTIVIDAD
WEBC003,WEBCAM FULLHD 1080 X13,1,14.22,15,PRODUCTO,WEBCAMS,CAMARAS
WEBC001,WEBCAM FULLHD 1080P X7,3,13.04,15,PRODUCTO,WEBCAMS,CAMARAS
WEBC004,WEBCAM GENIUS FACECAM 2010 FHD,1,31.57,15,PRODUCTO,WEBCAMS,CAMARAS
WEBC002,WEBCAM KLIPXTREME 2K,1,46.26,15,PRODUCTO,WEBCAMS,CAMARAS